M,gamma,Q,theta_index,xi,theta_deg,root_index,t,beta_deg,u,u_cj,R,D,D_minus_R2,cubic_rel_residual,geometry_ok,cj_ok,high_compression_ok,accepted
5.0,1.2,2.0,0,0.0,6.113892974867445,0,0.37962948147689113,20.78823826975871,3.1491173721063546,3.1491173721063537,8.881784197001252e-16,3.552713678800501e-15,3.5527136788005e-15,1.1558377919938697e-16,True,True,True,True
5.0,1.2,2.0,1,0.05,8.200465293042985,0,-0.11092370200849544,-6.32958472540829,0.3038629414880924,3.1491173721063537,-0.19733513807364989,0.038941156717742176,-8.042871924018868e-13,1.291189377639057e-13,False,False,False,False
5.0,1.2,2.0,1,0.05,8.200465293042985,1,0.3889257866864977,21.252341850294382,3.284723655599036,3.1491173721063537,0.6343244340031173,0.402367487575237,1.8618440122963875e-12,5.489620957847053e-14,True,True,True,True
5.0,1.2,2.0,1,0.05,8.200465293042985,2,41.96012009988988,88.63477664947202,24.985808772357846,3.1491173721063537,23.20933367414915,538.6731695979937,0.0,1.493654604437314e-17,True,True,True,True
5.0,1.2,2.0,2,0.1,10.287037611218523,0,-0.10550016374094717,-6.022436244846783,0.27519412481862143,3.1491173721063537,-0.3488918270232544,0.12172550696346623,-1.5822065879689262e-13,2.653433028854124e-14,False,False,False,False
5.0,1.2,2.0,2,0.1,10.287037611218523,1,0.40994968891123484,22.29116133677455,3.596966929252814,3.1491173721063537,1.2118934505125711,1.4686857353953293,6.350475700855895e-14,1.4039289757887798e-15,True,True,True,True
5.0,1.2,2.0,2,0.1,10.287037611218523,2,33.2330365717663,88.27645914520195,24.97738446282475,3.1491173721063537,23.200893699725594,538.2814684659668,0.0,4.373520797341276e-17,True,True,True,True
5.0,1.2,2.0,3,0.15000000000000002,12.373609929394062,0,-0.0990874759528122,-5.65882235870037,0.24307164020303496,3.1491173721063537,-0.46522625631766523,0.2164354695671391,-2.1083135237631723e-13,3.735900477863652e-14,False,False,False,False
5.0,1.2,2.0,3,0.15000000000000002,12.373609929394062,1,0.4378645642760919,23.646907601571957,4.022012545957776,3.1491173721063537,1.7982235939545088,3.2336080938547953,1.2523315717771766e-13,1.8665425199415605e-15,True,True,True,True
5.0,1.2,2.0,3,0.15000000000000002,12.373609929394062,2,27.40721756065152,87.9103907917584,24.966762195414983,3.1491173721063537,23.19025166411447,537.7877722449641,1.1368683772161603e-13,2.953787730664551e-17,True,True,True,True
5.0,1.2,2.0,4,0.2,14.4601822475696,0,-0.09251379020087125,-5.285604508713307,0.2121542483601987,3.1491173721063537,-0.5563644166504409,0.3095413641152588,4.733990977001667e-13,8.664324550447772e-14,False,False,False,False
5.0,1.2,2.0,4,0.2,14.4601822475696,1,0.4707964268538287,25.210888686026188,4.535861477932372,3.1491173721063537,2.4186193493038495,5.849719556825284,-1.6919798895287386e-12,1.8792453328576917e-14,True,True,True,True
5.0,1.2,2.0,4,0.2,14.4601822475696,2,23.22589056066137,87.53462997079953,24.953741566431674,3.1491173721063537,23.17720677880095,537.1829140672968,0.0,4.0352205150552713e-17,True,True,True,True
5.0,1.2,2.0,5,0.25,16.54675456574514,0,-0.08614811823926871,-4.923767024845423,0.18417063485507798,3.1491173721063537,-0.6288565988461425,0.39546062191198544,-3.527733660746435e-13,5.997643804531722e-14,False,False,False,False
5.0,1.2,2.0,5,0.25,16.54675456574514,1,0.5079392093788222,26.9278008885098,5.1272214017946975,3.1491173721063537,3.084482416354284,9.514031776799968,1.20614629395277e-12,9.916221915295534e-15,True,True,True,True
5.0,1.2,2.0,5,0.25,16.54675456574514,2,20.06602197372205,87.14699718063743,24.938064424757822,3.1491173721063537,23.161500395718708,536.4551005808779,0.0,8.445150889325542e-17,True,True,True,True
5.0,1.2,2.0,6,0.30000000000000004,18.63332688392068,0,-0.0801488322369055,-4.582394389950563,0.15957082601704559,3.1491173721063537,-0.6872292084812583,0.47228398499000424,2.2737367544323206e-13,3.6465813950626866e-14,False,False,False,False
5.0,1.2,2.0,6,0.30000000000000004,18.63332688392068,1,0.5489767242929675,28.765761334887266,5.789556066384836,3.1491173721063537,3.801118048111671,14.448498415679362,-9.166001291305292e-13,5.993320439845719e-15,True,True,True,True
5.0,1.2,2.0,6,0.30000000000000004,18.63332688392068,2,17.58345567396365,86.74500121040991,24.91940109557486,3.1491173721063537,23.142802203510513,535.5892938308112,2.2737367544323206e-13,4.504785147318099e-17,True,True,True,True
5.0,1.2,2.0,7,0.35000000000000003,20.71989920209622,0,-0.07457200535155639,-4.264767431186388,0.13825576147879,3.1491173721063537,-0.7347298930825417,0.5398280157889412,-1.41886502547095e-13,2.1719271886378704e-14,False,False,False,False
5.0,1.2,2.0,7,0.35000000000000003,20.71989920209622,1,0.593873232241175,30.704942588852333,6.518245332729486,3.1491173721063537,4.570660608437269,20.89093839752084,6.963318810448982e-13,3.281233092237387e-15,True,True,True,True
5.0,1.2,2.0,7,0.35000000000000003,20.71989920209622,2,15.572457490379245,86.32574259927706,24.89733119938999,3.1491173721063537,23.120691008147503,534.5663526942328,0.0,1.2780950486176496e-16,True,True,True,True
5.0,1.2,2.0,8,0.4,22.806471520271757,0,-0.06942302839294623,-3.9712747786618823,0.11991100387851453,3.1491173721063537,-0.773748776244086,0.5986871687389695,-2.511324481702104e-13,3.716196038045547e-14,False,False,False,False
5.0,1.2,2.0,8,0.4,22.806471520271757,1,0.642793739109333,32.732655720130424,7.30944894886289,3.1491173721063537,5.393386775793816,29.08862091330812,5.009326287108706e-13,1.8143289639726907e-15,True,True,True,True
5.0,1.2,2.0,8,0.4,22.806471520271757,2,13.902349563621128,85.88578395281507,24.871316647097135,3.1491173721063537,23.094627673629372,533.3618273835677,1.1368683772161603e-13,3.921116455306652e-17,True,True,True,True
5.0,1.2,2.0,9,0.45,24.893043838447294,0,-0.06468266746246876,-3.7008882817476128,0.10416039554413006,3.1491173721063537,-0.8060769298150012,0.6497600167802589,2.8044233602031454e-13,4.013471293993827e-14,False,False,False,False
5.0,1.2,2.0,9,0.45,24.893043838447294,1,0.6960808219876062,34.84103627069153,8.159636329546844,3.1491173721063537,6.268406955096273,39.2929257546983,-1.0231815394945443e-12,3.5076402667555515e-15,True,True,True,True
5.0,1.2,2.0,9,0.45,24.893043838447294,2,12.485997013610096,85.4209709112959,24.84066296588477,3.1491173721063537,23.06391636957924,531.9442383029453,1.1368683772161603e-13,6.956926699266521e-17,True,True,True,True
5.0,1.2,2.0,10,0.5,26.979616156622836,0,-0.06032066018356019,-3.4519365824048545,0.09063476908108421,3.1491173721063537,-0.8330751037884787,0.6940141285519561,-2.284838984678572e-13,3.194949768203159e-14,False,False,False,False
5.0,1.2,2.0,10,0.5,26.979616156622836,1,0.7542641293594845,37.025940507497296,9.065414678410654,3.1491173721063537,7.1940928828022015,51.75497240638642,1.1297629498585593e-12,2.990020071296958e-15,True,True,True,True
5.0,1.2,2.0,10,0.5,26.979616156622836,2,11.262895480084632,84.92617767452435,24.804462654348818,3.1491173721063537,23.027647810894102,530.2725637025759,0.0,5.4965267286698104e-17,True,True,True,True
5.0,1.2,2.0,11,0.55,29.066188474798377,0,-0.05630289016204415,-3.222515712875075,0.07899995493802005,3.1491173721063537,-0.8557888071414363,0.7323744824284064,-1.56097357262297e-13,2.1372715358910067e-14,False,False,False,False
5.0,1.2,2.0,11,0.55,29.066188474798377,1,0.8180975346366837,39.28651406943686,10.023515263217986,3.1491173721063537,8.168394700682706,66.72267198614158,2.7000623958883807e-13,4.029020943079951e-16,True,True,True,True
5.0,1.2,2.0,11,0.55,29.066188474798377,2,10.18951084896698,84.39493335155835,24.7615098479727,3.1491173721063537,22.9846137480042,528.2924691449437,0.0,4.951143098485801e-17,True,True,True,True
5.0,1.2,2.0,12,0.6000000000000001,31.152760792973915,0,-0.05259512927812704,-3.010704857082266,0.06896541517871109,3.1491173721063537,-0.8750292123910934,0.7656761225379067,1.2945200467129325e-13,1.7264150779127896e-14,False,False,False,False
5.0,1.2,2.0,12,0.6000000000000001,31.152760792973915,1,0.8886299124654324,41.62524931373889,11.030890561434534,3.1491173721063537,9.189130860172382,84.44012596537243,1.4210854715202004e-14,5.98067187266144e-17,True,True,True,True
5.0,1.2,2.0,12,0.6000000000000001,31.152760792973915,2,9.23345200886135,83.81885237537261,24.710167227017575,3.1491173721063537,22.93317359925382,525.9304513335125,0.0,4.449994017610747e-17,True,True,True,True
5.0,1.2,2.0,13,0.65,33.23933311114945,0,-0.04916490691069475,-2.8146752596300666,0.060283984061254396,3.1491173721063537,-0.891431254026561,0.7946496806552825,-8.459899447643693e-14,1.1265494136699342e-14,False,False,False,False
5.0,1.2,2.0,13,0.65,33.23933311114945,1,0.9673276089464475,44.04854787275205,12.08492700898395,3.1491173721063537,10.254318464984648,105.1510471813254,2.984279490192421e-13,3.9182850458554576e-16,True,True,True,True
5.0,1.2,2.0,13,0.65,33.23933311114945,2,8.36975953067532,83.18672660577748,24.648149351588206,3.1491173721063537,22.871037333405443,523.0843487060256,0.0,3.124734846434933e-17,True,True,True,True
5.0,1.2,2.0,14,0.7000000000000001,35.32590542932499,0,-0.04598234963555159,-2.632740076704239,0.05274788306693145,3.1491173721063537,-0.905496002864095,0.8199230112026803,-1.7286172493413687e-13,2.255791533379586e-14,False,False,False,False
5.0,1.2,2.0,14,0.7000000000000001,35.32590542932499,1,1.0562882106361888,46.5680057462954,13.18383002056881,3.1491173721063537,11.362633054884142,129.10942993994618,4.547473508864641e-13,5.024366313700141e-16,True,True,True,True
5.0,1.2,2.0,14,0.7000000000000001,35.32590542932499,2,7.578374496979841,82.48299659130119,24.5721504881429,3.1491173721063537,22.794892510963486,519.6071245863793,1.1368683772161603e-13,1.7242473993631545e-17,True,True,True,True
5.0,1.2,2.0,15,0.75,37.412477747500525,0,-0.043020459048225046,-2.463371782245566,0.04618352280610142,3.1491173721063537,-0.9176219476003118,0.8420300387176302,-1.5920598173124745e-13,2.0538105500505966e-14,False,False,False,False
5.0,1.2,2.0,15,0.75,37.412477747500525,1,1.1586336002112234,49.20299529737046,14.327330771605434,3.1491173721063537,12.514165055278735,156.6043270307598,3.979039320256561e-13,4.3094105066824503e-16,True,True,True,True
5.0,1.2,2.0,15,0.75,37.412477747500525,2,6.842203174127654,81.68499156782617,24.47715965988789,3.1491173721063537,22.699717873313574,515.2771915280316,-1.1368683772161603e-13,1.1307452789375684e-16,True,True,True,True
5.0,1.2,2.0,16,0.8,39.49905006567607,0,-0.040255090667810745,-2.3052021646934047,0.04044626606205165,3.1491173721063537,-0.9281283198406127,0.8614221780899164,-2.4236168627567167e-13,3.1044978259638427e-14,False,False,False,False
5.0,1.2,2.0,16,0.8,39.49905006567607,1,1.2792970516565993,51.98599704796512,15.518094884874255,3.1491173721063537,13.711863716810939,188.01520658839644,1.4210854715202004e-13,1.4989590795795274e-16,True,True,True,True
5.0,1.2,2.0,16,0.8,39.49905006567607,2,6.145276195403625,80.75746410855925,24.3550786955929,3.1491173721063537,22.577398406159816,509.7389187904679,1.1368683772161603e-13,5.464329477243929e-17,True,True,True,True
5.0,1.2,2.0,17,0.8500000000000001,41.585622383851614,0,-0.03766478252617089,-2.157013455078699,0.03541565415221915,3.1491173721063537,-0.9372726395406454,0.8784800008313365,-1.5221157667610896e-13,1.9392150629835575e-14,False,False,False,False
5.0,1.2,2.0,17,0.8500000000000001,41.585622383851614,1,1.4268129265153089,54.97481829790618,16.76492518371224,3.1491173721063537,14.96476892945336,223.94430911193314,4.831690603168681e-13,1.7646485540785258e-16,True,True,True,True
5.0,1.2,2.0,17,0.8500000000000001,41.585622383851614,2,5.470222138794503,79.64026924001523,24.191548911462633,3.1491173721063537,22.41354506786655,502.3670025092851,1.1368683772161603e-13,6.361154147766507e-17,True,True,True,True
5.0,1.2,2.0,18,0.9,43.67219470202715,0,-0.035230517054298804,-2.0177254203096986,0.030991267267516057,3.1491173721063537,-0.9452640189136796,0.8935240654527908,-5.040412531798211e-14,6.396012586311916e-15,False,False,False,False
5.0,1.2,2.0,18,0.9,43.67219470202715,1,1.618278674518214,58.28640004851279,18.091681968369937,3.1491173721063537,16.29696676136266,265.5911256209594,5.684341886080802e-14,4.186835458366447e-17,True,True,True,True
5.0,1.2,2.0,18,0.9,43.67219470202715,2,4.792779804673657,78.21447795842084,23.95706174199074,3.1491173721063537,22.178585616249784,491.8896599373218,5.684341886080802e-14,8.114588177739859e-17,True,True,True,True
5.0,1.2,2.0,19,0.9500000000000001,45.75876702020268,0,-0.032935462556044515,-1.8863811173268812,0.027089232443363732,3.1491173721063537,-0.9522733259823091,0.9068244873773764,-3.26405569239796e-14,4.108561315023683e-15,False,False,False,False
5.0,1.2,2.0,19,0.9500000000000001,45.75876702020268,1,1.8991247843756325,62.23057778158984,19.57309224340002,3.1491173721063537,17.78349103873756,316.25255352485925,2.2737367544323206e-13,1.0406565127956549e-16,True,True,True,True
5.0,1.2,2.0,19,0.9500000000000001,45.75876702020268,2,4.06164621372215,76.16855376333814,23.571181178834102,3.1491173721063537,21.791905700943136,474.8871540787981,1.7053025658242404e-13,8.566926608047826e-17,True,True,True,True
5.0,1.2,2.0,20,1.0,47.845339338378224,0,-0.03076471904084843,-1.7621327651351577,0.02363932457877675,3.1491173721063537,-0.9584410045102376,0.9186091591267814,1.8807178037150152e-13,2.3519083656273394e-14,False,False,False,False
5.0,1.2,2.0,20,1.0,47.845339338378224,1,2.770654580751941,70.15419210167491,22.118662736895132,3.1491173721063537,20.336106078777142,413.5572104472768,1.7053025658242404e-13,1.1222586954019083e-16,True,True,True,True
5.0,1.2,5.0,0,0.0,9.506333054362042,0,0.5301148906802626,27.928728631640507,5.484328953431143,5.4843289534311435,1.7763568394002505e-15,-7.105427357601002e-15,-7.105427357601005e-15,2.6409206362307867e-17,True,True,True,True
5.0,1.2,5.0,1,0.05,11.257208840478485,0,-0.0850044384825619,-4.858715401074529,0.17934793984889025,5.4843289534311435,-0.1259392355500879,0.015860691050996523,5.599687380453133e-14,1.1712852909795402e-14,False,False,False,False
5.0,1.2,5.0,1,0.05,11.257208840478485,1,0.5360896148446077,28.195296858794517,5.5808964629528335,5.4843289534311435,0.7220286514166405,0.5213253734667269,1.942890293094024e-13,1.9335910899806584e-15,True,True,True,True
5.0,1.2,5.0,1,0.05,11.257208840478485,2,25.442022520049512,87.74914507611523,24.96143739844683,5.4843289534311435,21.96873259290837,482.6252117387147,1.7053025658242404e-13,2.6333512986138026e-18,True,True,True,True
5.0,1.2,5.0,2,0.1,13.008084626594927,0,-0.08297858856961504,-4.743455896196626,0.1709590248636992,5.4843289534311435,-0.2458844863387164,0.06045918062138489,-6.695199950002007e-13,1.421640583032513e-13,False,False,False,False
5.0,1.2,5.0,2,0.1,13.008084626594927,1,0.5511778930038291,28.86258240219252,5.825236856024348,5.4843289534311435,1.3869783384434973,1.9237089113131276,1.6431300764452317e-12,1.4316917833397242e-14,True,True,True,True
5.0,1.2,5.0,2,0.1,13.008084626594927,2,21.84119855917087,87.37854157387949,24.947702897302182,5.4843289534311435,21.954898392705307,482.01756343401394,-1.1368683772161603e-13,5.3594753801540726e-17,True,True,True,True
5.0,1.2,5.0,3,0.15000000000000002,14.758960412711373,0,-0.08019409745445039,-4.584971332668228,0.15974996474077374,5.4843289534311435,-0.3468000159128142,0.12027025103696065,-1.675187766281283e-13,3.476752555148799e-14,False,False,False,False
5.0,1.2,5.0,3,0.15000000000000002,14.758960412711373,1,0.5727682926321034,29.802713411970007,6.175599149329959,5.4843289534311435,2.035426983952484,4.142963007001814,-9.14823772291129e-14,7.046029192457809e-16,True,True,True,True
5.0,1.2,5.0,3,0.15000000000000002,14.758960412711373,2,19.0706780433768,86.99835776308372,24.93144877065405,5.4843289534311435,21.93852611511025,481.2989281033744,0.0,6.087298242443646e-17,True,True,True,True
5.0,1.2,5.0,4,0.2,16.509836198827813,0,-0.07700423958819602,-4.403328249881156,0.1473674848279863,5.4843289534311435,-0.4320124553291722,0.18663476155927095,-2.690625500179067e-13,5.1315934678286357e-14,False,False,False,False
5.0,1.2,5.0,4,0.2,16.509836198827813,1,0.5994897353087536,30.942254624081496,6.609370501257069,5.4843289534311435,2.688992174730836,7.230678915763729,5.861977570020827e-14,3.5000632226185873e-16,True,True,True,True
5.0,1.2,5.0,4,0.2,16.509836198827813,2,16.86564524856449,86.60678392332025,24.91241898438807,5.4843289534311435,21.919357778202205,480.45824540883336,-1.1368683772161603e-13,8.844299995121501e-20,True,True,True,True
5.0,1.2,5.0,5,0.25,18.260711984944255,0,-0.07362947778789408,-4.211059489608194,0.13480169952938298,5.4843289534311435,-0.5042769089132844,0.2542952008628397,-2.972067036921544e-13,5.3247041850251244e-14,False,False,False,False
5.0,1.2,5.0,5,0.25,18.260711984944255,1,0.6306148004776375,32.23613762125563,7.113152539365983,5.4843289534311435,3.3599218232791106,11.289074658548166,9.43245481721533e-13,4.669354294738401e-15,True,True,True,True
5.0,1.2,5.0,5,0.25,18.260711984944255,2,15.062725431930094,86.20176145929761,24.890295879552365,5.4843289534311435,21.897073297304626,479.48181898753137,5.684341886080802e-14,4.988564414468793e-17,True,True,True,True
5.0,1.2,5.0,6,0.30000000000000004,20.0115877710607,0,-0.07020724121029343,-4.015988917532602,0.12262200713094049,5.4843289534311435,-0.565842837035357,0.32017811622415765,-6.389333506717776e-14,1.0821799673704033e-14,False,False,False,False
5.0,1.2,5.0,6,0.30000000000000004,20.0115877710607,1,0.6657920762018108,33.65536174545224,7.678332835858857,5.4843289534311435,4.055396700902985,16.446242401694793,-2.4868995751603507e-14,2.1554521437484476e-16,True,True,True,True
5.0,1.2,5.0,6,0.30000000000000004,20.0115877710607,2,13.55558547713908,85.78091393003733,24.86468485741863,5.4843289534311435,21.871275047423225,478.3526722000378,0.0,6.351073579787332e-17,True,True,True,True
5.0,1.2,5.0,7,0.35000000000000003,21.762463557177142,0,-0.06682227470928925,-3.8229509767177534,0.11113417180683806,5.4843289534311435,-0.6185390021961379,0.3825904972377762,-1.765254609153999e-14,2.850564093284806e-15,False,False,False,False
5.0,1.2,5.0,7,0.35000000000000003,21.762463557177142,1,0.7049193423381102,35.18074948565866,8.298943399423866,5.4843289534311435,4.779656432921997,22.845115616772382,-2.4513724383723456e-13,7.893781409748296e-16,True,True,True,True
5.0,1.2,5.0,7,0.35000000000000003,21.762463557177142,2,12.27196010335782,85.34145596587724,24.83509344125692,5.4843289534311435,21.84146675635224,477.04967006883993,-1.1368683772161603e-13,1.2795468300615183e-16,True,True,True,True
5.0,1.2,5.0,8,0.4,23.513339343293588,0,-0.06352552327455863,-3.6348601424857,0.1004818091349702,5.4843289534311435,-0.6638521488521298,0.44069967553553885,-5.1514348342607263e-14,7.97410432883591e-15,False,False,False,False
5.0,1.2,5.0,8,0.4,23.513339343293588,1,0.7480847691056045,36.79960288423895,8.9705655652128,5.4843289534311435,5.535146040552315,30.63784169024244,4.654054919228656e-13,1.2402893104845886e-15,True,True,True,True
5.0,1.2,5.0,8,0.4,23.513339343293588,2,11.160932988139486,84.8800702134162,24.80090219207084,5.4843289534311435,21.80702418455109,475.54630378559614,5.684341886080802e-14,1.2320666209607444e-16,True,True,True,True
5.0,1.2,5.0,9,0.45,25.264215129410026,0,-0.060346103557685105,-3.453389093050061,0.09071096756893592,5.4843289534311435,-0.7029933594375619,0.49419966341332233,1.3211653993039363e-14,2.1760594173944226e-15,False,False,False,False
5.0,1.2,5.0,9,0.45,25.264215129410026,1,0.7955461162077269,38.50386694359771,9.689755874073901,5.4843289534311435,6.323191621277806,39.98275227939757,-2.7000623958883807e-13,7.572794047893916e-16,True,True,True,True
5.0,1.2,5.0,9,0.45,25.264215129410026,2,10.185493967358418,84.39273695015773,24.761323499063078,5.4843289534311435,21.767153578972206,473.80897493056267,1.7053025658242404e-13,1.2077463217431795e-16,True,True,True,True
5.0,1.2,5.0,10,0.5,27.01509091552647,0,-0.05729901169857321,-3.279405721190598,0.08181081916214362,5.4843289534311435,-0.7369520799979896,0.5430983682131671,-1.9617640845126516e-13,2.885210478430424e-14,False,False,False,False
5.0,1.2,5.0,10,0.5,27.01509091552647,1,0.8477362048416053,40.289151440187695,10.453755602989514,5.4843289534311435,7.144442440813248,51.04305779009407,5.115907697472721e-13,1.06501633452278e-15,True,True,True,True
5.0,1.2,5.0,10,0.5,27.01509091552647,2,9.31797267601831,83.87449162085971,24.71534176313228,5.4843289534311435,21.72083136401584,471.7945151440144,1.7053025658242404e-13,5.1038640405844263e-17,True,True,True,True
5.0,1.2,5.0,11,0.55,28.765966701642913,0,-0.05439014637106565,-3.113258280683923,0.07373905918110003,5.4843289534311435,-0.7665394837555133,0.5875827801560136,-1.5520917884259688e-13,2.254900981318302e-14,False,False,False,False
5.0,1.2,5.0,11,0.55,28.765966701642913,1,0.9052926388755358,42.154311421482184,11.260375053240997,5.4843289534311435,7.99920335854053,63.98725437128654,4.405364961712621e-13,6.132168293393815e-16,True,True,True,True
5.0,1.2,5.0,11,0.55,28.765966701642913,2,8.537113674282987,83.31906882999898,24.66162400663943,5.4843289534311435,21.66671400883309,469.44649594056415,1.1368683772161603e-13,3.186869657410901e-17,True,True,True,True
5.0,1.2,5.0,12,0.6000000000000001,30.516842487759362,0,-0.05161961093877876,-2.954963126494274,0.06643757731574666,5.4843289534311435,-0.7924230857885131,0.6279343468903549,-2.3425705819590803e-13,3.296157156102223e-14,False,False,False,False
5.0,1.2,5.0,12,0.6000000000000001,30.516842487759362,1,0.9691174149912138,44.10147728509214,12.108009781201476,5.4843289534311435,8.887735675348475,78.99184543486226,2.4158453015843406e-13,2.33473108482691e-16,True,True,True,True
5.0,1.2,5.0,12,0.6000000000000001,30.516842487759362,2,7.826118313560423,82.71836005490817,24.598381495792264,5.4843289534311435,21.602998489477773,466.68954373637905,1.1368683772161603e-13,5.2600134897503556e-17,True,True,True,True
5.0,1.2,5.0,13,0.65,32.2677182738758,0,-0.04898389621681254,-2.804329027650148,0.05984196607925196,5.4843289534311435,-0.815154332905998,0.664476586455136,-2.866595849582154e-13,3.965173617920692e-14,False,False,False,False
5.0,1.2,5.0,13,0.65,32.2677182738758,1,1.0404820523431004,46.13656794944786,12.995791235565155,5.4843289534311435,9.810594927773526,96.24777283685623,5.968558980384842e-13,8.509005196758438e-16,True,True,True,True
5.0,1.2,5.0,13,0.65,32.2677182738758,2,7.171259112743254,82.06155028465766,24.52314608160426,5.4843289534311435,21.52719673522956,463.42019927727824,5.684341886080802e-14,6.445452023201886e-17,True,True,True,True
5.0,1.2,5.0,14,0.7000000000000001,34.01859405999224,0,-0.0464773264380276,-2.661039676025191,0.05388714294678811,5.4843289534311435,-0.8351906054767213,0.6975433474765017,-7.061018436615996e-14,9.704447725915469e-15,False,False,False,False
5.0,1.2,5.0,14,0.7000000000000001,34.01859405999224,1,1.1212124258171074,48.27049565542803,13.923925239580193,5.4843289534311435,10.769097039823267,115.97345105313056,3.126388037344441e-13,4.3353202144096744e-16,True,True,True,True
5.0,1.2,5.0,14,0.7000000000000001,34.01859405999224,2,6.56080977642816,81.33366636041211,24.432388694681222,5.4843289534311435,21.435750855167008,459.49141472479323,1.1368683772161603e-13,2.4980620922933557e-17,True,True,True,True
5.0,1.2,5.0,15,0.75,35.76946984610869,0,-0.044093015762419085,-2.5247083822760414,0.04851053707860532,5.4843289534311435,-0.8529127908306207,0.7274602287622245,-2.5357493882438575e-13,3.413519571874748e-14,False,False,False,False
5.0,1.2,5.0,15,0.75,35.76946984610869,1,1.2140293728635716,50.52160392619508,14.894365063023042,5.4843289534311435,11.766082976369143,138.44070860680415,3.979039320256561e-13,4.3072944080494154e-16,True,True,True,True
5.0,1.2,5.0,15,0.75,35.76946984610869,2,5.984079316581605,80.51296025059177,24.32082206560656,5.4843289534311435,21.323329811307406,454.68439424179104,-1.1368683772161603e-13,4.0852279736272364e-17,True,True,True,True
5.0,1.2,5.0,16,0.8,37.52034563222513,0,-0.04182349740046121,-2.3949141377405354,0.043653763990764115,5.4843289534311435,-0.8686393508411003,0.7545343218295646,-8.359979375427429e-14,1.106042734516865e-14,False,False,False,False
5.0,1.2,5.0,16,0.8,37.52034563222513,1,1.3232308001968114,52.92070818032005,15.912196461357324,5.4843289534311435,12.807376114716373,164.0288829438077,2.5579538487363607e-13,2.3293045295315635e-16,True,True,True,True
5.0,1.2,5.0,16,0.8,37.52034563222513,2,5.430279662527844,79.56573589874415,24.180003559272485,5.4843289534311435,21.18141997027629,448.65255195721926,0.0,9.813412491041773e-17,True,True,True,True
5.0,1.2,5.0,17,0.8500000000000001,39.27122141834157,0,-0.03966113273702421,-2.271225132495459,0.03926337474713433,5.4843289534311435,-0.8826376128945563,0.779049155696106,-9.470202400052585e-14,1.2424038073804797e-14,False,False,False,False
5.0,1.2,5.0,17,0.8500000000000001,39.27122141834157,1,1.4562413157508258,55.52263814385288,16.988819647201336,5.4843289534311435,13.905035598815502,193.35001500432654,1.4210854715202004e-13,1.1897878546678298e-16,True,True,True,True
5.0,1.2,5.0,17,0.8500000000000001,39.27122141834157,2,4.886646125611444,78.43470651087502,23.995148995638743,5.4843289534311435,20.995110486673244,440.79466434761684,0.0,7.498107293828581e-17,True,True,True,True
5.0,1.2,5.0,18,0.9,41.022097204458014,0,-0.03759837225638929,-2.1532138077212313,0.035291051151528786,5.4843289534311435,-0.8951328589094747,0.8012628350993835,-6.605826996519681e-14,8.67796365682179e-15,False,False,False,False
5.0,1.2,5.0,18,0.9,41.022097204458014,1,1.6279031148417789,58.43812753748159,18.150813567318664,5.4843289534311435,15.0863323223623,227.59742294075355,1.1368683772161603e-13,7.223423288644455e-17,True,True,True,True
5.0,1.2,5.0,18,0.9,41.022097204458014,2,4.333901028252265,77.00702760302171,23.736269448941805,5.4843289534311435,20.734149620262492,429.90496047543115,-1.1368683772161603e-13,1.9014171427647847e-17,True,True,True,True
5.0,1.2,5.0,19,0.9500000000000001,42.772972990574466,0,-0.03562791662493514,-2.0404661933027186,0.031693481005065166,5.4843289534311435,-0.9063156648631174,0.8214080843761825,-9.203748874142548e-14,1.1760654874008323e-14,False,False,False,False
5.0,1.2,5.0,19,0.9500000000000001,42.772972990574466,1,1.877545025849974,61.9597711217948,19.475352177651715,5.4843289534311435,16.429516530831645,269.9290134368704,1.1368683772161603e-13,7.926372970939467e-17,True,True,True,True
5.0,1.2,5.0,19,0.9500000000000001,42.772972990574466,2,3.7289994070238994,74.98827951090892,23.32275962734322,5.4843289534311435,20.317204829402243,412.788812079886,1.7053025658242404e-13,3.245985229021466e-17,True,True,True,True
5.0,1.2,5.0,20,1.0,44.5238487766909,0,-0.0337428106820723,-1.9325873968587055,0.028432059721139033,5.4843289534311435,-0.9163478471265833,0.839693376933532,7.771561172376096e-15,9.595062662648008e-16,False,False,False,False
5.0,1.2,5.0,20,1.0,44.5238487766909,1,2.6369849640293372,69.23222208145376,21.856804710601722,5.4843289534311435,18.8378524642267,354.86468546397185,-5.684341886080802e-14,2.326001620787856e-17,True,True,True,True
5.0,1.2,10.0,0,0.0,12.949712107928777,0,0.7647085501162593,37.40545308129814,9.224931443725781,9.22493144372578,1.7763568394002505e-15,1.4210854715202004e-14,1.4210854715202e-14,9.987711836381944e-17,True,True,True,True
5.0,1.2,10.0,1,0.05,14.251656145892092,0,-0.06592469433652415,-3.7717489802568096,0.10818146935152421,9.22493144372578,-0.04482762946753027,0.002009516363495667,-1.8252153261011372e-13,4.819009908065578e-14,False,False,False,False
5.0,1.2,10.0,1,0.05,14.251656145892092,1,0.7682359128061051,37.53276372387265,9.278572800435699,9.22493144372578,0.7013561213229202,0.49190040891865294,1.5221157667610896e-12,6.5221527172867334e-15,True,True,True,True
5.0,1.2,10.0,1,0.05,14.251656145892092,2,15.045818469519475,86.1975058989811,24.890050277263647,9.22493144372578,19.702981167416894,388.2074668835848,0.0,5.231969191381102e-17,True,True,True,True
5.0,1.2,10.0,2,0.1,15.553600183855409,0,-0.06544814744352401,-3.7445621581947557,0.10662975580054598,9.22493144372578,-0.12711746805129143,0.01615885068365497,-1.1612932837579137e-13,2.8121327006184173e-14,False,False,False,False
5.0,1.2,10.0,2,0.1,15.553600183855409,1,0.777881753920683,37.87869537888669,9.424646663461147,9.22493144372578,1.3640366095227456,1.8605958721186369,3.2951419370874646e-13,1.291826271821536e-15,True,True,True,True
5.0,1.2,10.0,2,0.1,15.553600183855409,2,13.658879622029904,85.81270650198574,24.866712867561784,9.22493144372578,19.679026620758442,387.2640887405195,1.1368683772161603e-13,5.224412764373981e-18,True,True,True,True
5.0,1.2,10.0,3,0.15000000000000002,16.855544221818725,0,-0.06460950667237508,-3.6967139223856256,0.10392588182060224,9.22493144372578,-0.20205368573803995,0.040825691919902374,-4.2423009549708013e-13,9.50910179958871e-14,False,False,False,False
5.0,1.2,10.0,3,0.15000000000000002,16.855544221818725,1,0.792623425329273,38.40116799283969,9.64611029394287,9.22493144372578,2.0042657157778994,4.017081059443825,1.1297629498585593e-12,4.092285221030371e-15,True,True,True,True
5.0,1.2,10.0,3,0.15000000000000002,16.855544221818725,2,12.474355968436711,85.41671596740802,24.840367340879634,9.22493144372578,19.651982625551117,386.2004211149629,-5.684341886080802e-14,3.1562776715727055e-17,True,True,True,True
5.0,1.2,10.0,4,0.2,18.15748825978204,0,-0.06350025378728397,-3.6334181244522905,0.10040220574604883,9.22493144372578,-0.27017281374909907,0.0729933492888829,-2.2247481634707356e-13,4.6716115394722136e-14,False,False,False,False
5.0,1.2,10.0,4,0.2,18.15748825978204,1,0.8118058696486998,39.06989472468027,9.930942457339638,9.22493144372578,2.633404986417279,6.934821822487777,3.872457909892546e-13,1.329739620884235e-15,True,True,True,True
5.0,1.2,10.0,4,0.2,18.15748825978204,2,11.448255536827137,85.00791001575,24.810695771932078,9.22493144372578,19.621522133004927,385.0041308160022,0.0,5.530340187595329e-17,True,True,True,True
5.0,1.2,10.0,5,0.25,19.459432297745355,0,-0.06219224273392765,-3.55876945818744,0.09632430602630221,9.22493144372578,-0.3320414367006643,0.1102515156859617,-2.7958191317623005e-13,5.5539125986549406e-14,False,False,False,False
5.0,1.2,10.0,5,0.25,19.459432297745355,1,0.8350277476654195,39.8628181294796,10.270475368268361,9.22493144372578,3.2595849714907263,10.62489418636909,8.917311333789257e-13,2.6875360431497684e-15,True,True,True,True
5.0,1.2,10.0,5,0.25,19.459432297745355,2,10.548284137389112,84.5844223694129,24.777315183708414,9.22493144372578,19.587251108775206,383.66040599821565,1.1368683772161603e-13,8.701106769225016e-17,True,True,True,True
5.0,1.2,10.0,6,0.30000000000000004,20.761376335708675,0,-0.06074165722632996,-3.4759698772919143,0.09189965479269627,9.22493144372578,-0.38822085872940626,0.15071543515251828,-7.932543510946743e-14,1.5009220135411586e-14,False,False,False,False
5.0,1.2,10.0,6,0.30000000000000004,20.761376335708675,1,0.8620751242798619,40.76380763183855,10.65834111488598,9.22493144372578,3.8887510740167546,15.122384915666444,-1.7763568394002505e-14,1.430094904795838e-17,True,True,True,True
5.0,1.2,10.0,6,0.30000000000000004,20.761376335708675,2,9.750162058247914,84.1440830714446,24.739761326182364,9.22493144372578,19.54869180871446,382.1513514320999,1.1368683772161603e-13,6.72647247384652e-17,True,True,True,True
5.0,1.2,10.0,7,0.35000000000000003,22.06332037367199,0,-0.05919225936636563,-3.387514027001347,0.08728725879646806,9.22493144372578,-0.439247064245043,0.19293798344783308,-5.5844218138645374e-14,1.0134961790536206e-14,False,False,False,False
5.0,1.2,10.0,7,0.35000000000000003,22.06332037367199,1,0.8928841335919793,41.76116017558926,11.08979817824072,9.22493144372578,4.5253553050779995,20.478840637197806,2.0961010704922955e-13,5.486225890985035e-16,True,True,True,True
5.0,1.2,10.0,7,0.35000000000000003,22.06332037367199,2,9.03524004864434,83.68433662609746,24.69746681486663,9.22493144372578,19.505260234084286,380.45517679934994,1.7053025658242404e-13,3.263372304677649e-17,True,True,True,True
5.0,1.2,10.0,8,0.4,23.365264411635305,0,-0.05757800569401672,-3.2953383349400402,0.08260680819310247,9.22493144372578,-0.48562023052076153,0.23582700829089565,-1.4191425812271063e-13,2.4863273279808652e-14,False,False,False,False
5.0,1.2,10.0,8,0.4,23.365264411635305,1,0.9275230634699394,42.84663163653506,11.561300332412989,9.22493144372578,5.17283245495779,26.758195607064806,1.6697754290362354e-13,2.7462562674379585e-16,True,True,True,True
5.0,1.2,10.0,8,0.4,23.365264411635305,2,8.388905859281222,83.20213112284418,24.64973112703589,9.22493144372578,19.456235181799524,378.5450874494936,5.684341886080802e-14,1.996662663654971e-17,True,True,True,True
5.0,1.2,10.0,9,0.45,24.66720844959862,0,-0.055925130894516784,-3.2009396397815797,0.0779467189015498,9.22493144372578,-0.5278001338006599,0.2785729812397192,-2.753353101070388e-13,4.641487556415223e-14,False,False,False,False
5.0,1.2,10.0,9,0.45,24.66720844959862,1,0.9661894127474273,44.01483904423767,12.070227159701684,9.22493144372578,5.833946365561708,34.03493019625114,4.760636329592671e-13,1.065074296902123e-15,True,True,True,True
5.0,1.2,10.0,9,0.45,24.66720844959862,2,7.799486397112657,82.69376457431751,24.59567853493166,9.22493144372578,19.400714839089545,376.3877362676692,-5.684341886080802e-14,6.287836924435238e-17,True,True,True,True
5.0,1.2,10.0,10,0.5,25.969152487561935,0,-0.05425379723246193,-3.1054690356147763,0.0733708974866956,9.22493144372578,-0.5662051266006731,0.32058824538884434,-3.9968028886505635e-14,6.667269641065436e-15,False,False,False,False
5.0,1.2,10.0,10,0.5,25.969152487561935,1,1.009220942821786,45.26294639204556,12.614730396491026,9.22493144372578,6.511062837630391,42.39393927557175,2.3447910280083306e-13,3.43813507935467e-16,True,True,True,True
5.0,1.2,10.0,10,0.5,25.969152487561935,2,7.2574671986379915,82.15466629141663,24.53419762774098,9.22493144372578,19.337554362211073,373.9410087114686,1.1368683772161603e-13,4.1932820563966715e-17,True,True,True,True
5.0,1.2,10.0,11,0.55,27.27109652552525,0,-0.052579395853244115,-3.0098058842767483,0.06892427415053483,9.22493144372578,-0.6012132152259546,0.3614573301621863,-1.4371837053772651e-13,2.2829036873715018e-14,False,False,False,False
5.0,1.2,10.0,11,0.55,27.27109652552525,1,1.0571229248862812,46.59060094745166,13.19367405919302,9.22493144372578,7.206391419734356,51.932077294421305,3.623767952376511e-13,6.014783809029148e-16,True,True,True,True
5.0,1.2,10.0,11,0.55,27.27109652552525,2,6.75491624135886,81.57907617094705,24.463851741651904,9.22493144372578,19.26527339840887,371.15075911544056,1.7053025658242404e-13,6.748835432357824e-17,True,True,True,True
5.0,1.2,10.0,12,0.6000000000000001,28.57304056348857,0,-0.05091357177044431,-2.9146161062324762,0.06463724263090112,9.22493144372578,-0.63316430878038,0.4008970419131822,-1.5415446696920299e-13,2.3851325018042778e-14,False,False,False,False
5.0,1.2,10.0,12,0.6000000000000001,28.57304056348857,1,1.1106179416817086,48.0001392166791,13.806666202799823,9.22493144372578,7.9222354006136655,62.76181374273652,1.5631940186722204e-13,3.478692979858069e-16,True,True,True,True
5.0,1.2,10.0,12,0.6000000000000001,28.57304056348857,2,6.285035354092333,80.95955684564791,24.382741492659367,9.22493144372578,19.18191410590625,367.9458287663653,5.684341886080802e-14,3.508464513875795e-17,True,True,True,True
5.0,1.2,10.0,13,0.65,29.874984601451885,0,-0.04926503075678701,-2.8203980721355695,0.06052917446204216,9.22493144372578,-0.6623630570279633,0.43872481931532953,-9.942047185518277e-14,1.5171610042832374e-14,False,False,False,False
5.0,1.2,10.0,13,0.65,29.874984601451885,1,1.170731741573714,49.49715244262288,14.454203619054802,9.22493144372578,8.661299083658603,75.01810181658546,9.947598300641403e-14,2.0810218135196917e-16,True,True,True,True
5.0,1.2,10.0,13,0.65,29.874984601451885,2,5.841779896623725,80.28621828803887,24.288284440276204,9.22493144372578,19.084813498587085,364.2301062758519,5.684341886080802e-14,2.4525859475797452e-17,True,True,True,True
5.0,1.2,10.0,14,0.7000000000000001,31.1769286394152,0,-0.04764017458500591,-2.7275187400210434,0.05661117192572511,9.22493144372578,-0.6890819158949666,0.4748338868133697,-1.0813572259849025e-13,1.614679564071662e-14,False,False,False,False
5.0,1.2,10.0,14,0.7000000000000001,31.1769286394152,1,1.2389431715134602,51.0916293959025,15.137989963333457,9.22493144372578,9.42713285180276,88.8708338055389,5.684341886080802e-14,4.04882036774382e-17,True,True,True,True
5.0,1.2,10.0,14,0.7000000000000001,31.1769286394152,2,5.419488169504281,79.5454164618992,24.17684232289455,9.22493144372578,18.97021814210605,359.8691763590894,-5.684341886080802e-14,2.871708158016084e-17,True,True,True,True
5.0,1.2,10.0,15,0.75,32.47887267737851,0,-0.046043601338333406,-2.6362421262425753,0.05288820690703712,9.22493144372578,-0.7135642213313831,0.5091738979641618,-1.0125233984581428e-13,1.4825019701304917e-14,False,False,False,False
5.0,1.2,10.0,15,0.75,32.47887267737851,1,1.317459758868218,52.80017618518012,15.86157180102615,9.22493144372578,10.224877661347863,104.54812318953056,1.4210854715202004e-14,5.834618264327817e-17,True,True,True,True
5.0,1.2,10.0,15,0.75,32.47887267737851,2,5.012438261534404,78.71741211216138,24.04304525326801,9.22493144372578,18.832585307214863,354.66626935352525,1.1368683772161603e-13,8.46463793889087e-17,True,True,True,True
5.0,1.2,10.0,16,0.8,33.78081671534183,0,-0.04447849967408035,-2.546751751133957,0.04936077109491802,9.22493144372578,-0.7360271431842296,0.5417359555038501,-8.826273045769994e-14,1.2613211642486311e-14,False,False,False,False
5.0,1.2,10.0,16,0.8,33.78081671534183,1,1.409768689552276,54.650541314020536,16.63165282716585,9.22493144372578,11.062690271500832,122.38311604315925,8.526512829121202e-14,1.2929922227271534e-16,True,True,True,True
5.0,1.2,10.0,16,0.8,33.78081671534183,2,4.6141682578109915,77.77175157742896,23.87844842566729,9.22493144372578,18.66319320421056,348.3147805776914,1.1368683772161603e-13,0.0,True,True,True,True
5.0,1.2,10.0,17,0.8500000000000001,35.08276075330515,0,-0.042946959701594345,-2.4591683461539975,0.046026141172409864,9.22493144372578,-0.7566644487896594,0.5725410880620638,-9.536815781530095e-14,1.3594005709707874e-14,False,False,False,False
5.0,1.2,10.0,17,0.8500000000000001,35.08276075330515,1,1.5218865534248764,56.69191650155012,17.4611114307421,9.22493144372578,11.954916940037663,142.92003904319952,5.684341886080802e-14,1.9813684926307838e-17,True,True,True,True
5.0,1.2,10.0,17,0.8500000000000001,35.08276075330515,2,4.2161263642965885,76.65689211600696,23.668493246784312,9.22493144372578,18.446995300131878,340.29163560308774,1.7053025658242404e-13,2.5816809759245205e-18,True,True,True,True
5.0,1.2,10.0,18,0.9,36.38470479126846,0,-0.041450218236397385,-2.373563830794114,0.04287934291409876,9.22493144372578,-0.7756490427488194,0.6016314375171563,-3.552713678800501e-15,5.273491337730357e-16,False,False,False,False
5.0,1.2,10.0,18,0.9,36.38470479126846,1,1.665813799881959,59.0233035697524,18.377370492134656,9.22493144372578,12.930801274937476,167.20562161192476,8.526512829121202e-14,5.2545658920444144e-17,True,True,True,True
5.0,1.2,10.0,18,0.9,36.38470479126846,2,3.804137818021635,75.27177643251727,23.384121946711325,9.22493144372578,18.15393495589025,329.56535438269384,-1.1368683772161603e-13,1.4106046282612757e-17,True,True,True,True
5.0,1.2,10.0,19,0.9500000000000001,37.68664882923178,0,-0.039988852352147,-2.2899723494897675,0.039913881191849604,9.22493144372578,-0.7931352722715379,0.6290635601212008,-4.574118861455645e-14,6.467187327987316e-15,False,False,False,False
5.0,1.2,10.0,19,0.9500000000000001,37.68664882923178,1,1.873248466903302,61.905272845190154,19.455606932511355,9.22493144372578,14.06893657704606,197.93497640894458,8.526512829121202e-14,9.90858695488086e-18,True,True,True,True
5.0,1.2,10.0,19,0.9500000000000001,37.68664882923178,2,3.344628819308233,73.35402732145208,22.9485566844765,9.22493144372578,17.704511426343203,313.44972484551704,0.0,3.108183434503835e-18,True,True,True,True
5.0,1.2,10.0,20,1.0,38.988592867195095,0,-0.03856293214917672,-2.208398988390606,0.037122288852599925,9.22493144372578,-0.8092610013908694,0.6549033683720564,-9.636735853746359e-14,1.3167067241901366e-14,False,False,False,False
5.0,1.2,10.0,20,1.0,38.988592867195095,1,2.490081429582507,68.11993641609574,21.52802155211236,9.22493144372578,16.233530447661888,263.5275107951656,0.0,1.819571844685584e-17,True,True,True,True
5.0,1.3,2.0,0,0.0,6.989967998058091,0,0.42758941514143634,23.15103920318662,3.8642976879473485,3.8642976879473485,8.881784197001252e-16,-1.7763568394002505e-15,-1.7763568394002513e-15,4.024065408426142e-17,True,True,True,True
5.0,1.3,2.0,1,0.05,8.757749399595742,0,-0.10085981142609057,-5.759364781610409,0.2517564953296554,3.8642976879473485,-0.15927942997038524,0.02536993681224542,5.545633396941696e-13,9.353628982466944e-14,False,False,False,False
5.0,1.3,2.0,1,0.05,8.757749399595742,1,0.4346877033212593,23.493992335460003,3.9731035613147654,3.8642976879473485,0.6357203019268711,0.4041403022804211,-1.571076602147059e-12,3.158816857445538e-14,True,True,True,True
5.0,1.3,2.0,1,0.05,8.757749399595742,2,28.40978041148138,87.98406979968249,24.969063832838295,3.8642976879473485,22.836479102706335,521.5047778083432,1.1368683772161603e-13,1.444823365019153e-16,True,True,True,True
5.0,1.3,2.0,2,0.1,10.525530801133392,0,-0.09738796860096777,-5.56237852817472,0.2348826855044733,3.8642976879473485,-0.29450041717612274,0.0867304957159647,-9.45632461224477e-13,1.6431300764452317e-13,False,False,False,False
5.0,1.3,2.0,2,0.1,10.525530801133392,1,0.4516700705618204,24.307269782050316,4.235981332519618,3.8642976879473485,1.2158375593623632,1.478260970758404,2.176037128265307e-12,3.399978787362977e-14,True,True,True,True
5.0,1.3,2.0,2,0.1,10.525530801133392,2,23.478035511776863,87.561074938573,24.954728036497087,3.8642976879473485,22.822098678399236,520.8481880865919,-2.2737367544323206e-13,1.1679648433235597e-16,True,True,True,True
5.0,1.3,2.0,3,0.15000000000000002,12.293312202671045,0,-0.09296981751817945,-5.31151013353226,0.2142329757233148,3.8642976879473485,-0.4032328477699183,0.1625967295203683,-2.6981195055952867e-13,4.884981308350689e-14,False,False,False,False
5.0,1.3,2.0,3,0.15000000000000002,12.293312202671045,1,0.4750326956011319,25.40924655053194,4.602760694996578,3.8642976879473485,1.791052654563483,3.207869611419488,5.88418203051333e-13,6.995330596537093e-15,True,True,True,True
5.0,1.3,2.0,3,0.15000000000000002,12.293312202671045,2,19.938177190709407,87.1287340709138,24.937269608473876,3.8642976879473485,22.80458582562877,520.0491346784687,1.1368683772161603e-13,4.8177891328747773e-17,True,True,True,True
5.0,1.3,2.0,4,0.2,14.061093604208693,0,-0.08818921444197336,-5.03983128383626,0.1929329340459006,3.8642976879473485,-0.491676508462598,0.2417457889733849,-5.863365348801608e-13,1.1115046393760946e-13,False,False,False,False
5.0,1.3,2.0,4,0.2,14.061093604208693,1,0.5031787398164473,26.710568539587687,5.050891678744482,3.8642976879473485,2.3845946885824922,5.686291828817614,1.780797731498751e-12,1.6728479297767058e-14,True,True,True,True
5.0,1.3,2.0,4,0.2,14.061093604208693,2,17.264595352930463,86.68501739989688,24.91640648259621,3.8642976879473485,22.783657551665527,519.0950514315657,1.1368683772161603e-13,4.8429346965055054e-17,True,True,True,True
5.0,1.3,2.0,5,0.25,15.828875005746346,0,-0.08335816943169227,-4.765054877618725,0.17251586919572393,3.8642976879473485,-0.5643274988684619,0.31846552597890976,-2.2409851752058785e-13,3.955070466988491e-14,False,False,False,False
5.0,1.3,2.0,5,0.25,15.828875005746346,1,0.5353371988288798,28.16179986165605,5.568728694790975,3.8642976879473485,3.008395337022627,9.05044250381945,-3.375077994860476e-14,1.924347350268684e-16,True,True,True,True
5.0,1.3,2.0,5,0.25,15.828875005746346,2,15.166350339368986,86.22763793860172,24.891783409786825,3.8642976879473485,22.75895743588923,517.9701435686176,-1.1368683772161603e-13,5.472053524058316e-17,True,True,True,True
5.0,1.3,2.0,6,0.30000000000000004,17.596656407283998,0,-0.07864319235178119,-4.4966679906533775,0.1536683917344615,3.8642976879473485,-0.6245217168774815,0.3900273748515531,-4.4075854077618715e-14,7.176179128812634e-15,False,False,False,False
5.0,1.3,2.0,6,0.30000000000000004,17.596656407283998,1,0.5711601604488106,29.733286694965624,6.149488064931201,3.8642976879473485,3.6689768507687575,13.461391131476484,-5.453415496958769e-13,3.080573506887429e-15,True,True,True,True
5.0,1.3,2.0,6,0.30000000000000004,17.596656407283998,2,13.469274114814564,85.75397651061752,24.86295463408994,3.8642976879473485,22.730038245579127,516.6546386454899,0.0,5.934423363870102e-17,True,True,True,True
5.0,1.3,2.0,7,0.35000000000000003,19.36443780882165,0,-0.07412984799233424,-4.239572957592925,0.13663004496599906,3.8642976879473485,-0.6747826196554847,0.45533158378913785,1.9317880628477724e-14,3.1589058467384304e-15,False,False,False,False
5.0,1.3,2.0,7,0.35000000000000003,19.36443780882165,1,0.6105552176579008,31.40636996203458,6.788748114887297,3.8642976879473485,4.369962274243629,19.096570278312043,-5.044853423896711e-13,2.2491321746486713e-15,True,True,True,True
5.0,1.3,2.0,7,0.35000000000000003,19.36443780882165,2,12.062642256255875,85.26098331541387,24.829360083209888,3.8642976879473485,22.696338043125955,515.1237605678465,0.0,4.962452320646363e-18,True,True,True,True
5.0,1.3,2.0,8,0.4,21.132219210359295,0,-0.06985763058717431,-3.9960554689911394,0.12140972357930252,3.8642976879473485,-0.7170485976926717,0.5141586914526322,-3.9479530755670567e-13,6.046401815632166e-14,False,False,False,False
5.0,1.3,2.0,8,0.4,21.132219210359295,1,0.653613996913244,33.169192647801474,7.4833220183290665,3.8642976879473485,5.113296012190373,26.14579610828261,6.359357485052897e-13,2.5712187634131134e-15,True,True,True,True
5.0,1.3,2.0,8,0.4,21.132219210359295,2,10.872603050833193,84.7450454911076,24.79029220173935,3.8642976879473485,22.657146902341736,513.3463057542936,-2.2737367544323206e-13,9.178926520154978e-17,True,True,True,True
5.0,1.3,2.0,9,0.45,22.90000061189695,0,-0.06583960948712075,-3.76689504578678,0.1079036080293895,3.8642976879473485,-0.7528268807919736,0.5667483124430465,7.405187574249794e-14,1.0973010215228261e-14,False,False,False,False
5.0,1.3,2.0,9,0.45,22.90000061189695,1,0.7005872104678184,35.0145942930082,8.230732689488084,3.8642976879473485,5.899916659899924,34.80901659376457,-1.0658141036401503e-13,2.9585381676165574e-16,True,True,True,True
5.0,1.3,2.0,9,0.45,22.90000061189695,2,9.84790103409824,84.20180424166738,24.744848894087863,3.8642976879473485,22.611559684174864,511.2826313510021,5.684341886080802e-14,7.554119402002026e-17,True,True,True,True
5.0,1.3,2.0,10,0.5,24.667782013434596,0,-0.06207382882206458,-3.5520109321949533,0.09595925921498216,3.8642976879473485,-0.7833012014571454,0.6135607722042385,3.097522238704187e-14,4.532583054547907e-15,False,False,False,False
5.0,1.3,2.0,10,0.5,24.667782013434596,1,0.7518881113805946,36.93907064172111,9.028985291550612,3.8642976879473485,6.730183838547347,45.29537450064399,7.815970093361102e-14,3.6595464199343806e-16,True,True,True,True
5.0,1.3,2.0,10,0.5,24.667782013434596,2,8.951721649184732,83.62589507271517,24.691865193600925,3.8642976879473485,22.55840746088914,508.8817471714986,-1.7053025658242404e-13,6.74206125519473e-17,True,True,True,True
5.0,1.3,2.0,11,0.55,26.43556341497225,0,-0.05855004961071408,-3.350845206950285,0.08540991330193008,3.8642976879473485,-0.8094091738750471,0.6551432107530546,-3.164135620181696e-14,4.521923183764418e-15,False,False,False,False
5.0,1.3,2.0,11,0.55,26.43556341497225,1,0.8081199387643814,38.94236859027728,9.876512204112407,3.8642976879473485,7.604201060513708,57.823873768717846,4.973799150320701e-14,1.4446851933649026e-16,True,True,True,True
5.0,1.3,2.0,11,0.55,26.43556341497225,2,8.156782578972408,83.01056683055319,24.629811170454456,3.8642976879473485,22.496155054488757,506.0769922356001,5.684341886080802e-14,1.1377007643730283e-16,True,True,True,True
5.0,1.3,2.0,12,0.6000000000000001,28.2033448165099,0,-0.055253775673711036,-3.1625923208963447,0.0760921852561103,3.8642976879473485,-0.8318990849864465,0.6920560876010877,-1.9917401061775308e-13,2.7741577511645174e-14,False,False,False,False
5.0,1.3,2.0,12,0.6000000000000001,28.2033448165099,1,0.8701317157797903,41.02756424153267,10.772247163112077,3.8642976879473485,8.522118589603624,72.62650525526793,2.7000623958883807e-13,5.450499283097371e-16,True,True,True,True
5.0,1.3,2.0,12,0.6000000000000001,28.2033448165099,2,7.4422322528190765,82.34710184849666,24.55663398647418,3.8642976879473485,22.42274251396516,502.7793818475805,-1.7053025658242404e-13,1.5873331642759584e-17,True,True,True,True
5.0,1.3,2.0,13,0.65,29.97112621804755,0,-0.052168658163934456,-2.9863367253300535,0.06785455152883649,3.8642976879473485,-0.8513722479791066,0.7248347046288999,-9.747758156208874e-14,1.3283897914000298e-14,False,False,False,False
5.0,1.3,2.0,13,0.65,29.97112621804755,1,0.9391166922202077,43.2016497528437,11.715836927218056,3.8642976879473485,9.484489339759989,89.95553803602101,1.4210854715202004e-13,3.3107581799721934e-16,True,True,True,True
5.0,1.3,2.0,13,0.65,29.97112621804755,2,6.7915833563522305,81.62389323427901,24.469502826063948,3.8642976879473485,22.33532910286844,498.8669261334417,-1.1368683772161603e-13,1.2244614994315552e-16,True,True,True,True
5.0,1.3,2.0,14,0.7000000000000001,31.738907619585202,0,-0.049277916641756736,-2.8211345909290553,0.060560766213759755,3.8642976879473485,-0.8683149824715557,0.7539709087845883,1.021405182655144e-14,1.3461576628829498e-15,False,False,False,False
5.0,1.3,2.0,14,0.7000000000000001,31.738907619585202,1,1.0167852978728391,45.47685022395728,12.70805555344275,3.8642976879473485,10.492777771391502,110.09838535980776,1.4210854715202004e-13,3.310174757329013e-16,True,True,True,True
5.0,1.3,2.0,14,0.7000000000000001,31.738907619585202,2,6.1912293260062095,80.82489391755917,24.364374253407373,3.8642976879473485,22.229857029019932,494.1665435306666,-2.8421709430404007e-13,8.035227294808611e-17,True,True,True,True
5.0,1.3,2.0,15,0.75,33.506689021122845,0,-0.04656515786101867,-2.666061178202581,0.05409056284482449,3.8642976879473485,-0.8831230025128061,0.779906237567132,-1.0169642905566434e-13,1.3499355900774228e-14,False,False,False,False
5.0,1.3,2.0,15,0.75,33.506689021122845,1,1.105683747476612,47.87325006505972,13.75159105645869,3.8642976879473485,11.55021163631206,133.4073888435988,2.8421709430404007e-13,5.795381477887656e-16,True,True,True,True
5.0,1.3,2.0,15,0.75,33.506689021122845,2,5.629229882375718,79.92682153562063,24.235198702642762,3.8642976879473485,22.100254922953436,488.4212676595272,-3.979039320256561e-13,8.588021396103759e-17,True,True,True,True
5.0,1.3,2.0,16,0.8,35.2744704226605,0,-0.044014824344090986,-2.520237021797294,0.04833897173090316,3.8642976879473485,-0.8961201690393681,0.8030313573590464,-9.9253938401489e-14,1.2948429446137147e-14,False,False,False,False
5.0,1.3,2.0,16,0.8,35.2744704226605,1,1.2098321042264026,50.424192915838425,14.852634768347052,3.8642976879473485,12.663419913342917,160.36220390165,5.684341886080802e-14,1.2313482800320284e-16,True,True,True,True
5.0,1.3,2.0,16,0.8,35.2744704226605,2,5.094046339430099,78.89363339259879,24.07233239905197,3.8642976879473485,21.9368436410364,481.22510893127895,-2.2737367544323206e-13,3.630021811072681e-17,True,True,True,True
5.0,1.3,2.0,17,0.8500000000000001,37.04225182419815,0,-0.04161241598501397,-2.3828410753580913,0.04321499830709059,3.8642976879473485,-0.9075730129460722,0.8236887738279082,-1.0313971898767704e-13,1.338662245138974e-14,False,False,False,False
5.0,1.3,2.0,17,0.8500000000000001,37.04225182419815,1,1.3361742283505926,53.18862020314016,16.024504580427333,3.8642976879473485,13.84609988440197,191.71448200883617,-5.684341886080802e-14,1.6067120545593452e-16,True,True,True,True
5.0,1.3,2.0,17,0.8500000000000001,37.04225182419815,2,4.572644339906835,77.66409295992752,23.858920398827472,3.8642976879473485,21.722705137520308,471.8759184916508,-3.410605131648481e-13,5.457200429509457e-17,True,True,True,True
5.0,1.3,2.0,18,0.9,38.8100332257358,0,-0.0393445738981244,-2.253115906211718,0.0386400727221153,3.8642976879473485,-0.9177020557204514,0.8421770630734026,-1.3988810110276972e-13,1.7944470798912047e-14,False,False,False,False
5.0,1.3,2.0,18,0.9,38.8100332257358,1,1.4985942511481714,56.2851337779145,17.2977023792707,3.8642976879473485,15.129135801479325,228.8907500996034,-8.526512829121202e-14,1.2917635163132225e-16,True,True,True,True
5.0,1.3,2.0,18,0.9,38.8100332257358,2,4.046152219088924,76.11763382019308,23.5608485699234,3.8642976879473485,21.42359433680774,458.9703943081005,-1.1368683772161603e-13,4.694918888457485e-17,True,True,True,True
5.0,1.3,2.0,19,0.9500000000000001,40.577814627273455,0,-0.03719908236330194,-2.1303681357841997,0.03454648876231886,3.8642976879473485,-0.9266906869590343,0.8587556292965519,-5.5067062021407764e-14,7.0650254888383475e-15,False,False,False,False
5.0,1.3,2.0,19,0.9500000000000001,40.577814627273455,1,1.7339024451407254,60.026501504177645,18.760011576679496,3.8642976879473485,16.600875385011648,275.58906354868554,-5.684341886080802e-14,2.615881376264801e-17,True,True,True,True
5.0,1.3,2.0,19,0.9500000000000001,40.577814627273455,2,3.473634887085441,73.9397964095237,23.086657476172817,3.8642976879473485,20.94768934157505,438.80568875113676,-1.7053025658242404e-13,1.1080208928609549e-16,True,True,True,True
5.0,1.3,2.0,20,1.0,42.3455960288111,0,-0.03516482386597297,-2.0139661351653797,0.03087594083536005,3.8642976879473485,-0.9346921656813687,0.8736494445859072,-2.2004620348070603e-13,2.789609933112572e-14,False,False,False,False
5.0,1.3,2.0,20,1.0,42.3455960288111,1,2.4468744576201864,67.77091969389949,21.422026093365798,3.8642976879473485,19.276372597398534,371.57854051373687,-2.2737367544323206e-13,1.3621822122650982e-16,True,True,True,True
5.0,1.3,5.0,0,0.0,10.731637475954475,0,0.6340257748525522,32.37575071864986,7.16818701892688,7.168187018926879,-1.7763568394002505e-15,1.4210854715202004e-14,1.4210854715202e-14,1.5115034706736508e-16,True,True,True,True
5.0,1.3,5.0,1,0.05,12.105564706255876,0,-0.0746943697085447,-4.271739556870458,0.13870733889068554,7.168187018926879,-0.074894408538414,0.005609172430202647,-1.1621346246437625e-13,2.6367796834847468e-14,False,False,False,False
5.0,1.3,5.0,1,0.05,12.105564706255876,1,0.6381627497944784,32.544502360278805,7.234876614592811,7.168187018926879,0.6878862150228233,0.47318744481907515,6.492584248007915e-13,4.350559675618995e-15,True,True,True,True
5.0,1.3,5.0,1,0.05,12.105564706255876,2,16.56733866214563,86.54583330764689,24.909248226579372,7.168187018926879,20.9628606243894,439.44152555757523,-2.8421709430404007e-13,4.9054363021850527e-17,True,True,True,True
5.0,1.3,5.0,2,0.1,13.479491936557277,0,-0.07378418363627937,-4.219875586586787,0.13536569869254056,7.168187018926879,-0.17062531266448921,0.029112997321646183,-2.0852070070631612e-13,4.7628567756419216e-14,False,False,False,False
5.0,1.3,5.0,2,0.1,13.479491936557277,1,0.6491518287754401,32.98969148032057,7.411683217925595,7.168187018926879,1.3306944368231406,1.7707476841928482,7.929212841872868e-13,4.7882328912566045e-15,True,True,True,True
5.0,1.3,5.0,2,0.1,13.479491936557277,2,14.753224795370837,86.12232068771529,24.885666012918527,7.168187018926879,20.938948942392592,438.4395828121236,-2.8421709430404007e-13,4.6842005761758865e-17,True,True,True,True
5.0,1.3,5.0,3,0.15000000000000002,14.85341916685868,0,-0.07236593050733386,-4.139047301407873,0.13023866000666082,7.168187018926879,-0.2553782580125403,0.06521805466550146,-1.8166024240429124e-14,3.767596375748115e-15,False,False,False,False
5.0,1.3,5.0,3,0.15000000000000002,14.85341916685868,1,0.6655242191977582,33.644726953909576,7.674051976669925,7.168187018926879,1.952296888767071,3.811463141889817,2.313704783318826e-13,1.3724575784405025e-15,True,True,True,True
5.0,1.3,5.0,3,0.15000000000000002,14.85341916685868,2,13.261070502508364,85.6875619544054,24.85864205178085,7.168187018926879,20.9115465080202,437.29277735709184,-5.684341886080802e-14,1.0792779423031943e-16,True,True,True,True
5.0,1.3,5.0,4,0.2,16.227346397160076,0,-0.07060534641939409,-4.0386861542710655,0.12400967111053615,7.168187018926879,-0.33038444103065734,0.10915387887502515,-1.1475542738281774e-13,2.3364523476506338e-14,False,False,False,False
5.0,1.3,5.0,4,0.2,16.227346397160076,1,0.6863958516904947,34.46554238517939,8.006367520007185,7.168187018926879,2.5678493972410283,6.59385052691195,8.375522497772181e-13,3.956413215651872e-15,True,True,True,True
5.0,1.3,5.0,4,0.2,16.227346397160076,2,12.008626433154882,85.23976455483553,24.82783212058489,7.168187018926879,20.880303877187053,435.9870900036726,-5.684341886080802e-14,9.755474455305108e-18,True,True,True,True
5.0,1.3,5.0,5,0.25,17.60127362746148,0,-0.06862246785036996,-3.9256235296498954,0.11717429852562473,7.168187018926879,-0.3968073792658411,0.1574560962400221,1.9706458687096529e-13,3.7883132167900514e-14,False,False,False,False
5.0,1.3,5.0,5,0.25,17.60127362746148,1,0.7112448893765801,35.42214563481539,8.3982935160541,7.168187018926879,3.1873482798066153,10.159189056785593,-5.968558980384842e-13,2.2961824695484285e-15,True,True,True,True
5.0,1.3,5.0,5,0.25,17.60127362746148,2,10.93924178074984,84.77687957634434,24.792818270319607,7.168187018926879,20.844796723044958,434.50555042506573,-5.684341886080802e-14,5.662224257243778e-18,True,True,True,True
5.0,1.3,5.0,6,0.30000000000000004,18.975200857762882,0,-0.06650404225400663,-3.8047982704799987,0.11008281797677029,7.168187018926879,-0.4557047999262036,0.2076668646757699,-1.1379786002407855e-14,2.1794812168557537e-15,False,False,False,False
5.0,1.3,5.0,6,0.30000000000000004,18.975200857762882,1,0.7397926824095915,36.49376497646786,8.842752110061827,7.168187018926879,3.817610942261357,14.574153306474152,5.044853423896711e-13,1.6726252747340493e-15,True,True,True,True
5.0,1.3,5.0,6,0.30000000000000004,18.975200857762882,2,10.01258051462057,84.29653472058861,24.753090732585562,7.168187018926879,20.80450744616388,432.82753007748795,-2.8421709430404007e-13,2.0860652236452977e-17,True,True,True,True
5.0,1.3,5.0,7,0.35000000000000003,20.349128088064283,0,-0.0643125566036713,-3.6797703412304488,0.10297670098119657,7.168187018926879,-0.5080178690885384,0.2580821553131495,-1.0985656828665924e-13,1.923280155818945e-14,False,False,False,False
5.0,1.3,5.0,7,0.35000000000000003,20.349128088064283,1,0.771939654782742,37.66597412552647,9.334768067943584,7.168187018926879,4.463438369474355,19.922282078096075,1.8474111129762605e-13,6.368390029657339e-16,True,True,True,True
5.0,1.3,5.0,7,0.35000000000000003,20.349128088064283,2,9.19909346212115,83.79594553766792,24.708023470162583,7.168187018926879,20.75880032060902,430.9277907509169,-1.7053025658242404e-13,8.210565592631512e-17,True,True,True,True
5.0,1.3,5.0,8,0.4,21.723055318365684,0,-0.06209278289489495,-3.553092750879048,0.09601764484685267,7.168187018926879,-0.5545736952579694,0.30755198347185897,-2.2015722578316854e-13,3.7061817312082894e-14,False,False,False,False
5.0,1.3,5.0,8,0.4,21.723055318365684,1,0.8077332254465235,38.92896238651469,9.870793216812032,7.168187018926879,5.128336871515323,26.299839067743704,1.3500311979441904e-13,5.217702255121967e-16,True,True,True,True
5.0,1.3,5.0,8,0.4,21.723055318365684,2,8.476581385267046,83.27179535594038,24.656840556722926,7.168187018926879,20.70688731246917,428.7751821712967,0.0,6.266367542564517e-17,True,True,True,True
5.0,1.3,5.0,9,0.45,23.096982548667082,0,-0.05987652903771279,-3.4265813217800423,0.08930977494841529,7.168187018926879,-0.5960938520980823,0.35532788050907094,-5.945244296867713e-14,9.76223005922137e-15,False,False,False,False
5.0,1.3,5.0,9,0.45,23.096982548667082,1,0.8473570336950487,40.27650844387099,10.448313671507675,7.168187018926879,5.814997603832747,33.814197132581164,5.684341886080801e-13,1.4833631930119107e-15,True,True,True,True
5.0,1.3,5.0,9,0.45,23.096982548667082,2,7.827975415622838,82.72006901027991,24.598568972942925,7.168187018926879,20.647780080503004,426.3308222528166,-5.684341886080802e-14,1.2680981852697997e-17,True,True,True,True
5.0,1.3,5.0,10,0.5,24.470909778968487,0,-0.057686098309090994,-3.3015110830789935,0.08291622928292554,7.168187018926879,-0.6332051880432019,0.400948810164812,-1.4710455076283324e-14,2.317471350998858e-15,False,False,False,False
5.0,1.3,5.0,10,0.5,24.470909778968487,1,0.8911373725920284,41.70542537505541,11.065637222606377,7.168187018926879,6.525645955074268,42.584055130977454,3.055333763768431e-13,7.717776541064645e-16,True,True,True,True
5.0,1.3,5.0,10,0.5,24.470909778968487,2,7.239851925606462,82.1358163765472,24.531970670724977,7.168187018926879,20.580220883807836,423.5454916263202,0.0,6.318455690313362e-17,True,True,True,True
5.0,1.3,5.0,11,0.55,25.844837009269888,0,-0.055536818421667355,-3.1787598633192498,0.07687135774482219,7.168187018926879,-0.6664510304350129,0.44415697596783166,-5.878630915390204e-14,8.996207987021634e-15,False,False,False,False
5.0,1.3,5.0,11,0.55,25.844837009269888,1,0.9395673846631314,43.21536802538712,11.72181095265716,7.168187018926879,7.262331876117839,52.74146427887719,-6.394884621840902e-14,6.882180358710405e-17,True,True,True,True
5.0,1.3,5.0,11,0.55,25.844837009269888,2,6.70140145719057,81.51280554541528,24.455441874334905,7.168187018926879,20.50258014989039,420.3557928026796,1.1368683772161603e-13,4.099733113082505e-17,True,True,True,True
5.0,1.3,5.0,12,0.6000000000000001,27.21876423957129,0,-0.05343889785759748,-3.058913727072092,0.0711895978462019,7.168187018926879,-0.6963018614603653,0.4848362822731053,-6.444844657949034e-14,9.713345726393963e-15,False,False,False,False
5.0,1.3,5.0,12,0.6000000000000001,27.21876423957129,1,0.9933544087351749,44.80898383173155,12.41665409105511,7.168187018926879,8.027216904284803,64.43621122843592,2.2737367544323206e-13,4.235370625143811e-16,True,True,True,True
5.0,1.3,5.0,12,0.6000000000000001,27.21876423957129,2,6.2036795349030145,80.84299524498832,24.366858428925074,7.168187018926879,20.41269913048232,416.67828579159357,-1.1368683772161603e-13,4.498845872760127e-17,True,True,True,True
5.0,1.3,5.0,13,0.65,28.592691469872687,0,-0.05139879345674281,-2.9423446959751325,0.06587187652747944,7.168187018926879,-0.7231650563489993,0.5229676987241323,-1.1901590823981678e-13,1.741559112076586e-14,False,False,False,False
5.0,1.3,5.0,13,0.65,28.592691469872687,1,1.0535032574436387,46.49248239351664,13.150923751290172,7.168187018926879,8.822918518035655,77.84389117589669,2.1316282072803006e-13,3.807212321653193e-16,True,True,True,True
5.0,1.3,5.0,13,0.65,28.592691469872687,2,5.739023938870798,80.11569619564759,24.26332778033507,7.168187018926879,20.30763750899174,412.40014119660793,-2.8421709430404007e-13,3.278597602038641e-17,True,True,True,True
5.0,1.3,5.0,14,0.7000000000000001,29.96661870017409,0,-0.04942022114184086,-2.8292682300756953,0.060910191932466495,7.168187018926879,-0.7473935445509241,0.5585971104363023,-9.181544413650045e-14,1.3093757845349164e-14,False,False,False,False
5.0,1.3,5.0,14,0.7000000000000001,29.96661870017409,1,1.1214626666352734,48.27684710229996,13.926678506329262,7.168187018926879,9.653004341978052,93.18049282624729,1.5631940186722204e-13,2.8937689459967217e-16,True,True,True,True
5.0,1.3,5.0,14,0.7000000000000001,29.96661870017409,2,5.300546216242887,79.31616332262556,24.140769168450365,7.168187018926879,20.18324609398457,407.3634228903434,-1.1368683772161603e-13,4.3284155861868794e-17,True,True,True,True
5.0,1.3,5.0,15,0.75,31.340545930475493,0,-0.047504904798433945,-2.7197858528233687,0.05629086699862811,7.168187018926879,-0.7692933939325632,0.5918123259482518,-3.008704396734174e-14,4.284258075936051e-15,False,False,False,False
5.0,1.3,5.0,15,0.75,31.340545930475493,1,1.1993951969558503,50.180222771893256,14.74800110397821,7.168187018926879,10.522817224563163,110.72968234156325,7.105427357601002e-14,1.518975409033614e-16,True,True,True,True
5.0,1.3,5.0,15,0.75,31.340545930475493,2,4.88159496887546,78.42306240303951,23.993152204224025,7.168187018926879,20.033391597404606,401.33677889496147,0.0,5.149100591295121e-17,True,True,True,True
5.0,1.3,5.0,16,0.8,32.71447316077689,0,-0.045653132150453635,-2.613916819447111,0.05199683962484264,7.168187018926879,-0.7891303861722037,0.6227267663801983,-9.29256671611256e-14,1.2962921761852831e-14,False,False,False,False
5.0,1.3,5.0,16,0.8,32.71447316077689,1,1.290717521158594,52.23280525214818,15.622485839546746,7.168187018926879,11.441055205275026,130.89774421015082,5.684341886080802e-14,1.889167932165651e-16,True,True,True,True
5.0,1.3,5.0,16,0.8,32.71447316077689,2,4.475015979912794,77.40347031001885,23.810982791417892,7.168187018926879,19.8484146900895,393.9595657097605,-1.1368683772161603e-13,2.844806563356895e-17,True,True,True,True
5.0,1.3,5.0,17,0.8500000000000001,34.088400391078295,0,-0.043864167786028974,-2.511621670361347,0.048009257446744356,7.168187018926879,-0.8071356809477985,0.6514680074589944,-7.205347429817266e-14,9.925072582038892e-15,False,False,False,False
5.0,1.3,5.0,17,0.8500000000000001,34.088400391078295,1,1.4013268706514623,54.4879899115362,16.56464668744899,7.168187018926879,12.423291782072216,154.338178702503,-5.684341886080802e-14,1.9255893071088605e-18,True,True,True,True
5.0,1.3,5.0,17,0.8500000000000001,34.088400391078295,2,4.07177443492811,76.20164195566089,23.577876645224105,7.168187018926879,19.611639383421824,384.616399305382,5.684341886080802e-14,2.8965355528296096e-17,True,True,True,True
5.0,1.3,5.0,18,0.9,35.46232762137969,0,-0.0421365600692345,-2.412819751767062,0.04430857294706107,7.168187018926879,-0.8235106750653498,0.6781698319465433,-4.4853010194856324e-14,6.156635890558709e-15,False,False,False,False
5.0,1.3,5.0,18,0.9,35.46232762137969,1,1.5429933819221369,57.053093905781175,17.60536302472595,7.168187018926879,13.501638096263253,182.2942312824672,0.0,8.752064091719837e-17,True,True,True,True
5.0,1.3,5.0,18,0.9,35.46232762137969,2,3.6574464082144615,74.7082221381923,23.26110112351926,7.168187018926879,19.28973446498926,372.09385572979437,-5.684341886080802e-14,1.6114095397516198e-18,True,True,True,True
5.0,1.3,5.0,19,0.9500000000000001,36.8362548516811,0,-0.04046836897876105,-2.3174022369641976,0.040875281201219756,7.168187018926879,-0.8384311603252805,0.7029668106043652,-3.108624468950438e-14,4.224012397041737e-15,False,False,False,False
5.0,1.3,5.0,19,0.9500000000000001,36.8362548516811,1,1.7468371460861296,60.21045030105914,18.829354523880035,7.168187018926879,14.762976074389343,217.94546257299203,-1.4210854715202004e-13,5.261839457924821e-17,True,True,True,True
5.0,1.3,5.0,19,0.9500000000000001,36.8362548516811,2,3.198651628964585,72.63909941734879,22.774092118216647,7.168187018926879,18.794499568279278,353.23321402204976,-2.2737367544323206e-13,4.841486096289293e-17,True,True,True,True
5.0,1.3,5.0,20,1.0,38.210182081982495,0,-0.038857334869276894,-2.225241783111269,0.037690403372216616,7.168187018926879,-0.8520508762447434,0.7259906957093927,-4.241051954068098e-14,5.570787748569214e-15,False,False,False,False
5.0,1.3,5.0,20,1.0,38.210182081982495,1,2.3531554744341436,66.9763863265097,21.175815029763992,7.168187018926879,17.16591977065771,294.6688015726571,-1.1368683772161603e-13,3.9333022700088973e-17,True,True,True,True
5.0,1.3,10.0,0,0.0,14.04996574336338,0,1.002853020563853,45.08161653647549,12.535611883965009,12.535611883965009,0.0,0.0,0.0,1.422252215937258e-16,True,True,True,True
5.0,1.3,10.0,1,0.05,14.897487945946288,0,-0.05652689611672246,-3.235309590302916,0.0796278156529177,12.535611883965009,0.042486097505450626,0.0018050684811546924,-8.796544222200442e-14,2.4726572602874632e-14,False,False,True,False
5.0,1.3,10.0,1,0.05,14.897487945946288,1,1.0049293152803327,45.14086700724832,12.561464579408007,12.535611883965009,0.568054027324024,0.32268537795940233,3.593236819199319e-13,9.646414774418317e-16,True,True,True,True
5.0,1.3,10.0,1,0.05,14.897487945946288,2,9.375878322233016,83.91203792907537,24.718807591305403,12.535611883965009,17.325766468989798,300.1821837379709,-3.410605131648481e-13,8.455282864714449e-17,True,True,True,True
5.0,1.3,10.0,2,0.1,15.745010148529191,0,-0.05657451587095208,-3.238029303645953,0.07976160510790556,12.535611883965009,-0.01177232656658056,0.00013858767273455808,-5.5660364555246145e-14,1.4668553055113872e-14,False,False,False,False
5.0,1.3,10.0,2,0.1,15.745010148529191,1,1.0108690813452181,45.30969018789303,12.635125204149254,12.535611883965009,1.1177767266519822,1.2494248106448254,5.10702591327572e-15,1.192793418603801e-16,True,True,True,True
5.0,1.3,10.0,2,0.1,15.745010148529191,2,8.78764064563862,83.50788599499363,24.680399385678466,12.535611883965009,17.28494672033912,298.76938312496196,-1.7053025658242404e-13,6.681791953594892e-17,True,True,True,True
5.0,1.3,10.0,3,0.15000000000000002,16.5925323511121,0,-0.05646351073164313,-3.2316894297516847,0.07944990463448981,12.535611883965009,-0.06341279623873941,0.004021182726711592,-1.0429157537572564e-13,2.6081599417424858e-14,False,False,False,False
5.0,1.3,10.0,3,0.15000000000000002,16.5925323511121,1,1.0203337367348708,45.57663639444718,12.751588102341985,12.535611883965009,1.654330911209378,2.7368107637830974,2.4646951146678475e-13,6.277307677166481e-16,True,True,True,True
5.0,1.3,10.0,3,0.15000000000000002,16.5925323511121,2,8.25378411956972,83.09191085188615,24.63833609758995,12.535611883965009,17.240229682448906,297.22551950359224,-5.684341886080802e-14,2.087875030502402e-17,True,True,True,True
5.0,1.3,10.0,4,0.2,17.440054553695003,0,-0.05621603769076078,-3.2175551336978203,0.07875718052116007,12.535611883965009,-0.11247475266006624,0.012650569985930615,-1.2460518727941405e-14,3.0039562003255955e-15,False,False,False,False
5.0,1.3,10.0,4,0.2,17.440054553695003,1,1.0330918203879593,45.93249808790255,12.906807201709997,12.535611883965009,2.182048380748043,4.76133513592535,1.9451107391432743e-13,5.551661739841036e-16,True,True,True,True
5.0,1.3,10.0,4,0.2,17.440054553695003,2,7.766092611352535,82.66268977913164,24.5922507712367,12.535611883965009,17.191221479529958,295.53809595825214,-5.684341886080802e-14,3.5215858222831814e-17,True,True,True,True
5.0,1.3,10.0,5,0.25,18.28757675627791,0,-0.05585172014865414,-3.1967466108679523,0.07774285389222564,12.535611883965009,-0.15902184876102998,0.025287948383230452,-1.4544268567284746e-13,3.3090558447152483e-14,False,False,False,False
5.0,1.3,10.0,5,0.25,18.28757675627791,1,1.0490017116103776,46.36996284069027,13.097531252987903,12.535611883965009,2.704612847438911,7.3149306545320485,4.3431924723336124e-13,1.157565628954884e-15,True,True,True,True
5.0,1.3,10.0,5,0.25,18.28757675627791,2,7.317827460819448,82.21858160481892,24.541709888167173,12.535611883965009,17.137456487954854,293.6924148765456,-2.8421709430404007e-13,4.692608779067614e-18,True,True,True,True
5.0,1.3,10.0,6,0.30000000000000004,19.13509895886082,0,-0.05538785894500231,-3.1702512869884116,0.07646080536341153,12.535611883965009,-0.20313489876293556,0.04126378709532219,-1.058875209736243e-13,2.3118497625703325e-14,False,False,False,False
5.0,1.3,10.0,6,0.30000000000000004,19.13509895886082,1,1.0680013435057085,46.88335787666186,13.32117808408464,12.535611883965009,3.225213246769366,10.402000487136803,2.078337502098293e-13,5.680160806199323e-16,True,True,True,True
5.0,1.3,10.0,6,0.30000000000000004,19.13509895886082,2,6.903390320787095,81.75767337674756,24.486197179672203,12.535611883965009,17.07837981578101,291.671057132076,-1.7053025658242404e-13,7.784655704931929e-17,True,True,True,True
5.0,1.3,10.0,7,0.35000000000000003,19.982621161443728,0,-0.05483965041924321,-3.138936372808694,0.07495924995941501,12.535611883965009,-0.24490635033786967,0.05997912043570375,-1.1160516955044386e-13,2.3433262788346142e-14,False,False,False,False
5.0,1.3,10.0,7,0.35000000000000003,19.982621161443728,1,1.0901037116540104,47.468474562418564,13.575742904449905,12.535611883965009,3.7466754901522368,14.037577228507729,2.255973186038318e-13,4.1088780085090374e-16,True,True,True,True
5.0,1.3,10.0,7,0.35000000000000003,19.982621161443728,2,6.518068680169979,81.27770953854544,24.42509201077343,12.535611883965009,17.013323889019546,289.45318975268316,0.0,1.5941448529864668e-17,True,True,True,True
5.0,1.3,10.0,8,0.4,20.830143364026632,0,-0.05422040069408185,-3.1035611672211054,0.07328086140958068,12.535611883965009,-0.28443599107776096,0.08090383302037374,-1.4377388168895777e-14,2.8451057964297656e-15,False,False,False,False
5.0,1.3,10.0,8,0.4,20.830143364026632,1,1.1153978040421568,48.122467191868985,13.859737352916445,12.535611883965009,4.271580751498638,18.246402116573705,3.907985046680551e-14,1.603219270133991e-16,True,True,True,True
5.0,1.3,10.0,8,0.4,20.830143364026632,2,6.157839235437818,80.77599601051263,24.35763996387457,12.535611883965009,16.941476563227862,287.0136281423988,-1.7053025658242404e-13,2.2727696137804723e-17,True,True,True,True
5.0,1.3,10.0,9,0.45,21.677665566609537,0,-0.05354172956694514,-3.064788740344477,0.07146305578254727,12.535611883965009,-0.32182764619337356,0.10357303385425976,-1.0748346657152297e-13,2.1087421430033347e-14,False,False,False,False
5.0,1.3,10.0,9,0.45,21.677665566609537,1,1.1440553799838384,48.843827452338665,14.172158281660838,12.535611883965009,4.8023788696007585,23.062842807188048,1.8829382497642655e-13,5.311565722111673e-16,True,True,True,True
5.0,1.3,10.0,9,0.45,21.677665566609537,2,5.8192113596602155,80.24926734376268,24.28291192289113,12.535611883965009,16.86183673168815,284.3215379661077,0.0,1.3722106742697806e-17,True,True,True,True
5.0,1.3,10.0,10,0.5,22.525187769192442,0,-0.052813760282552025,-3.023196791280919,0.06953836897462363,12.535611883965009,-0.35718666635012064,0.12758231461824499,-6.741829317036263e-14,1.284953425385752e-14,False,False,False,False
5.0,1.3,10.0,10,0.5,22.525187769192442,1,1.1763450169506644,49.632445431998065,14.512488440040796,12.535611883965009,5.341507027504505,28.531697324879985,-3.197442310920451e-14,9.979746881777257e-18,True,True,True,True
5.0,1.3,10.0,10,0.5,22.525187769192442,2,5.4990971423984565,79.69349791038918,24.19974569535442,12.535611883965009,16.773150931725098,281.3385921784305,-5.684341886080802e-14,1.7810281525415108e-17,True,True,True,True
5.0,1.3,10.0,11,0.55,23.37270997177535,0,-0.052045293407811055,-2.9792875848539655,0.06753488156529569,12.535611883965009,-0.3906180414770781,0.15258245432738526,-3.0531133177191805e-15,5.137860741692403e-16,False,False,False,False
5.0,1.3,10.0,11,0.55,23.37270997177535,1,1.2126563456983857,50.489782617167805,14.880736025538326,12.535611883965009,5.891527504779917,34.71009633957834,6.394884621840902e-14,2.6360007388725955e-16,True,True,True,True
5.0,1.3,10.0,11,0.55,23.37270997177535,2,5.194696485459168,79.10362529356968,24.106660184876358,12.535611883965009,16.673820055539437,278.0162752445089,-2.2737367544323206e-13,4.5795586948799835e-17,True,True,True,True
5.0,1.3,10.0,12,0.6000000000000001,24.22023217435826,0,-0.051243964310233814,-2.9334969433056206,0.06547665892404446,12.535611883965009,-0.42222500779407546,0.17827395720667938,-2.7700064464397656e-14,4.997754751123374e-15,False,False,False,False
5.0,1.3,10.0,12,0.6000000000000001,24.22023217435826,1,1.2535400153386145,51.41920761439625,15.277528229142744,12.535611883965009,6.455305895867516,41.67097420922187,-4.973799150320701e-14,2.8358572451097944e-17,True,True,True,True
5.0,1.3,10.0,12,0.6000000000000001,24.22023217435826,2,4.9033855250007505,78.47313015459503,24.001724604871228,12.535611883965009,16.561757053075315,274.29179668508993,0.0,6.963481019484588e-17,True,True,True,True
5.0,1.3,10.0,13,0.65,25.067754376941163,0,-0.0504163845542942,-2.8862023141982056,0.06338418511650108,12.535611883965009,-0.4521080414519716,0.2044016811454844,-5.3262949606391885e-14,9.434856696968733e-15,False,False,False,False
5.0,1.3,10.0,13,0.65,25.067754376941163,1,1.299773998975724,52.42659372609526,15.704289327303039,12.535611883965009,7.036267000365781,49.509053300436534,7.105427357601002e-14,1.1052871995858026e-16,True,True,True,True
5.0,1.3,10.0,13,0.65,25.067754376941163,2,4.622593255847574,77.79336954782993,23.882350310810658,12.535611883965009,16.434160206047984,270.0816216780511,-5.684341886080802e-14,6.002382339950418e-17,True,True,True,True
5.0,1.3,10.0,14,0.7000000000000001,25.91527657952407,0,-0.04956826802133052,-2.837729962885513,0.061274776930445064,12.535611883965009,-0.48036415362560736,0.230749720088415,-3.111400026512001e-14,5.31230753022369e-15,False,False,False,False
5.0,1.3,10.0,14,0.7000000000000001,25.91527657952407,1,1.3524775787047845,53.521379086894086,16.163566070845484,12.535611883965009,7.638799996510617,58.351265386690415,-1.8474111129762605e-13,3.2219063948689267e-18,True,True,True,True
5.0,1.3,10.0,14,0.7000000000000001,25.91527657952407,2,4.349641687131262,77.05245991985448,23.74494103341747,12.535611883965009,16.287131757135235,265.27066087428295,-1.1368683772161603e-13,5.295598175327449e-18,True,True,True,True
5.0,1.3,10.0,15,0.75,26.762798782106973,0,-0.04870454283125514,-2.7883613527724527,0.059162969906776317,12.535611883965009,-0.5070864193071993,0.2571366366457811,-1.5654144647214707e-14,2.5316312654622207e-15,False,False,False,False
5.0,1.3,10.0,15,0.75,26.762798782106973,1,1.413319390264662,54.71852568696939,16.659637684255554,12.535611883965009,8.26896552362074,68.37579083082844,2.842170943040401e-14,4.2640869347797523e-17,True,True,True,True
5.0,1.3,10.0,15,0.75,26.762798782106973,2,4.081500661518319,76.23327106386694,23.5842630480236,12.535611883965009,16.11499035982184,259.69291429715065,-1.7053025658242404e-13,3.306339289256112e-17,True,True,True,True
5.0,1.3,10.0,16,0.8,27.61032098468988,0,-0.04782945027138741,-2.738338783299246,0.0570608721671246,12.535611883965009,-0.5323636860783778,0.28341109425490085,-5.67323965583455e-14,9.446145675427535e-15,False,False,False,False
5.0,1.3,10.0,16,0.8,27.61032098468988,1,1.4849318834170515,56.04243114344243,17.199743230345913,12.535611883965009,8.935871029348982,79.8497910531585,5.684341886080802e-14,7.200992808351984e-17,True,True,True,True
5.0,1.3,10.0,16,0.8,27.61032098468988,2,3.8143431057325548,75.30947527300115,23.39220161996359,12.535611883965009,15.908911848161193,253.09347619256334,-2.2737367544323206e-13,2.5214057253119312e-17,True,True,True,True
5.0,1.3,10.0,17,0.8500000000000001,28.45784318727279,0,-0.04694663196994986,-2.6878703570308566,0.054978484508961735,12.535611883965009,-0.5562804203883496,0.3094479061073848,-5.412337245047638e-14,8.70556877700497e-15,False,False,False,False
5.0,1.3,10.0,17,0.8500000000000001,28.45784318727279,1,1.5718492340775216,57.535753488787385,17.79686292017215,12.535611883965009,9.65474283003693,93.21405911414968,1.5631940186722204e-13,8.33995808947041e-17,True,True,True,True
5.0,1.3,10.0,17,0.8500000000000001,28.45784318727279,2,3.5425822474605635,74.2366899228789,23.154966432798176,12.535611883965009,15.653870550056972,245.04366319794093,-2.842170943040401e-14,8.377881808398734e-17,True,True,True,True
5.0,1.3,10.0,18,0.9,29.30536538985569,0,-0.04605920652427753,-2.637134345378175,0.052923987022122365,12.535611883965009,-0.5789166578521165,0.33514449673862023,-4.4353409833775004e-14,7.120656474125667e-15,False,False,False,False
5.0,1.3,10.0,18,0.9,29.30536538985569,1,1.6830947782866652,59.283606552996055,18.477367040890897,12.535611883965009,10.455333608418787,109.31400086333139,-2.842170943040401e-14,1.3147284603254704e-16,True,True,True,True
5.0,1.3,10.0,18,0.9,29.30536538985569,2,3.2562636305164396,72.92825471349342,22.84543176269549,12.535611883965009,15.320242949543854,234.7098440330482,2.842170943040401e-14,5.052199963407187e-17,True,True,True,True
5.0,1.3,10.0,19,0.9500000000000001,30.1528875924386,0,-0.04516983673052377,-2.5862830186652164,0.05090399361807056,12.535611883965009,-0.600348031241267,0.3604177586152246,-4.068967385251199e-14,6.3068515440735705e-15,False,False,False,False
5.0,1.3,10.0,19,0.9500000000000001,30.1528875924386,1,1.8424318195870324,61.50861957560226,19.31114186894991,12.535611883965009,11.415021605045249,130.30271824364976,-5.684341886080802e-14,2.904414719139196e-17,True,True,True,True
5.0,1.3,10.0,19,0.9500000000000001,30.1528875924386,2,2.930797225777149,71.16014898172749,22.393001584123844,12.535611883965009,14.830717860910635,219.95019226993367,-5.684341886080802e-14,4.361677320284318e-17,True,True,True,True
5.0,1.3,10.0,20,1.0,31.000409795021504,0,-0.04428078847882455,-2.5354460013910076,0.04892377654253114,12.535611883965009,-0.6206458555327368,0.38520127799002135,5.861977570020827e-14,9.146072758310435e-15,False,False,False,False
5.0,1.3,10.0,20,1.0,31.000409795021504,1,2.307653391523412,66.57095468414758,21.047595909560332,12.535611883965009,13.35955747559931,178.4777759438412,-1.9895196601282805e-13,2.86385542647835e-17,True,True,True,True
5.0,1.4,2.0,0,0.0,7.558918142626177,0,0.46989844433186956,25.168758418667387,4.521701453968774,4.521701453968774,8.881784197001252e-16,-3.552713678800501e-15,-3.552713678800502e-15,6.21648107416645e-17,True,True,True,True
5.0,1.4,2.0,1,0.05,9.08213480442894,0,-0.09363618067413881,-5.349360424834707,0.21728823278265622,4.521701453968774,-0.1290237543772963,0.016647129193783416,1.7053025658242404e-13,2.969846590872294e-14,False,False,False,False
5.0,1.4,2.0,1,0.05,9.08213480442894,1,0.4755820553475658,25.434922018069663,4.6114478816160425,4.521701453968774,0.627704580695581,0.3940130406250013,-1.213862343973915e-12,1.8337739918886722e-14,True,True,True,True
5.0,1.4,2.0,1,0.05,9.08213480442894,2,21.377004428770434,87.32169953493678,24.945412024599445,4.521701453968774,22.471338533221484,504.9610554746447,0.0,3.361178229700473e-17,True,True,True,True
5.0,1.4,2.0,2,0.1,10.605351466231703,0,-0.09129632649703012,-5.216433242876957,0.2066530238680475,4.521701453968774,-0.2501593530699713,0.06257970192821127,-1.752764600126966e-13,3.114175584073564e-14,False,False,False,False
5.0,1.4,2.0,2,0.1,10.605351466231703,1,0.4897118552200874,26.091539470455,4.835745225326075,4.521701453968774,1.2038202113640324,1.4491831012888365,2.928768338961163e-13,3.556071627867728e-15,True,True,True,True
5.0,1.4,2.0,2,0.1,10.605351466231703,2,18.177911071220286,86.85122861868682,24.924570758795184,4.521701453968774,22.45040197979065,504.020549054188,0.0,2.0509464654195177e-18,True,True,True,True
5.0,1.4,2.0,3,0.15000000000000002,12.128568128034468,0,-0.08813332788840178,-5.036653915990648,0.19269036786704838,4.521701453968774,-0.35103659391986874,0.12322669027073763,-1.2520540160210203e-13,2.298161660974074e-14,False,False,False,False
5.0,1.4,2.0,3,0.15000000000000002,12.128568128034468,1,0.5096817565514691,27.007109442172435,5.155194207475991,4.521701453968774,1.7679586101068052,3.1256776470507415,-4.4853010194856324e-14,2.8276847192763535e-16,True,True,True,True
5.0,1.4,2.0,3,0.15000000000000002,12.128568128034468,2,15.763711015616796,86.37020068949262,24.89979742445466,4.521701453968774,22.425515149235885,502.9037297086083,1.1368683772161603e-13,5.032111955761755e-17,True,True,True,True
5.0,1.4,2.0,4,0.2,13.651784789837231,0,-0.08455790921132067,-4.833313742063042,0.17748199687599692,4.521701453968774,-0.4355778949895226,0.18972810260322043,-2.8313462685503055e-13,5.4012350148013866e-14,False,False,False,False
5.0,1.4,2.0,4,0.2,13.651784789837231,1,0.5341674280033697,28.109680877605633,5.549815347857574,4.521701453968774,2.340612960570418,5.478469031190993,7.762679388179095e-13,6.176416795367615e-15,True,True,True,True
5.0,1.4,2.0,4,0.2,13.651784789837231,2,13.871152706583167,85.87656277377057,24.870740162836025,4.521701453968774,22.396324444378244,501.59534861785414,-3.410605131648481e-13,2.3086845959747188e-17,True,True,True,True
5.0,1.4,2.0,5,0.25,15.175001451639995,0,-0.08081652816971552,-4.620404339525976,0.16222325010075558,4.521701453968774,-0.5068675195703793,0.2569146823953831,-4.574118861455645e-14,8.289048750468218e-15,False,False,False,False
5.0,1.4,2.0,5,0.25,15.175001451639995,1,0.5624753770898825,29.356681834363517,6.008502453049792,4.521701453968774,2.93336546495376,8.604632950983504,1.1368683772161603e-13,7.641602820947488e-16,True,True,True,True
5.0,1.4,2.0,5,0.25,15.175001451639995,2,12.342579687243822,85.36799408027633,24.836962837659826,4.521701453968774,22.362391562572704,500.07655639782297,1.1368683772161603e-13,7.141544164384072e-17,True,True,True,True
5.0,1.4,2.0,6,0.30000000000000004,16.69821811344276,0,-0.07705761397826505,-4.406368338001019,0.1475706406540242,4.521701453968774,-0.5673364318297744,0.3218706268810958,-2.4452662117369073e-13,4.2283744910840554e-14,False,False,False,False
5.0,1.4,2.0,6,0.30000000000000004,16.69821811344276,1,0.594264919517622,30.721530457983054,6.524601618434095,4.521701453968774,3.5531919296577055,12.62517288898539,7.407408020299044e-13,4.0347606553961825e-15,True,True,True,True
5.0,1.4,2.0,6,0.30000000000000004,16.69821811344276,2,11.077750073164015,84.84183124740893,24.797925171125577,4.521701453968774,22.323173525886357,498.32407626683363,1.1368683772161603e-13,4.420149661433552e-17,True,True,True,True
5.0,1.4,2.0,7,0.35000000000000003,18.221434775245523,0,-0.07336961688451149,-4.196250557234964,0.1338569515970965,4.521701453968774,-0.6189129862004814,0.38305328448749537,-1.0191847366058937e-13,1.6778235986721976e-14,False,False,False,False
5.0,1.4,2.0,7,0.35000000000000003,18.221434775245523,1,0.6294204425804977,32.18715016342791,7.093872289841126,4.521701453968774,4.204497735067316,17.677801204186444,2.5224267119483557e-13,1.2290329394653515e-15,True,True,True,True
5.0,1.4,2.0,7,0.35000000000000003,18.221434775245523,2,10.009816051330764,84.29496995393659,24.752955681170434,4.521701453968774,22.277995472993574,496.30908229472215,0.0,3.2838547594841e-17,True,True,True,True
5.0,1.4,2.0,8,0.4,19.744651437048287,0,-0.06980362993558531,-3.9929764737216047,0.12122300404993004,4.521701453968774,-0.6631377127522262,0.43975162607407836,-1.7574830479816228e-13,2.7992872699993474e-14,False,False,False,False
5.0,1.4,2.0,8,0.4,19.744651437048287,1,0.6679925941103737,33.74262999230869,7.713486267368756,4.521701453968774,4.890184756976568,23.913906957366006,2.842170943040401e-14,1.440546434248709e-16,True,True,True,True
5.0,1.4,2.0,8,0.4,19.744651437048287,2,9.092414240108571,83.72373235474231,24.701214253491123,4.521701453968774,22.226013028374158,493.9956551374581,2.8421709430404007e-13,9.277053244288952e-17,True,True,True,True
5.0,1.4,2.0,9,0.45,21.267868098851046,0,-0.0663872306064941,-3.7981348751280803,0.10969814097986917,4.521701453968774,-0.7012496492906066,0.4917510706299169,-2.8188562595232725e-13,4.342627006981813e-14,False,False,False,False
5.0,1.4,2.0,9,0.45,21.267868098851046,1,0.7101760137863913,35.38145619146561,8.381526580058544,4.521701453968774,5.6122726772627205,31.497604603950215,5.506706202140776e-13,1.7134090754633502e-15,True,True,True,True
5.0,1.4,2.0,9,0.45,21.267868098851046,2,8.29229328799169,83.1236839462846,24.641639371876796,4.521701453968774,22.166159243924348,491.33861562701304,2.2737367544323206e-13,5.530541951599903e-17,True,True,True,True
5.0,1.4,2.0,10,0.5,22.79108476065381,0,-0.0631331447914718,-3.612468316475038,0.09924926217071148,4.521701453968774,-0.7342515536462353,0.5391253440317705,-1.3988810110276972e-13,2.0873909434418866e-14,False,False,False,False
5.0,1.4,2.0,10,0.5,22.79108476065381,1,0.7563108941495815,37.10061356747831,9.096754517117441,4.521701453968774,6.372310068285123,40.606335606368134,1.8474111129762605e-13,4.3955508635355326e-16,True,True,True,True
5.0,1.4,2.0,10,0.5,22.79108476065381,2,7.584883296375848,82.4893734689926,24.572871932014507,4.521701453968774,22.09706799156661,488.2804138239176,-5.684341886080802e-14,8.243384260866914e-17,True,True,True,True
5.0,1.4,2.0,11,0.55,24.314301422456577,0,-0.06004476336187059,-3.4361859073355503,0.0898105396303458,4.521701453968774,-0.7629596146842927,0.582107373639054,-1.504352198367087e-13,2.199226142748891e-14,False,False,False,False
5.0,1.4,2.0,11,0.55,24.314301422456577,1,0.8069053300736877,38.90024466428742,9.858544388373687,4.521701453968774,7.171696437173154,51.43322978696198,-1.3500311979441904e-13,2.6830768264206674e-16,True,True,True,True
5.0,1.4,2.0,11,0.55,24.314301422456577,2,6.951509343018628,81.81395166364617,24.49314203068712,4.521701453968774,22.016960119511353,484.7465329041531,-2.2737367544323206e-13,1.095096559886347e-16,True,True,True,True
5.0,1.4,2.0,12,0.6000000000000001,25.83751808425934,0,-0.05711969695647179,-3.26916525940286,0.08130123623641404,4.521701453968774,-0.7880417133671018,0.621009742006577,1.9539925233402755e-14,2.808648113088947e-15,False,False,False,False
5.0,1.4,2.0,12,0.6000000000000001,25.83751808425934,1,0.8626823361446883,40.783759880465894,10.666952365036815,4.521701453968774,8.011993605896892,64.19204154093276,8.526512829121202e-14,1.4152292221265919e-16,True,True,True,True
5.0,1.4,2.0,12,0.6000000000000001,25.83751808425934,2,6.377558053921106,81.08859144145079,24.400094737967162,4.521701453968774,21.923468238566052,480.63845960741435,-1.1368683772161603e-13,7.164346718107529e-17,True,True,True,True
5.0,1.4,2.0,13,0.65,27.360734746062104,0,-0.05435208327398566,-3.1110838539460404,0.07363619162692195,4.521701453968774,-0.8100471290529447,0.6561763512867728,-1.45328193923433e-13,2.048890088839933e-14,False,False,False,False
5.0,1.4,2.0,13,0.65,27.360734746062104,1,0.9246637658440822,42.758441813758466,11.522933427248029,4.521701453968774,8.895300312901153,79.12636765669937,2.842170943040401e-14,1.4271480241249048e-16,True,True,True,True
5.0,1.4,2.0,13,0.65,27.360734746062104,2,5.8512039217989,80.30156606152781,24.290510180151852,4.521701453968774,21.81335520043818,475.8224651004834,-5.684341886080802e-14,1.0445466845008526e-16,True,True,True,True
5.0,1.4,2.0,14,0.7000000000000001,28.883951407864863,0,-0.0517340885803117,-2.961504742830156,0.06673179598964908,4.521701453968774,-0.8294297784206066,0.6879537573308114,-4.518607710224387e-14,6.4399925077963095e-15,False,False,False,False
5.0,1.4,2.0,14,0.7000000000000001,28.883951407864863,1,0.9943184100785643,44.83677117901856,12.428778376356723,4.521701453968774,9.824795755093355,96.52661162930059,1.8474111129762605e-13,2.9833711594294132e-16,True,True,True,True
5.0,1.4,2.0,14,0.7000000000000001,28.883951407864863,2,5.36244782162793,79.43670122543772,24.15982898074692,4.521701453968774,21.682036779956725,470.11071892739625,5.684341886080802e-14,4.608120024234305e-17,True,True,True,True
5.0,1.4,2.0,15,0.75,30.40716806966763,0,-0.049256882568434524,-2.819932345484081,0.060509202133363436,4.521701453968774,-0.8465665136278939,0.7166748619960068,-8.026912468039882e-14,1.0972364793033366e-14,False,False,False,False
5.0,1.4,2.0,15,0.75,30.40716806966763,1,1.0738352355503675,47.0390536196486,13.388953953059682,4.521701453968774,10.80565555926607,116.76219206549798,2.7000623958883807e-13,3.624652523040868e-16,True,True,True,True
5.0,1.4,2.0,15,0.75,30.40716806966763,2,4.9022747796452055,78.47058835118841,24.00129025370047,4.521701453968774,21.522714580759242,463.22724292482644,-5.684341886080802e-14,3.9433060724666774e-17,True,True,True,True
5.0,1.4,2.0,16,0.8,31.930384731470394,0,-0.04691126610249974,-2.6858484948874417,0.054895864671853305,4.521701453968774,-0.8617716124855461,0.742650312085852,-8.626432901337466e-14,1.1669095298187874e-14,False,False,False,False
5.0,1.4,2.0,16,0.8,31.930384731470394,1,1.16667073740105,49.39880413706024,14.411807300597683,4.521701453968774,11.84681587906388,140.34704647244027,1.7053025658242404e-13,3.493069036516487e-16,True,True,True,True
5.0,1.4,2.0,16,0.8,31.930384731470394,2,4.461700414441414,77.36708191799738,23.804215127606636,4.521701453968774,21.32464926073345,454.74066609329947,-2.8421709430404007e-13,7.948207021586826e-17,True,True,True,True
5.0,1.4,2.0,17,0.8500000000000001,33.45360139327316,0,-0.044688068955968996,-2.55873536699362,0.049826083814695624,4.521701453968774,-0.8753083120290885,0.7661646411071812,-3.108624468950438e-14,4.116781392149003e-15,False,False,False,False
5.0,1.4,2.0,17,0.8500000000000001,33.45360139327316,1,1.2787923947254527,51.97502769978919,15.51344999025666,4.521701453968774,12.964916255169118,168.0890535035485,8.526512829121202e-14,1.5958719537398407e-16,True,True,True,True
5.0,1.4,2.0,17,0.8500000000000001,33.45360139327316,2,4.030232183518359,76.06492947354369,23.550117069750236,4.521701453968774,21.069247092375054,443.91317303955464,-5.684341886080802e-14,8.825600335824083e-18,True,True,True,True
5.0,1.4,2.0,18,0.9,34.976818055075924,0,-0.042578394791425334,-2.4380896779956918,0.045240974321630635,4.521701453968774,-0.8873980321966481,0.7874752675464081,-7.527312106958561e-14,9.997652531928531e-15,False,False,False,False
5.0,1.4,2.0,18,0.9,34.976818055075924,1,1.4221212926436952,54.886075597990555,16.728507025325904,4.521701453968774,14.19514100887959,201.50202826197525,1.9895196601282805e-13,1.7164544114701887e-17,True,True,True,True
5.0,1.4,2.0,18,0.9,34.976818055075924,2,3.5922085685243736,74.44384639138966,23.201951409161197,4.521701453968774,20.719242462597727,429.2870082239127,0.0,2.851598170305545e-17,True,True,True,True
5.0,1.4,2.0,19,0.9500000000000001,36.50003471687869,0,-0.040573764775434285,-2.323431072199072,0.04108811919090682,4.521701453968774,-0.8982277851121601,0.8068131539474881,-8.659739592076221e-15,1.0502648837054019e-15,False,False,False,False
5.0,1.4,2.0,19,0.9500000000000001,36.50003471687869,1,1.6282245748244433,58.44317282902959,18.15277711652124,4.521701453968774,15.634170538672999,244.42728843231075,-2.842170943040401e-14,5.199595345813906e-17,True,True,True,True
5.0,1.4,2.0,19,0.9500000000000001,36.50003471687869,2,3.1129430174252484,72.19093451385493,22.661456379261747,4.521701453968774,20.175766527526424,407.0615549732558,1.7053025658242404e-13,3.590148310273738e-17,True,True,True,True
5.0,1.4,2.0,20,1.0,38.023251378681444,0,-0.03866619423810924,-2.214306661425288,0.037321066643559754,4.521701453968774,-0.9079561523036046,0.8243843745059583,-8.215650382226158e-15,1.0648744813181578e-15,False,False,False,False
5.0,1.4,2.0,20,1.0,38.023251378681444,1,2.2434575341095755,65.9755286829949,20.85619450613098,4.521701453968774,18.359272812160796,337.06289819134685,2.8421709430404007e-13,5.12185882598981e-17,True,True,True,True
5.0,1.4,5.0,0,0.0,11.422562094275685,0,0.7333325573459253,36.25380882506192,8.742762534440425,8.742762534440427,0.0,-2.1316282072803006e-14,-2.1316282072803006e-14,2.6580233074623715e-16,True,True,True,True
5.0,1.4,5.0,1,0.05,12.513427427398732,0,-0.06776364721701356,-3.876644501789646,0.11427306525740279,8.742762534440427,-0.030421534066392697,0.0009254697348981544,-5.45369955792796e-14,1.3100631690576847e-14,False,False,False,False
5.0,1.4,5.0,1,0.05,12.513427427398732,1,0.7363664710807281,36.3666854856944,8.789765760464292,8.742762534440427,0.6385695753598881,0.4077711025752606,-4.723998969780041e-14,1.6908052954482154e-16,True,True,True,True
5.0,1.4,5.0,1,0.05,12.513427427398732,2,12.155344368968283,85.29696244213123,24.831935481041842,8.742762534440427,19.942041514340566,397.68501975968275,1.7053025658242404e-13,5.222271677984977e-17,True,True,True,True
5.0,1.4,5.0,2,0.1,13.604292760521776,0,-0.06739329585036025,-3.8555213978239906,0.11303302836447858,8.742762534440427,-0.10782757393968234,0.011626785701577713,-1.399488164244289e-13,3.3639757646142243e-14,False,False,False,False
5.0,1.4,5.0,2,0.1,13.604292760521776,1,0.7446974712119037,36.674962230778284,8.918427301929524,8.742762534440427,1.2436080031780907,1.5465608655690133,4.1522341120980855e-13,1.7655502572135532e-15,True,True,True,True
5.0,1.4,5.0,2,0.1,13.604292760521776,2,11.083430304533366,84.84446054677187,24.798130571711738,8.742762534440427,19.907453247161776,396.30669478793186,-5.684341886080802e-14,1.2518932861219066e-17,True,True,True,True
5.0,1.4,5.0,3,0.15000000000000002,14.695158093644823,0,-0.06668555941040788,-3.8151525177085794,0.11068189745194207,8.742762534440427,-0.17867597765819254,0.03192510499207535,-3.556877015142845e-14,8.149248697811616e-15,False,False,False,False
5.0,1.4,5.0,3,0.15000000000000002,14.695158093644823,1,0.7574728205740113,37.142939274946286,9.114528645680233,8.742762534440427,1.8291938504748053,3.3459501426149174,7.283063041541027e-14,2.7045234822441394e-16,True,True,True,True
5.0,1.4,5.0,3,0.15000000000000002,14.695158093644823,2,10.161842315308927,84.37976952488278,24.760221837173145,8.742762534440427,19.868662849815415,394.7637634396351,-1.1368683772161603e-13,1.8275093952014684e-17,True,True,True,True
5.0,1.4,5.0,4,0.2,15.786023426767867,0,-0.06572146737263296,-3.7601551652487126,0.10751837650454493,8.742762534440427,-0.24342263825986366,0.059254580817346914,-4.5526082903535325e-14,9.817752988483675e-15,False,False,False,False
5.0,1.4,5.0,4,0.2,15.786023426767867,1,0.7741362726936312,37.74475349503279,9.368033699216758,8.742762534440427,2.4054194281183516,5.786042625169543,3.2507330161024584e-13,1.0460377553483588e-15,True,True,True,True
5.0,1.4,5.0,4,0.2,15.786023426767867,2,9.359052652650634,83.90117542739209,24.71780705190973,8.742762534440427,19.82525755901751,393.0408372813808,-5.684341886080802e-14,5.804953749299373e-17,True,True,True,True
5.0,1.4,5.0,5,0.25,16.876888759890914,0,-0.06456542470367532,-3.6941987039629813,0.10378470499517325,8.742762534440427,-0.302548023398594,0.09153530646225794,-1.382366443536398e-13,2.836097423519832e-14,False,False,False,False
5.0,1.4,5.0,5,0.25,16.876888759890914,1,0.7943396599366412,38.46150931942404,9.67175008373636,8.742762534440427,2.979710977933511,8.878677512017973,4.920508445138694e-13,1.4812795733538965e-15,True,True,True,True
5.0,1.4,5.0,5,0.25,16.876888759890914,2,8.65162427773529,83.40671213671591,24.670404728125455,8.742762534440427,19.776743170425583,391.1195704289751,1.7053025658242404e-13,9.804519682859438e-17,True,True,True,True
5.0,1.4,5.0,6,0.30000000000000004,17.96775409301396,0,-0.06326843781863989,-3.620189196099244,0.09967339842974217,8.742762534440427,-0.3565294621844983,0.12711325740538926,-1.783573289060314e-13,3.491939184913968e-14,False,False,False,False
5.0,1.4,5.0,6,0.30000000000000004,17.96775409301396,1,0.8178904770357263,39.27940639117741,10.020475503876451,8.742762534440427,3.557688335064439,12.657146289453735,1.545430450278218e-13,5.325191155135467e-16,True,True,True,True
5.0,1.4,5.0,6,0.30000000000000004,17.96775409301396,2,8.021742251027899,82.89409772050801,24.617434862834404,8.742762534440427,19.722524226613626,388.9779618693615,1.1368683772161603e-13,1.6456715674474797e-16,True,True,True,True
5.0,1.4,5.0,7,0.35000000000000003,19.058619426137003,0,-0.06187077999466828,-3.540421600986628,0.09533489408174663,8.742762534440427,-0.4058250434325097,0.16469396587696494,-3.344546861683284e-14,6.26659257265156e-15,False,False,False,False
5.0,1.4,5.0,7,0.35000000000000003,19.058619426137003,1,0.8447219224371627,40.18851316392629,10.410448944954512,8.742762534440427,4.143743925853769,17.17061372305028,2.7000623958883807e-13,7.561953377620239e-16,True,True,True,True
5.0,1.4,5.0,7,0.35000000000000003,19.058619426137003,2,7.455588992293832,82.36065001510832,24.55819310128575,8.742762534440427,19.661877422785725,386.58942378865095,-5.684341886080802e-14,9.707281168882312e-18,True,True,True,True
5.0,1.4,5.0,8,0.4,20.149484759260048,0,-0.06040415625244089,-3.4567031870573253,0.09088494386476767,8.742762534440427,-0.4508648818079899,0.2032791416476457,-8.698597397938101e-14,1.5809424250604446e-14,False,False,False,False
5.0,1.4,5.0,8,0.4,20.149484759260048,1,0.8748783171219567,41.181976232163315,10.839000181269325,8.742762534440427,4.74145039997854,22.48135189545674,8.881784197001252e-14,1.3087865328888806e-16,True,True,True,True
5.0,1.4,5.0,8,0.4,20.149484759260048,2,6.942242026297858,81.80317236485456,24.49181542676663,8.742762534440427,19.593915250229003,383.9215148331567,5.684341886080802e-14,1.0392849243368647e-17,True,True,True,True
5.0,1.4,5.0,9,0.45,21.240350092383096,0,-0.058893444543887785,-3.37045267580868,0.08641123326740516,8.742762534440427,-0.4920470137329076,0.2421102637234912,1.9040324872321435e-14,3.3562204639230777e-15,False,False,False,False
5.0,1.4,5.0,9,0.45,21.240350092383096,1,0.9085126027520414,42.25554226284582,11.304335251041413,8.742762534440427,5.353866195977243,28.66388324442788,4.263256414560601e-14,1.4321716739212325e-16,True,True,True,True
5.0,1.4,5.0,9,0.45,21.240350092383096,2,6.472904043569848,81.21779538708071,24.417228860741403,8.742762534440427,19.517535219455468,380.9341810426848,2.2737367544323206e-13,4.925290151795357e-17,True,True,True,True
5.0,1.4,5.0,10,0.5,22.33121542550614,0,-0.05735808848909718,-3.2827794838713955,0.08197905087382173,8.742762534440427,-0.5297361606495745,0.2806203998997516,-1.6653345369377348e-16,1.3514041019988775e-16,False,False,False,False
5.0,1.4,5.0,10,0.5,22.33121542550614,1,0.9458952826887381,43.40732772374098,11.805423547645802,8.742762534440427,5.9837866179145145,35.8057022887329,7.815970093361102e-14,1.9288533179595142e-16,True,True,True,True
5.0,1.4,5.0,10,0.5,22.33121542550614,2,6.040348078938726,80.59975201565281,24.33308088069971,8.742762534440427,19.431347138886306,377.57725163190497,-5.684341886080802e-14,5.55337355679411e-17,True,True,True,True
5.0,1.4,5.0,11,0.55,23.42208075862919,0,-0.05581320818226487,-3.1945468948291054,0.07763601015167634,8.742762534440427,-0.5642642264935029,0.3183941173002808,-3.042011087472929e-14,4.997584367477228e-15,False,False,False,False
5.0,1.4,5.0,11,0.55,23.42208075862919,1,0.9874366978640825,44.63781759581075,12.34197232363294,8.742762534440427,6.63397835600939,44.00966882800114,9.237055564881302e-14,1.0567256425251318e-16,True,True,True,True
5.0,1.4,5.0,11,0.55,23.42208075862919,2,5.638502005541516,79.94304776135992,24.23763531853261,8.742762534440427,19.333565819543097,373.78676729860496,-1.7053025658242404e-13,2.1541841049910087e-17,True,True,True,True
5.0,1.4,5.0,12,0.6000000000000001,24.51294609175223,0,-0.054270485000031066,-3.106422367295267,0.07341590774182993,8.742762534440427,-0.5959318020154354,0.35513471265334906,-1.504352198367087e-14,2.373836483758967e-15,False,False,False,False
5.0,1.4,5.0,12,0.6000000000000001,24.51294609175223,1,1.033727912473914,45.95012213109609,12.914492990298603,8.742762534440427,7.3074359288212065,53.398619853827,-4.973799150320701e-14,8.082231508896008e-18,True,True,True,True
5.0,1.4,5.0,12,0.6000000000000001,24.51294609175223,2,5.262119485137237,79.23995952847086,24.128613250169774,8.742762534440427,19.2218470203767,369.4794028747647,5.684341886080802e-14,1.965001614630577e-17,True,True,True,True
5.0,1.4,5.0,13,0.65,25.60381142487528,0,-0.05273886617822954,-3.0189175942103152,0.06934183359985768,8.742762534440427,-0.6250102108901057,0.39063776371682235,-7.19979631469414e-14,1.1120729663297467e-14,False,False,False,False
5.0,1.4,5.0,13,0.65,25.60381142487528,1,1.085611346654559,47.350589714226345,13.524487803792267,8.742762534440427,8.007711895857108,64.12344980705143,-1.4210854715202004e-14,4.8813385141758045e-17,True,True,True,True
5.0,1.4,5.0,13,0.65,25.60381142487528,2,4.906494881079623,78.48023965574514,24.002939017437377,8.742762534440427,19.093025470209973,364.5436216060866,-1.7053025658242404e-13,7.157746688162478e-17,True,True,True,True
5.0,1.4,5.0,14,0.7000000000000001,26.694676757998323,0,-0.051225126028091594,-2.932420415109125,0.06542865274436437,8.742762534440427,-0.651743802650061,0.4247699842927154,-4.629630012686903e-14,7.175817327094507e-15,False,False,False,False
5.0,1.4,5.0,14,0.7000000000000001,26.694676757998323,1,1.144304254165427,48.85000264927195,14.174828463268511,8.742762534440427,8.739409664755575,76.37728128842322,5.684341886080802e-14,4.3863572737979395e-17,True,True,True,True
5.0,1.4,5.0,14,0.7000000000000001,26.694676757998323,2,4.567177936450248,77.6497811023675,23.856312307386467,8.742762534440427,18.94267327376001,358.82487075642183,0.0,5.732366651892863e-17,True,True,True,True
5.0,1.4,5.0,15,0.75,27.785542091121368,0,-0.04973431323509292,-2.847220256867344,0.06168496993302786,8.742762534440427,-0.6763523081060097,0.45745244468024904,-7.760458942129844e-14,1.169392720168873e-14,False,False,False,False
5.0,1.4,5.0,15,0.75,27.785542091121368,1,1.2116257711814167,50.46586980410408,14.870492255637105,8.742762534440427,9.509020226119445,90.42146566074878,8.526512829121202e-14,3.7336139672158133e-17,True,True,True,True
5.0,1.4,5.0,15,0.75,27.785542091121368,2,4.23962302287662,76.72821788601732,23.682435515654603,8.742762534440427,18.76430220887289,352.099037385912,-5.684341886080802e-14,8.565993241007164e-17,True,True,True,True
5.0,1.4,5.0,16,0.8,28.876407424244412,0,-0.04827010763774009,-2.7635284328080814,0.05811467490018168,8.742762534440427,-0.6990331449591478,0.48864733775143043,-4.651834473179406e-14,6.743966462618889e-15,False,False,False,False
5.0,1.4,5.0,16,0.8,28.876407424244412,1,1.2904508871474105,52.22707409965781,15.620064367470373,8.742762534440427,10.326532298088535,106.63726930346577,8.526512829121202e-14,8.862487927796473e-17,True,True,True,True
5.0,1.4,5.0,16,0.8,28.876407424244412,2,3.9186395161405763,75.68419437920583,23.471484222808428,8.742762534440427,18.547783770331055,344.02028279095606,0.0,2.945302471286245e-17,True,True,True,True
5.0,1.4,5.0,17,0.8500000000000001,29.96727275736746,0,-0.0468351050343625,-2.6814943535864253,0.054718150844747196,8.742762534440427,-0.719963608192318,0.5183475971212506,-5.0959236830294685e-14,7.509457129383673e-15,False,False,False,False
5.0,1.4,5.0,17,0.8500000000000001,29.96727275736746,1,1.3857400172884011,54.18442411028369,16.439163567107407,8.742762534440427,11.209017736639682,125.64207862030308,9.947598300641403e-14,1.280502724114393e-16,True,True,True,True
5.0,1.4,5.0,17,0.8500000000000001,29.96727275736746,2,3.597287467221108,74.46474821032166,23.20666109333816,8.742762534440427,18.27578744021882,334.0044065600599,-5.684341886080802e-14,5.982034264866814e-17,True,True,True,True
5.0,1.4,5.0,18,0.9,31.058138090490502,0,-0.04543104470890902,-2.6012184838025934,0.051493214627541944,8.742762534440427,-0.739302910195186,0.546568793023021,-5.029310301551959e-14,7.281752643951444e-15,False,False,False,False
5.0,1.4,5.0,18,0.9,31.058138090490502,1,1.5073841946234197,56.43966953812678,17.359896804188473,8.742762534440427,12.190444252451096,148.60693107211813,1.7053025658242404e-13,1.1128207999883259e-16,True,True,True,True
5.0,1.4,5.0,18,0.9,31.058138090490502,2,3.263973410063878,72.96624268805365,22.854725884969042,8.742762534440427,17.913986802302347,320.9109231530624,-2.2737367544323206e-13,3.682938278682858e-17,True,True,True,True
5.0,1.4,5.0,19,0.9500000000000001,32.14900342361355,0,-0.04405899131321789,-2.522762704792885,0.04843584448310201,8.742762534440427,-0.7571940550728193,0.5733428370376021,-1.765254609153999e-14,2.5614092578719788e-15,False,False,False,False
5.0,1.4,5.0,19,0.9500000000000001,32.14900342361355,1,1.6814966257643056,59.25969935622555,18.468203440602146,8.742762534440427,13.360352620169813,178.4990221352785,1.1368683772161603e-13,6.796465754855503e-17,True,True,True,True
5.0,1.4,5.0,19,0.9500000000000001,32.14900342361355,2,2.8911118173678805,70.92012680241791,22.32863958654337,8.742762534440427,17.372397507600432,301.8001951620819,1.7053025658242404e-13,2.299033796275831e-17,True,True,True,True
5.0,1.4,5.0,20,1.0,33.2398687567366,0,-0.042719480331199655,-2.446158607129399,0.04554074023814387,8.742762534440427,-0.7737655438904498,0.5987131169121638,8.01581023779363e-14,1.1265264415271613e-14,False,False,False,False
5.0,1.4,5.0,20,1.0,33.2398687567366,1,2.19275002708906,65.4847215478147,20.695705438237827,8.742762534440427,15.684623170178044,246.00740399048607,1.1368683772161603e-13,1.0831564138065873e-16,True,True,True,True
5.0,1.4,10.0,0,0.0,14.019793418381303,0,1.293796039651254,52.29886928925279,15.650389541134771,15.650389541134771,0.0,2.842170943040401e-14,2.842170943040401e-14,2.487639542150935e-16,True,True,True,True
5.0,1.4,10.0,1,0.05,14.5390845830341,0,-0.050056253130604134,-2.8656202464827047,0.06248414987156887,15.650389541134771,0.14835931143385317,0.022010485289090664,-3.637021239732974e-14,1.1558335338079419e-14,False,False,True,False
5.0,1.4,10.0,1,0.05,14.5390845830341,1,1.2950682047869178,52.32611212737411,15.661891324905442,15.650389541134771,0.42356199958367213,0.17940476749143386,1.1518563880486e-13,1.884378249621922e-16,True,True,True,True
5.0,1.4,10.0,1,0.05,14.5390845830341,2,6.715473931694444,81.53033248605037,24.457672300634822,15.650389541134771,14.65751970582652,214.84288392669265,-8.526512829121202e-14,6.099638935871085e-17,True,True,True,True
5.0,1.4,10.0,2,0.1,15.058375747686897,0,-0.05028772084120181,-2.8788490693679836,0.0630618972991335,15.650389541134771,0.11403565691261563,0.013004131047440248,-5.153343030084301e-14,1.5474699984769505e-14,False,False,True,False
5.0,1.4,10.0,2,0.1,15.058375747686897,1,1.2988148426759527,52.40615019306799,15.695666398197785,15.650389541134771,0.8412832020913044,0.7077574261213044,3.0597746558669314e-13,3.344448887703929e-16,True,True,True,True
5.0,1.4,10.0,2,0.1,15.058375747686897,2,6.425070465167524,81.1534438004591,24.40872528229731,15.650389541134771,14.6020610496988,213.22018689913085,0.0,1.2409352110413717e-16,True,True,True,True
5.0,1.4,10.0,3,0.15000000000000002,15.577666912339698,0,-0.05045466192791759,-2.8883898815504447,0.06348022287280682,15.650389541134771,0.08051943409023243,0.006483379266159939,-5.1346080165437513e-14,1.4834307402493207e-14,False,False,True,False
5.0,1.4,10.0,3,0.15000000000000002,15.577666912339698,1,1.3049588369733904,52.53677631830146,15.750735311845277,15.650389541134771,1.2546345935705432,1.574107963384023,1.0080825063596421e-13,9.911448866615466e-17,True,True,True,True
5.0,1.4,10.0,3,0.15000000000000002,15.577666912339698,2,6.150904792386097,80.76577604382206,24.35622809015568,15.650389541134771,14.54252796623306,211.48511964867083,1.9895196601282805e-13,1.856439400031969e-17,True,True,True,True
5.0,1.4,10.0,4,0.2,16.096958076992497,0,-0.05056180038439351,-2.894512842751741,0.06374941634668396,15.650389541134771,0.0478272463541467,0.002287445493795004,-2.5235022405034613e-14,7.117365326064024e-15,False,False,True,False
5.0,1.4,10.0,4,0.2,16.096958076992497,1,1.31345872790123,52.71621794182738,15.826273272660139,15.650389541134771,1.665036246443801,2.772345701971659,-3.1086244689504383e-15,3.048896960826994e-17,True,True,True,True
5.0,1.4,10.0,4,0.2,16.096958076992497,2,5.891212523714545,80.36619190703034,24.299845111727205,15.650389541134771,14.47852767222421,209.6277635553622,0.0,1.0608751308618249e-17,True,True,True,True
5.0,1.4,10.0,5,0.25,16.616249241645296,0,-0.0506136164122144,-2.897474104243976,0.06387981080866344,15.650389541134771,0.015969715310844235,0.00025503180709673945,-1.267334761440031e-14,3.4412913683588176e-15,False,False,True,False
5.0,1.4,10.0,5,0.25,16.616249241645296,1,1.3243084350956194,52.94314121971306,15.921611925138123,15.650389541134771,2.073877400209888,4.3009674711014725,1.4921397450962104e-13,2.29116619147972e-16,True,True,True,True
5.0,1.4,10.0,5,0.25,16.616249241645296,2,5.64441995411314,79.95337715624265,24.239184473619765,15.650389541134771,14.409600745559548,207.6365936464304,1.4210854715202004e-13,8.190049367045468e-17,True,True,True,True
5.0,1.4,10.0,6,0.30000000000000004,17.13554040629809,0,-0.050614345135352234,-2.8975157503163387,0.06388164557504933,15.650389541134771,-0.015047729940698806,0.00022643417631562635,-5.2576947786805994e-14,1.368337127719214e-14,False,False,False,False
5.0,1.4,10.0,6,0.30000000000000004,17.13554040629809,1,1.3375386065892427,53.2166675409641,16.036244306868134,15.650389541134771,2.4825403616753157,6.163006647347174,1.6697754290362354e-13,2.228999441757593e-16,True,True,True,True
5.0,1.4,10.0,6,0.30000000000000004,17.13554040629809,2,5.409108421481037,79.52579833239724,24.17378461999579,15.650389541134771,14.335205074910004,205.49810453972555,2.842170943040401e-14,5.939650972264231e-17,True,True,True,True
5.0,1.4,10.0,7,0.35000000000000003,17.65483157095089,0,-0.050567978518627044,-2.894865921015242,0.06376495661186947,15.650389541134771,-0.04522414105132877,0.0020452229337650785,-6.540167712953959e-14,1.6482125023120404e-14,False,False,False,False
5.0,1.4,10.0,7,0.35000000000000003,17.65483157095089,1,1.353219868343182,53.536406318018805,16.169834496792628,15.650389541134771,2.8924295010167427,8.366148418352225,2.611244553918368e-13,3.2554629129497637e-16,True,True,True,True
5.0,1.4,10.0,7,0.35000000000000003,17.65483157095089,2,5.183982819434519,79.08164659617542,24.103096472785857,15.650389541134771,14.25469449002934,203.19631500407291,8.526512829121202e-14,6.193523505717039e-17,True,True,True,True
5.0,1.4,10.0,8,0.4,18.17412273560369,0,-0.05047826979212866,-2.8897390763171766,0.06353949086694712,15.650389541134771,-0.07456241195287494,0.005559553276176521,-5.370703881624195e-14,1.3273995198523005e-14,False,False,False,False
5.0,1.4,10.0,8,0.4,18.17412273560369,1,1.371468487905256,53.90250990585335,16.322234024757922,15.650389541134771,3.3050075035442035,10.923074598483623,1.3500311979441904e-13,1.3028495795165976e-16,True,True,True,True
5.0,1.4,10.0,8,0.4,18.17412273560369,2,4.967842539818005,78.61876172349616,24.026459260188645,15.650389541134771,14.167289757192602,200.7120990642547,2.5579538487363607e-13,3.803211416106403e-17,True,True,True,True
5.0,1.4,10.0,9,0.45,18.693413900256488,0,-0.05034873979423571,-2.882336368269224,0.06321464113463107,15.650389541134771,-0.10306870882185426,0.01062315873814923,-5.494910082504134e-14,1.3125018299650756e-14,False,False,False,False
5.0,1.4,10.0,9,0.45,18.693413900256488,1,1.3924553331139653,54.315759810115935,16.493508105718607,15.650389541134771,3.7218423971543615,13.852110829255878,1.545430450278218e-13,2.7070191079803136e-16,True,True,True,True
5.0,1.4,10.0,9,0.45,18.693413900256488,2,4.759553022013314,78.13452692598563,23.943067036294924,15.650389541134771,14.072038332092408,198.02226281987805,-2.842170943040401e-14,1.0555112724833012e-16,True,True,True,True
5.0,1.4,10.0,10,0.5,19.212705064909287,0,-0.05018268474355092,-2.8728460932455944,0.06279939836081569,15.650389541134771,-0.13075196330234085,0.017096075907376718,-3.9968028886505635e-14,9.159322849242226e-15,False,False,False,False
5.0,1.4,10.0,10,0.5,19.212705064909287,1,1.416419613014848,54.77769900358542,16.683976525338373,15.650389541134771,4.14467112427981,17.178298728438904,3.907985046680551e-14,4.3420990836689356e-17,True,True,True,True
5.0,1.4,10.0,10,0.5,19.212705064909287,2,4.558015683525796,77.62571950232805,23.851921104156723,15.650389541134771,13.967757060229708,195.09823729359698,1.1368683772161603e-13,5.115543632957412e-17,True,True,True,True
5.0,1.4,10.0,11,0.55,19.731996229562082,0,-0.04998318503512755,-2.861444201345921,0.06230231860340081,15.650389541134771,-0.1576234237259284,0.024845143707061368,-2.220446049250313e-14,4.952456106635337e-15,False,False,False,False
5.0,1.4,10.0,11,0.55,19.731996229562082,1,1.4436899509945025,55.29083523156223,16.894277185997506,15.650389541134771,4.575489372756984,20.935103000212195,9.947598300641403e-14,8.121586155809283e-18,True,True,True,True
5.0,1.4,10.0,11,0.55,19.731996229562082,2,4.362133098921077,77.08829226489314,23.751760340758164,15.650389541134771,13.85294810041886,191.90417107289846,-5.684341886080802e-14,7.917369320220302e-17,True,True,True,True
5.0,1.4,10.0,12,0.6000000000000001,20.251287394214884,0,-0.04975311472963595,-2.8482948441545366,0.061731502174253425,15.650389541134771,-0.1836962591411413,0.03374431562242208,-2.7255975254547593e-14,6.018365938043279e-15,False,False,False,False
5.0,1.4,10.0,12,0.6000000000000001,20.251287394214884,1,1.4747173156250712,55.858958958192424,17.12546629615452,15.650389541134771,5.016684711299078,25.167125492582045,1.3145040611561853e-13,7.188573401468587e-17,True,True,True,True
5.0,1.4,10.0,12,0.6000000000000001,20.251287394214884,2,4.170764438268676,76.51704192047004,23.64095542786945,15.650389541134771,13.72567103606508,188.39404539027583,0.0,6.14920113109172e-18,True,True,True,True
5.0,1.4,10.0,13,0.65,20.77057855886768,0,-0.04949515146670036,-2.833550945654724,0.061094582790564254,15.650389541134771,-0.2089852111522814,0.0436748184803436,-2.0046464488387983e-14,4.317634523351728e-15,False,False,False,False
5.0,1.4,10.0,13,0.65,20.77057855886768,1,1.5101282472849853,56.487656753697955,17.379181037271188,15.650389541134771,5.471244577449497,29.934517226270742,2.2026824808563106e-13,1.1055918367652788e-16,True,True,True,True
5.0,1.4,10.0,13,0.65,20.77057855886768,2,3.98266235634701,75.90508344542317,23.5173411287556,15.650389541134771,13.583339649315686,184.50711602867176,1.7053025658242404e-13,2.5231028722892417e-19,True,True,True,True
5.0,1.4,10.0,14,0.7000000000000001,21.28986972352048,0,-0.04921178658662795,-2.817354784113541,0.06039872484803981,15.650389541134771,-0.23350628882901603,0.054525186922643853,-5.600381269843524e-14,1.1752385335914097e-14,False,False,False,False
5.0,1.4,10.0,14,0.7000000000000001,21.28986972352048,1,1.550815166700255,57.185179964084355,17.65791578214318,15.650389541134771,5.943101551367626,35.3204560498684,1.2079226507921703e-13,1.2147064366712564e-16,True,True,True,True
5.0,1.4,10.0,14,0.7000000000000001,21.28986972352048,2,3.796374248117727,75.2429704654183,23.377935503752653,15.650389541134771,13.422380955013374,180.16031050150582,8.526512829121202e-14,2.891850842178548e-17,True,True,True,True
5.0,1.4,10.0,15,0.75,21.809160888173277,0,-0.048905335289281204,-2.799838575287522,0.05965062719080462,15.650389541134771,-0.25727650225319265,0.06619119861161249,-2.4549806632023774e-14,5.0634058975522134e-15,False,False,False,False
5.0,1.4,10.0,15,0.75,21.809160888173277,1,1.5981000792615712,57.964012729602736,17.965521783425572,15.650389541134771,6.4377504331688264,41.444630639765506,9.237055564881302e-14,1.1882012208212403e-17,True,True,True,True
5.0,1.4,10.0,15,0.75,21.809160888173277,2,3.6100713151007184,74.51711743744603,23.218436109167463,15.650389541134771,13.237622010661344,175.2346364971457,0.0,2.095602400594559e-17,True,True,True,True
5.0,1.4,10.0,16,0.8,22.328452052826076,0,-0.0485779466960774,-2.7811250494153366,0.05885653199099922,15.650389541134771,-0.2803136305988072,0.07857573149944841,-3.6137759451548845e-14,7.231004206177382e-15,False,False,False,False
5.0,1.4,10.0,16,0.8,22.328452052826076,1,1.6540594387329133,58.84396684169475,18.30819467772119,15.650389541134771,6.96346108475251,48.4897902788627,9.947598300641403e-14,7.29448176342337e-17,True,True,True,True
5.0,1.4,10.0,16,0.8,22.328452052826076,2,3.4212174824609187,73.70669602081439,23.03222879626828,15.650389541134771,13.021080576599275,169.5485393822912,3.126388037344441e-13,2.7154386352917663e-17,True,True,True,True
5.0,1.4,10.0,17,0.8500000000000001,22.84774321747887,0,-0.048231613711909205,-2.761328016211471,0.058022237563827565,15.650389541134771,-0.3026360209753032,0.09158856119176606,1.915134717478395e-15,4.611193692894092e-16,False,False,False,False
5.0,1.4,10.0,17,0.8500000000000001,22.84774321747887,1,1.7222574345495987,59.85912313722781,18.696690819769852,15.650389541134771,7.533996692097762,56.76110615654011,8.526512829121202e-14,1.700338133320663e-17,True,True,True,True
5.0,1.4,10.0,17,0.8500000000000001,22.84774321747887,2,3.2258307417844834,72.77668582673908,22.808168058487468,15.650389541134771,12.75925000514101,162.79846069369069,-1.7053025658242404e-13,1.0593553621587585e-16,True,True,True,True
5.0,1.4,10.0,18,0.9,23.36703438213167,0,-0.04786818260928105,-2.740552913519366,0.05715311413218402,15.650389541134771,-0.32426241459765515,0.10514611352068637,-1.522393322517246e-14,3.0835551930568526e-15,False,False,False,False
5.0,1.4,10.0,18,0.9,23.36703438213167,1,1.8097647884963641,61.07680403228954,19.152386820186354,15.650389541134771,8.17605297849271,66.84784230711966,1.5631940186722204e-13,3.968770766622266e-17,True,True,True,True
5.0,1.4,10.0,18,0.9,23.36703438213167,2,3.0164597015287424,71.65889484408623,22.524514517599375,15.650389541134771,12.425662861530242,154.39709754841198,5.684341886080802e-14,1.9305164571390934e-18,True,True,True,True
5.0,1.4,10.0,19,0.9500000000000001,23.88632554678447,0,-0.047489362277730596,-2.718897336457193,0.05625412171963654,15.650389541134771,-0.34521179716501105,0.11917118490187373,-2.2995494397548555e-14,4.5125564836945274e-15,False,False,False,False
5.0,1.4,10.0,19,0.9500000000000001,23.88632554678447,1,1.9351405633196712,62.67196364427577,19.731039593070488,15.650389541134771,8.958500422387768,80.25472981792188,5.684341886080802e-14,5.491670129605782e-18,True,True,True,True
5.0,1.4,10.0,19,0.9500000000000001,23.88632554678447,2,2.774197733370695,70.17756300293811,22.125172208916084,15.650389541134771,11.951651254346043,142.8419677055113,-2.842170943040401e-14,8.817969454445904e-17,True,True,True,True
5.0,1.4,10.0,20,1.0,24.40561671143727,0,-0.0470967330986114,-2.6964515448495994,0.055329829493726786,15.650389541134771,-0.36550327063481625,0.13359264084466993,-7.779887845060784e-14,1.4558670996372113e-14,False,False,False,False
5.0,1.4,10.0,20,1.0,24.40561671143727,1,2.2985558035530524,66.48827214918232,21.021236273913075,15.650389541134771,10.609366692121728,112.55866160790202,8.526512829121202e-14,2.5960114166118354e-17,True,True,True,True
7.0,1.2,2.0,0,0.0,4.438325738409667,0,0.2620719702571676,14.68535813189869,3.149117372106353,3.1491173721063537,8.881784197001252e-16,-8.881784197001252e-16,-8.88178419700126e-16,5.49978325320816e-17,True,True,True,True
7.0,1.2,2.0,1,0.05,6.809862925851362,0,-0.0769564715105524,-4.400607463947037,0.28848413768237696,3.1491173721063537,-0.28834832014468437,0.08314475372877106,-1.4903356326811945e-12,1.7738588375948439e-13,False,False,False,False
7.0,1.2,2.0,1,0.05,6.809862925851362,1,0.2753880694213464,15.396920657975414,3.4541341879329392,3.1491173721063537,0.9781161161869445,0.9567111367462902,1.6578960426727463e-12,3.7343326172100176e-14,True,True,True,True
7.0,1.2,2.0,1,0.05,6.809862925851362,2,63.39016303346239,89.09621580711595,48.987808861163295,3.1491173721063537,47.233261722708036,2230.9810129658363,0.0,2.052749431965173e-17,True,True,True,True
7.0,1.2,2.0,2,0.1,9.181400113293057,0,-0.07012567868015829,-4.011338623732723,0.2397837664651713,3.1491173721063537,-0.47565309234001285,0.22624586424763,-4.986788759708816e-12,6.479816683224726e-13,False,False,False,False
7.0,1.2,2.0,2,0.1,9.181400113293057,1,0.3027692400621529,16.844697984691887,4.114608501634831,3.1491173721063537,1.9146871762012259,3.6660269827248824,1.545830130567083e-11,2.0284756547105287e-13,True,True,True,True
7.0,1.2,2.0,2,0.1,9.181400113293057,2,46.74818291371009,88.77456108159829,48.977588654539225,3.1491173721063537,47.223036924903994,2230.0152164108467,4.547473508864641e-13,3.9394399341091104e-17,True,True,True,True
7.0,1.2,2.0,3,0.15000000000000002,11.552937300734751,0,-0.06311010338619916,-3.611153380350767,0.194387150625955,3.1491173721063537,-0.6032502870456113,0.3639109088251671,4.554578936222242e-12,6.548095399239173e-13,False,False,False,False
7.0,1.2,2.0,3,0.15000000000000002,11.552937300734751,1,0.3372491371075146,18.6366341875192,5.003975032873266,3.1491173721063537,2.9483304906920926,8.692652682325019,-1.9657164784803172e-11,1.5628449024753638e-13,True,True,True,True
7.0,1.2,2.0,3,0.15000000000000002,11.552937300734751,2,36.87379877912445,88.44654629612461,48.96398851550437,3.1491173721063537,47.209430673253145,2228.730344492695,4.547473508864641e-13,3.311813329255154e-17,True,True,True,True
7.0,1.2,2.0,4,0.2,13.924474488176445,0,-0.056678184176078616,-3.243950074783436,0.15690436931880586,3.1491173721063537,-0.6933136621593681,0.4806838341394718,2.637445817299522e-12,4.208300374841656e-13,False,False,False,False
7.0,1.2,2.0,4,0.2,13.924474488176445,1,0.3766850817625098,20.640643176876157,6.088748337280026,3.1491173721063537,4.118882786894068,16.965195412159524,-1.2722267683784594e-11,6.429093711910063e-14,True,True,True,True
7.0,1.2,2.0,4,0.2,13.924474488176445,2,30.308127761072726,88.1102428311616,48.94671495572731,3.1491173721063537,47.192149344751876,2227.0989597773646,-4.547473508864641e-13,1.4044607617154846e-16,True,True,True,True
7.0,1.2,2.0,5,0.25,16.29601167561814,0,-0.05099806117621952,-2.9194444558074695,0.12710872528501865,3.1491173721063537,-0.7586257621892389,0.5755130470555175,-1.6862067298006878e-12,2.551070009041939e-13,False,False,False,False
7.0,1.2,2.0,5,0.25,16.29601167561814,1,0.42023984079487775,22.79408601654032,7.354634930176062,3.1491173721063537,5.440090734373539,29.594587198222168,5.332623231879552e-12,1.789984983605491e-14,True,True,True,True
7.0,1.2,2.0,5,0.25,16.29601167561814,2,25.605498278471714,87.76350079610269,48.925377855558565,3.1491173721063537,47.17080264043897,2225.0846217432445,4.547473508864641e-13,1.517409624773886e-18,True,True,True,True
7.0,1.2,2.0,6,0.30000000000000004,18.66754886305984,0,-0.046043750180150056,-2.636250636209184,0.10366155431513002,3.1491173721063537,-0.8070846689680446,0.6513856628839113,6.531442053869796e-13,9.455868206010964e-14,False,False,False,False
7.0,1.2,2.0,6,0.30000000000000004,18.66754886305984,1,0.46761162247935406,25.0613370303901,8.791923350311475,3.1491173721063537,6.915146316842587,47.81924858333903,-2.5650592760939617e-12,5.834125165443461e-15,True,True,True,True
7.0,1.2,2.0,6,0.30000000000000004,18.66754886305984,2,22.054616512821617,87.40387400811646,48.89946781740694,3.1491173721063537,47.1448809281058,2222.639797725273,-9.094947017729282e-13,5.800253165056781e-17,True,True,True,True
7.0,1.2,2.0,7,0.35000000000000003,21.039086050501528,0,-0.04173075192567488,-2.389609471852792,0.08518298476718685,3.1491173721063537,-0.8437743341887003,0.7119551270342657,-1.3188339309522235e-12,1.848702724106741e-13,False,False,False,False
7.0,1.2,2.0,7,0.35000000000000003,21.039086050501528,1,0.5188007290167702,27.420317258950924,10.391610146429535,3.1491173721063537,8.54173945562317,72.96131292775488,5.286437954055145e-12,8.756472746324809e-15,True,True,True,True
7.0,1.2,2.0,7,0.35000000000000003,21.039086050501528,2,19.26462580229019,87.02852254172133,48.86832410158482,3.1491173721063537,47.113723162988386,2219.7029102787083,0.0,3.165400855895216e-17,True,True,True,True
7.0,1.2,2.0,8,0.4,23.410623237943224,0,-0.03796475228284901,-2.174175914417379,0.07052315177950678,3.1491173721063537,-0.8720626442147705,0.7604932554346252,-2.3225865675158275e-13,3.179694187020351e-14,False,False,False,False
7.0,1.2,2.0,8,0.4,23.410623237943224,1,0.5740284080730191,29.85704820660128,12.144277885268274,3.1491173721063537,10.314229104446973,106.38332201901937,-1.6342482922482304e-12,2.088014583477606e-15,True,True,True,True
7.0,1.2,2.0,8,0.4,23.410623237943224,2,17.0027484619093,86.63408226725895,48.83108891596241,3.1491173721063537,47.07647115573367,2216.194136476624,-4.547473508864641e-13,2.1681617435760052e-17,True,True,True,True
7.0,1.2,2.0,9,0.45,25.78216042538492,0,-0.0346586575586727,-1.9850002471236545,0.05878928562946746,3.1491173721063537,-0.8942333718090167,0.7996533232560025,-9.207079543216423e-13,1.2354075655397646e-13,False,False,False,False
7.0,1.2,2.0,9,0.45,25.78216042538492,1,0.6337153178239578,32.36306133311382,14.03983221788096,3.1491173721063537,12.22478917408895,149.4454703509275,5.087485988042317e-12,4.897013620842352e-15,True,True,True,True
7.0,1.2,2.0,9,0.45,25.78216042538492,2,15.121513604287077,86.21648496460001,48.78664128301459,3.1491173721063537,47.03200340792526,2212.009344563093,-4.547473508864641e-13,1.2544147157934068e-16,True,True,True,True
7.0,1.2,2.0,10,0.5,28.153697612826612,0,-0.031737470577026805,-1.8178129393194729,0.04930642016093364,3.1491173721063537,-0.9118674244889078,0.8315021998445166,4.826139488045555e-13,6.379336910748456e-14,False,False,False,False
7.0,1.2,2.0,10,0.5,28.153697612826612,1,0.6984943565145052,34.93408190872507,16.067554581170203,3.1491173721063537,14.264131741451873,203.46545433749355,-1.2789769243681803e-12,9.387583578219844e-16,True,True,True,True
7.0,1.2,2.0,10,0.5,28.153697612826612,2,13.522737711495473,85.77070258860853,48.73349930375064,3.1491173721063537,46.978837329188224,2207.011156802329,0.0,2.2254405052862463e-17,True,True,True,True
7.0,1.2,2.0,11,0.55,30.525234800268315,0,-0.02913853766705099,-1.669042966996358,0.041568370684243544,3.1491173721063537,-0.9260800421147142,0.8576242444026317,-5.589972928987663e-13,7.30560492545727e-14,False,False,False,False
7.0,1.2,2.0,11,0.55,30.525234800268315,1,0.7692540915573773,37.5694315352733,18.216307320211296,3.1491173721063537,16.422057940698213,269.6839870076512,1.9326762412674725e-12,1.0856510688271609e-15,True,True,True,True
7.0,1.2,2.0,11,0.55,30.525234800268315,2,12.138256423730027,85.29037138082154,48.66967168583046,3.1491173721063537,46.9149806937576,2201.015413495648,-4.547473508864641e-13,9.313242277588776e-17,True,True,True,True
7.0,1.2,2.0,12,0.6000000000000001,32.896771987710004,0,-0.026810192066764937,-1.535742966810758,0.03519523567748196,3.1491173721063537,-0.9376718798528281,0.8792285542657894,-9.470202400052585e-13,1.2237614926424953e-13,False,False,False,False
7.0,1.2,2.0,12,0.6000000000000001,32.896771987710004,1,0.847220785026606,40.27196424426358,20.47486130147636,3.1491173721063537,18.687975442413187,349.24042613624283,4.490630090003833e-12,2.2909955813239176e-15,True,True,True,True
7.0,1.2,2.0,12,0.6000000000000001,32.896771987710004,2,10.918931584333073,84.76721798688695,48.59242430553622,3.1491173721063537,46.837698089218065,2193.7699622967416,0.0,8.596642451046283e-17,True,True,True,True
7.0,1.2,2.0,13,0.65,35.26830917515169,0,-0.024710009018711787,-1.4154911830483354,0.029900386025918043,3.1491173721063537,-0.9472271963624139,0.897239361527983,-6.160627563644994e-13,7.888569796683905e-14,False,False,False,False
7.0,1.2,2.0,13,0.65,35.26830917515169,1,0.9341005111648708,43.04854895311313,22.83238730279468,3.1491173721063537,21.051499565631765,443.1656339617981,3.694822225952521e-12,1.6249650190907534e-15,True,True,True,True
7.0,1.2,2.0,13,0.65,35.26830917515169,2,9.827999168858206,84.19014303632817,48.497897150552305,3.1491173721063537,46.743127672100655,2184.9199845703015,-4.547473508864641e-13,1.5537583589054795e-17,True,True,True,True
7.0,1.2,2.0,14,0.7000000000000001,37.63984636259339,0,-0.022803136822252323,-1.3062971135094337,0.025465927547133727,3.1491173721063537,-0.9551788478095626,0.9123666313024389,-3.647082635893639e-13,4.657047271143467e-14,False,False,False,False
7.0,1.2,2.0,14,0.7000000000000001,37.63984636259339,1,1.0323277104980058,45.911312268313,25.279233143512023,3.1491173721063537,23.503296650183493,552.4049534265284,1.8189894035458565e-12,6.963441438845802e-16,True,True,True,True
7.0,1.2,2.0,14,0.7000000000000001,37.63984636259339,2,8.836771014867558,83.54367501095001,48.38044107058822,3.1491173721063537,46.62561759169116,2173.9482158066203,0.0,3.0690805457715736e-17,True,True,True,True
7.0,1.2,2.0,15,0.75,40.01138355003509,0,-0.021060855225833564,-1.2065197506563903,0.021724785281766586,3.1491173721063537,-0.9618520558375439,0.9251593773187481,-1.6153745008296028e-13,2.063222523852243e-14,False,False,False,False
7.0,1.2,2.0,15,0.75,40.01138355003509,1,1.1455229301629535,48.880219100768905,27.80827040151734,3.1491173721063537,26.036472469697394,677.897898665312,1.7053025658242404e-12,5.504366661023115e-16,True,True,True,True
7.0,1.2,2.0,15,0.75,40.01138355003509,2,7.921567014077737,82.80517318353652,48.23138730588328,3.1491173721063537,46.476494906454846,2160.0645787897233,0.0,4.4060353750393684e-17,True,True,True,True
7.0,1.2,2.0,16,0.8,42.38292073747678,0,-0.019459385756801506,-1.114799977075603,0.01854769359520515,3.1491173721063537,-0.9674943647422802,0.9360453458076571,-4.113376306236205e-13,5.182619937136225e-14,False,False,False,False
7.0,1.2,2.0,16,0.8,42.38292073747678,1,1.2794106528367268,51.988465570713835,30.417514601467655,3.1491173721063537,28.64922006929235,820.7778105787435,-1.1368683772161603e-13,1.0834324483780769e-16,True,True,True,True
7.0,1.2,2.0,16,0.8,42.38292073747678,2,7.061063070777764,81.93927761884866,48.03654468000127,3.1491173721063537,46.28156151827371,2141.982936569754,0.0,6.407721384732223e-17,True,True,True,True
7.0,1.2,2.0,17,0.8500000000000001,44.754457924918476,0,-0.017978931387214292,-1.0300059178253405,0.015833738588567386,3.1491173721063537,-0.972296463792983,0.9453604135039908,-3.4861002973229915e-13,4.3727401175203156e-14,False,False,False,False
7.0,1.2,2.0,17,0.8500000000000001,44.754457924918476,1,1.4439087962478896,55.29490029209186,33.11603778669294,3.1491173721063537,31.35075269212004,982.8696943624726,6.821210263296962e-13,1.6623544852609297e-16,True,True,True,True
7.0,1.2,2.0,17,0.8500000000000001,44.754457924918476,2,6.233018414712831,80.88537218775963,47.77040495900951,3.1491173721063537,46.01529658084575,2117.407519423194,-4.547473508864641e-13,3.784511699103382e-17,True,True,True,True
7.0,1.2,2.0,18,0.9,47.125995112360165,0,-0.016602909266051125,-0.9511892344782511,0.013503450893430748,3.1491173721063537,-0.9764068722049462,0.9533703800888047,-2.4136248555350903e-13,3.020081750750327e-14,False,False,False,False
7.0,1.2,2.0,18,0.9,47.125995112360165,1,1.6589290178969969,58.91848837509896,35.940456831523086,3.1491173721063537,34.177812299443055,1168.122853575961,0.0,1.321432100123967e-16,True,True,True,True
7.0,1.2,2.0,18,0.9,47.125995112360165,2,5.407649050492777,79.52303422494758,47.37977259183602,3.1491173721063537,45.62447777822483,2081.5929725357314,0.0,1.2436078730085649e-17,True,True,True,True
7.0,1.2,2.0,19,0.9500000000000001,49.49753229980187,0,-0.015317340025700954,-0.8775503105833685,0.011493727698884229,3.1491173721063537,-0.9799424386602196,0.9602871830869507,-3.8746783559417963e-13,4.836343983080107e-14,False,False,False,False
7.0,1.2,2.0,19,0.9500000000000001,49.49753229980187,1,1.977516977300359,63.17497614001162,39.02153189588982,3.1491173721063537,37.26131113630055,1388.4053075961954,0.0,3.9448473317100477e-17,True,True,True,True
7.0,1.2,2.0,19,0.9500000000000001,49.49753229980187,2,4.523898482312499,77.53530460895821,46.717283989572415,3.1491173721063537,44.96166558523504,2021.5513721985083,-6.821210263296962e-13,2.006818409149803e-17,True,True,True,True
7.0,1.2,2.0,20,1.0,51.869069487243564,0,-0.01411036169627855,-0.8084105233146726,0.009754070994750794,3.1491173721063537,-0.9829959456265833,0.9662810291191679,8.671952045347098e-13,1.0780384297754367e-13,False,False,False,False
7.0,1.2,2.0,20,1.0,51.869069487243564,1,2.9874311673821627,71.4927645414592,44.062845433358575,3.1491173721063537,42.30582879677147,1789.783150181739,6.821210263296962e-13,1.6132749536065447e-16,True,True,True,True
7.0,1.2,5.0,0,0.0,6.970515969420319,0,0.35500862588874915,19.545301238443194,5.484328953431143,5.4843289534311435,2.6645352591003757e-15,-7.105427357601002e-15,-7.105427357601008e-15,6.803377566490469e-17,True,True,True,True
7.0,1.2,5.0,1,0.05,9.126369201696434,0,-0.0596193880345286,-3.4119006350254617,0.17355221366595142,5.4843289534311435,-0.21600422856692614,0.04665782676129404,2.501172879920688e-12,3.831379657981415e-13,False,False,False,False
7.0,1.2,5.0,1,0.05,9.126369201696434,1,0.36460466311714335,20.032091395295296,5.749564173180863,5.4843289534311435,1.2151644059612003,1.476624533500047,-1.499000923388394e-11,1.2216032306602567e-13,True,True,True,True
7.0,1.2,5.0,1,0.05,9.126369201696434,2,42.52946411069957,88.65304618240211,48.97292451663216,5.4843289534311435,46.06337044533508,2121.8340967841696,0.0,1.3839591682357507e-17,True,True,True,True
7.0,1.2,5.0,2,0.1,11.282222433972548,0,-0.05635420666951063,-3.2254466326405677,0.15512139984248852,5.4843289534311435,-0.38084298985052856,0.1450413829149917,-3.298111783678337e-12,5.324629626102251e-13,False,False,False,False
7.0,1.2,5.0,2,0.1,11.282222433972548,1,0.38668680158954416,21.140828399033584,6.373760222398241,5.4843289534311435,2.346666737953785,5.506844779036044,1.738520438721025e-11,1.0060954735279253e-13,True,True,True,True
7.0,1.2,5.0,2,0.1,11.282222433972548,2,34.16234467976771,88.32331697856665,48.958050308252425,5.4843289534311435,46.048471616749794,2120.461738238612,4.547473508864641e-13,4.9394752555126304e-17,True,True,True,True
7.0,1.2,5.0,3,0.15000000000000002,13.438075666248665,0,-0.05251323217581927,-3.006025423093125,0.13475273864199494,5.4843289534311435,-0.5045388471349446,0.25455944826688,-1.3789525077356757e-12,2.382538610845586e-13,False,False,False,False
7.0,1.2,5.0,3,0.15000000000000002,13.438075666248665,1,0.4162534586475424,22.599689143617262,7.2362732190169154,5.4843289534311435,3.5154092022350882,12.35810185916558,6.439293542825908e-12,2.646507566161669e-14,True,True,True,True
7.0,1.2,5.0,3,0.15000000000000002,13.438075666248665,2,28.435556499337494,87.98589568192409,48.9394748546954,5.4843289534311435,46.029865394220835,2118.7485082100893,4.547473508864641e-13,1.7087640226639033e-17,True,True,True,True
7.0,1.2,5.0,4,0.2,15.593928898524776,0,-0.048625383882724194,-2.783836595000543,0.11558368064340037,5.4843289534311435,-0.5986529853926541,0.3583853969184734,-1.0639267244982875e-12,1.7731932209898678e-13,False,False,False,False
7.0,1.2,5.0,4,0.2,15.593928898524776,1,0.45122533996882996,24.286102578692137,8.288945962126064,5.4843289534311435,4.768220986663944,22.735931377664958,2.48334686148155e-12,7.326710245498871e-15,True,True,True,True
7.0,1.2,5.0,4,0.2,15.593928898524776,2,24.253132651071944,87.6389300031141,48.9168384269095,5.4843289534311435,46.00719143712081,2116.6616639318827,4.547473508864641e-13,9.974578844362998e-17,True,True,True,True
7.0,1.2,5.0,5,0.25,17.74978213080089,0,-0.044918877189046746,-2.571933211858009,0.09866848691682449,5.4843289534311435,-0.6712779189348714,0.4506140444484501,-1.0817458040435213e-12,1.699506771701817e-13,False,False,False,False
7.0,1.2,5.0,5,0.25,17.74978213080089,1,0.490656121070864,26.13516061433353,9.507548257746212,5.4843289534311435,6.125142208918394,37.517367079477836,4.135358722123783e-12,9.102815393013674e-15,True,True,True,True
7.0,1.2,5.0,5,0.25,17.74978213080089,2,21.051369865866057,87.28033178998024,48.88967943783947,5.4843289534311435,45.97998737190213,2114.15923872028,4.547473508864641e-13,2.633833414297365e-17,True,True,True,True
7.0,1.2,5.0,6,0.30000000000000004,19.90563536307701,0,-0.04148146775179207,-2.3753512228671436,0.08417006372257392,5.4843289534311435,-0.7280940222255847,0.5301209051991432,-1.4870327191829347e-12,2.230525913044318e-13,False,False,False,False
7.0,1.2,5.0,6,0.30000000000000004,19.90563536307701,1,0.534146122376514,28.10873113807606,10.876962987775732,5.4843289534311435,7.5942215032245715,57.67220024004737,8.895995051716454e-12,1.484944277182865e-14,True,True,True,True
7.0,1.2,5.0,6,0.30000000000000004,19.90563536307701,2,18.5105676034844,86.90770489642183,48.85740937813938,5.4843289534311435,45.94766368380782,2111.187798000312,0.0,1.0466958728687971e-16,True,True,True,True
7.0,1.2,5.0,7,0.35000000000000003,22.061488595353126,0,-0.03833472886683875,-2.195343204028033,0.07190235621648522,5.4843289534311435,-0.7731256454183633,0.5977232636027328,-8.280043317654417e-13,1.1991856750319278e-13,False,False,False,False
7.0,1.2,5.0,7,0.35000000000000003,22.061488595353126,1,0.5816174937565366,30.183031645681652,12.385808691391142,5.4843289534311435,9.177254910294188,84.22200768852389,5.101696842757519e-12,6.479969624388732e-15,True,True,True,True
7.0,1.2,5.0,7,0.35000000000000003,22.061488595353126,2,16.435770791650533,86.51825055465666,48.819277927070296,5.4843289534311435,45.90946876626289,2107.679322400468,4.547473508864641e-13,1.3213739467940218e-16,True,True,True,True
7.0,1.2,5.0,8,0.4,24.217341827629237,0,-0.035469787009555276,-2.031417468806138,0.061569722510247775,5.4843289534311435,-0.8092562860467623,0.6548957365052516,-9.475753515175711e-13,1.33599976878933e-13,False,False,False,False
7.0,1.2,5.0,8,0.4,24.217341827629237,1,0.6332231906931645,32.34293920098246,14.024273384901612,5.4843289534311435,10.872412862838338,118.20936146001725,4.703792910731863e-12,4.683391095606051e-15,True,True,True,True
7.0,1.2,5.0,8,0.4,24.217341827629237,2,14.70119833460761,86.10863995238208,48.77432378797344,5.4843289534311435,45.86443966926397,2103.5468261755555,4.547473508864641e-13,1.1300598151665843e-16,True,True,True,True
7.0,1.2,5.0,9,0.45,26.373195059905353,0,-0.03286484733456341,-1.8823395378555456,0.05286770900905655,5.4843289534311435,-0.838576955485544,0.7032113102712125,-1.915134717478395e-13,2.636610274686917e-14,False,False,False,False
7.0,1.2,5.0,9,0.45,26.373195059905353,1,0.6893167739889021,34.57914722006482,15.783210482061113,5.4843289534311435,12.675627810462135,160.67154038936417,3.069544618483633e-12,2.585917985364928e-15,True,True,True,True
7.0,1.2,5.0,9,0.45,26.373195059905353,2,13.221910521338042,85.67483799071691,48.721304165651915,5.4843289534311435,45.81133145118076,2098.6780893299433,-4.547473508864641e-13,1.0809549036141562e-16,True,True,True,True
7.0,1.2,5.0,10,0.5,28.529048292181468,0,-0.03049379677886499,-1.7466246120380315,0.045521381415862275,5.4843289534311435,-0.862622571856942,0.7441177014761222,-9.628964292573983e-13,1.3029915831557263e-13,False,False,False,False
7.0,1.2,5.0,10,0.5,28.529048292181468,1,0.7504584249073223,36.88670406715495,17.653799299991505,5.4843289534311435,14.581441413354549,212.61843369109533,4.234834705130197e-12,2.946721498485699e-15,True,True,True,True
7.0,1.2,5.0,10,0.5,28.529048292181468,2,11.938298892823813,85.21185239672106,48.65859125942853,5.4843289534311435,45.748513486400554,2092.926486215373,-4.547473508864641e-13,4.1906538126343304e-18,True,True,True,True
7.0,1.2,5.0,11,0.55,30.68490152445758,0,-0.02833033575137822,-1.6227746130365885,0.03929624878485535,5.4843289534311435,-0.8825335416032729,0.778865452054381,-4.348743587456738e-13,5.79994995782429e-14,False,False,False,False
7.0,1.2,5.0,11,0.55,30.68490152445758,1,0.8174517264281351,39.2643406062803,19.627504258860434,5.4843289534311435,16.583618401845822,275.016399298042,2.6716406864579767e-12,1.4925941309727116e-15,True,True,True,True
7.0,1.2,5.0,11,0.55,30.68490152445758,2,10.80708012055571,84.7133648803123,48.58401596007289,5.4843289534311435,45.6738128804118,2086.0971830348713,0.0,4.173107138834434e-17,True,True,True,True
7.0,1.2,5.0,12,0.6000000000000001,32.8407547567337,0,-0.026349845595836197,-1.5093856787324789,0.03399779862340396,5.4843289534311435,-0.8991672025334527,0.8085016581119485,1.1335377081422848e-13,1.487835247345061e-14,False,False,False,False
7.0,1.2,5.0,12,0.6000000000000001,32.8407547567337,1,0.8914173210836727,41.714364345078536,21.696243304508926,5.4843289534311435,18.67569529637118,348.78159480289776,-2.8990143619012088e-12,1.3501465022968643e-15,True,True,True,True
7.0,1.2,5.0,12,0.6000000000000001,32.8407547567337,2,9.795785073117685,84.17116827174924,48.494623439028985,5.4843289534311435,45.584269615062624,2077.9256363387217,0.0,7.300264484138272e-17,True,True,True,True
7.0,1.2,5.0,13,0.65,34.99660798900981,0,-0.02453011212884748,-1.4051900945171463,0.029466862662417482,5.4843289534311435,-0.9131754527886038,0.8338894075748,-8.715250743307479e-13,1.1369917851031873e-13,False,False,False,False
7.0,1.2,5.0,13,0.65,34.99660798900981,1,0.9739225067762174,44.243109401622235,23.85277388659426,5.4843289534311435,20.85159714252818,434.7891033942923,2.8990143619012088e-12,1.1510296320968133e-15,True,True,True,True
7.0,1.2,5.0,13,0.65,34.99660798900981,2,8.8792010762273,83.5742684812596,48.38627417281711,5.4843289534311435,45.47573684227372,2068.042641347731,0.0,3.1212297231018515e-17,True,True,True,True
7.0,1.2,5.0,14,0.7000000000000001,37.15246122128593,0,-0.022851482133092738,-1.3090656531319012,0.025573967072380997,5.4843289534311435,-0.9250593932544877,0.8557348810483268,-3.4083846855992306e-14,4.542081489886038e-15,False,False,False,False
7.0,1.2,5.0,14,0.7000000000000001,37.15246122128593,1,1.0672089197531116,46.86213956326056,26.09140166219556,5.4843289534311435,23.10649182832061,533.9099646122463,-7.958078640513122e-13,1.6797945353489865e-16,True,True,True,True
7.0,1.2,5.0,14,0.7000000000000001,37.15246122128593,2,8.036909231948437,82.90737103330221,48.252956652762904,5.4843289534311435,45.34219232349813,2055.9144047010927,0.0,3.742820892871566e-17,True,True,True,True
7.0,1.2,5.0,15,0.75,39.30831445356204,0,-0.02129675167102807,-1.2200295615918653,0.022213954779696732,5.4843289534311435,-0.9352082028632143,0.8746143827020063,-6.366018823200648e-13,8.190396731981648e-14,False,False,False,False
7.0,1.2,5.0,15,0.75,39.30831445356204,1,1.1746122675076902,49.590762114181125,28.409290178220644,5.4843289534311435,25.438195508993132,647.1017907537604,2.0463630789890885e-12,6.0666846885318e-16,True,True,True,True
7.0,1.2,5.0,15,0.75,39.30831445356204,2,7.251364843080658,82.14814640031881,48.08551877698673,5.4843289534311435,45.17446745285459,2040.7325096490188,-2.2737367544323206e-13,7.847910726958071e-17,True,True,True,True
7.0,1.2,5.0,16,0.8,41.464167685838156,0,-0.01985094053693537,-1.1372257494930123,0.01930132629229184,5.4843289534311435,-0.9439270940460234,0.8909983588736544,-5.158096172408477e-13,6.590139730933212e-14,False,False,False,False
7.0,1.2,5.0,16,0.8,41.464167685838156,1,1.30140373744658,52.46128666988632,30.809080876639356,5.4843289534311435,27.8498594759294,775.6146728290153,6.821210263296962e-13,1.6251652518528653e-16,True,True,True,True
7.0,1.2,5.0,16,0.8,41.464167685838156,2,6.506023803682654,81.26181060103164,47.869100604469814,5.4843289534311435,44.95767516144702,2021.19255592219,-4.547473508864641e-13,8.165149276362275e-17,True,True,True,True
7.0,1.2,5.0,17,0.8500000000000001,43.62002091811428,0,-0.018501031244804178,-1.0599100864464845,0.016766380765366032,5.4843289534311435,-0.951457629387912,0.9052716205202284,-2.369215934550084e-13,3.011611817938945e-14,False,False,False,False
7.0,1.2,5.0,17,0.8500000000000001,43.62002091811428,1,1.4567040807854421,55.53113280171704,33.3048662697871,5.4843289534311435,30.35599679996703,921.4865417196088,2.2737367544323206e-13,1.7774340068899242e-17,True,True,True,True
7.0,1.2,5.0,17,0.8500000000000001,43.62002091811428,2,5.782702198507396,80.18889869118964,47.577221094956585,5.4843289534311435,44.665285337126875,1994.987714246961,0.0,9.993283913890277e-17,True,True,True,True
7.0,1.2,5.0,18,0.9,45.775874150390386,0,-0.01723571091278764,-0.9874357208671405,0.014552093816199506,5.4843289534311435,-0.9579926400949523,0.9177498984759717,-1.2523315717771766e-13,1.588415360276619e-14,False,False,False,False
7.0,1.2,5.0,18,0.9,45.775874150390386,1,1.658791783516163,58.916392604144576,35.9388718822839,5.4843289534311435,32.99922582180186,1088.948904838274,-4.547473508864641e-13,1.1018254490536873e-17,True,True,True,True
7.0,1.2,5.0,18,0.9,45.775874150390386,2,5.055746874972256,78.81161279601055,47.155160522709345,5.4843289534311435,44.242474926558224,1957.396587627133,-2.2737367544323206e-13,2.2171180990693022e-17,True,True,True,True
7.0,1.2,5.0,19,0.9500000000000001,47.9317273826665,0,-0.016045133363947972,-0.9192395439524388,0.01261162211316805,5.4843289534311435,-0.9636872907593881,0.9286931943710398,-1.2956302697375577e-13,1.633337141564779e-14,False,False,False,False
7.0,1.2,5.0,19,0.9500000000000001,47.9317273826665,1,1.9562557163041117,62.92476240903567,38.848633655065086,5.4843289534311435,35.91760124906386,1290.0740794867536,0.0,9.041977515660494e-17,True,True,True,True
7.0,1.2,5.0,19,0.9500000000000001,47.9317273826665,2,4.270502041459458,76.82082225031175,46.45285013591767,5.4843289534311435,43.53888455522442,1895.6344683131595,-2.2737367544323206e-13,2.6563471966491922e-17,True,True,True,True
7.0,1.2,5.0,20,1.0,50.08758061494262,0,-0.014920707855328175,-0.854830154983631,0.010906320575164897,5.4843289534311435,-0.9686673652855304,0.9383164645692205,9.2148511043888e-15,1.2073093546221346e-15,False,False,False,False
7.0,1.2,5.0,20,1.0,50.08758061494262,1,2.8855109113686566,70.88577690517761,43.745969343902374,5.4843289534311435,40.82665805029274,1666.816007555533,-2.2737367544323206e-13,7.221999944778871e-18,True,True,True,True
7.0,1.2,10.0,0,0.0,9.732465150310379,0,0.48158849723577607,25.71493119033155,9.224931443725781,9.22493144372578,0.0,1.4210854715202004e-14,1.4210854715202004e-14,0.0,True,True,True,True
7.0,1.2,10.0,1,0.05,11.603986679419075,0,-0.04656945183683625,-2.6663066725363884,0.106037014433568,9.22493144372578,-0.14685042407765758,0.021565047050016717,-1.771156138419272e-12,3.468336728928989e-13,False,False,False,False
7.0,1.2,10.0,1,0.05,11.603986679419075,1,0.48824707866635286,26.023808496808954,9.432343982147719,9.22493144372578,1.3906482292460982,1.933902497512932,7.6234574208911e-12,2.4734767007100022e-14,True,True,True,True
7.0,1.2,10.0,1,0.05,11.603986679419075,2,28.305748519504867,87.97666681447103,48.93891914809184,9.22493144372578,44.03696812907627,1939.25456200128,6.821210263296962e-13,5.465765332742446e-17,True,True,True,True
7.0,1.2,10.0,2,0.1,13.475508208527772,0,-0.045182202372187064,-2.5869900747320314,0.09982635050128315,9.22493144372578,-0.2797368327095917,0.07825269557576231,1.3682110999724273e-12,2.7544633240950134e-13,False,False,False,False
7.0,1.2,10.0,2,0.1,13.475508208527772,1,0.5049295327327865,26.79055848851833,9.954738962899699,9.22493144372578,2.6806586564537564,7.185930832409511,-1.0947687201223744e-11,2.907422383768694e-14,True,True,True,True
7.0,1.2,10.0,2,0.1,13.475508208527772,2,24.174751146303883,87.63128343990958,48.91629920780259,9.22493144372578,44.01422727082434,1937.2522022477774,2.2737367544323206e-13,3.946209736710128e-17,True,True,True,True
7.0,1.2,10.0,3,0.15000000000000002,15.347029737636468,0,-0.04332876562630883,-2.481003581322437,0.09181933464452997,9.22493144372578,-0.38916620296716875,0.15145033353228454,4.009570453433753e-13,7.655622604455618e-14,False,False,False,False
7.0,1.2,10.0,3,0.15000000000000002,15.347029737636468,1,0.528629484111284,27.86225057757992,10.702267956808221,9.22493144372578,3.956097212630743,15.650705155780614,-4.121147867408581e-12,8.89612074573421e-15,True,True,True,True
7.0,1.2,10.0,3,0.15000000000000002,15.347029737636468,2,21.023358529148073,87.27671357960779,48.889385925793135,9.22493144372578,43.98716995776993,1934.8711208937373,0.0,2.1464012984519875e-17,True,True,True,True
7.0,1.2,10.0,4,0.2,17.218551266745163,0,-0.04125648136983262,-2.3624824762575822,0.08326104709623543,9.22493144372578,-0.4794051477953145,0.22982929573203092,-6.164235788475025e-13,1.0908543550715863e-13,False,False,False,False
7.0,1.2,10.0,4,0.2,17.218551266745163,1,0.5577809610270386,29.151946132612874,11.62736062987509,9.22493144372578,5.260559159601305,27.673482671668424,3.232969447708456e-12,5.5231824198818644e-15,True,True,True,True
7.0,1.2,10.0,4,0.2,17.218551266745163,2,18.531422968826973,86.91117823969223,48.85772921074989,9.22493144372578,43.95534360003681,1932.0722309972975,4.547473508864641e-13,9.042441314372331e-17,True,True,True,True
7.0,1.2,10.0,5,0.25,19.09007279585386,0,-0.03911295932874381,-2.2398657595707276,0.07484685330351615,9.22493144372578,-0.554104160439469,0.3070314206166207,2.919331443251849e-13,4.8840738151394546e-14,False,False,False,False
7.0,1.2,10.0,5,0.25,19.09007279585386,1,0.5915545828544957,30.606631433168562,12.702005078431347,9.22493144372578,6.617317100895761,43.788885613803146,-4.334310688136611e-12,6.151923401034091e-15,True,True,True,True
7.0,1.2,10.0,5,0.25,19.09007279585386,2,16.50420410241521,86.53265204461816,48.82076804750527,9.22493144372578,43.918184058218934,1928.8068909715957,0.0,7.044465078574424e-17,True,True,True,True
7.0,1.2,10.0,6,0.30000000000000004,20.961594324962558,0,-0.036984449993468616,-2.1180875025770827,0.06693307315124063,9.22493144372578,-0.6162559156196583,0.3797713535365568,3.3334446314370325e-13,5.310648430502125e-14,False,False,False,False
7.0,1.2,10.0,6,0.30000000000000004,20.961594324962558,1,0.6295468233638379,32.192336260003174,13.907988817050306,9.22493144372578,8.038921402115955,64.62425730939353,-4.419575816427823e-12,5.2467694950824296e-15,True,True,True,True
7.0,1.2,10.0,6,0.30000000000000004,20.961594324962558,2,14.816360442033403,86.13879421054807,48.777802503419665,9.22493144372578,43.87498748752752,1925.014527030697,6.821210263296962e-13,3.3826164176244276e-17,True,True,True,True
7.0,1.2,10.0,7,0.35000000000000003,22.833115854071256,0,-0.03491956054568757,-1.9999308168562595,0.05967664147949592,9.22493144372578,-0.6682659009679996,0.44657931439631043,-2.6190161150907443e-13,4.02778677758686e-14,False,False,False,False
7.0,1.2,10.0,7,0.35000000000000003,22.833115854071256,1,0.671633999072113,33.88665180232715,15.232332424815045,9.22493144372578,9.531815941106458,90.85551513513137,1.7053025658242404e-13,7.197788041926954e-17,True,True,True,True
7.0,1.2,10.0,7,0.35000000000000003,22.833115854071256,2,13.383477664314206,85.72685735155986,48.72795532379286,9.22493144372578,43.82487170943937,1920.6193803488195,2.2737367544323206e-13,2.8393506791087036e-17,True,True,True,True
7.0,1.2,10.0,8,0.4,24.70463738317995,0,-0.03294387702308388,-1.8868627082384262,0.05312199937771938,9.22493144372578,-0.7120509948685683,0.5070166192925056,-8.122391648157645e-13,1.2066417244104142e-13,False,False,False,False
7.0,1.2,10.0,8,0.4,24.70463738317995,1,0.7179044299100865,35.67473375531243,16.66502060438811,9.22493144372578,11.09877107778401,123.18271943705794,3.112177182629239e-12,2.4478139709565648e-15,True,True,True,True
7.0,1.2,10.0,8,0.4,24.70463738317995,2,12.14652814379955,85.29356419999188,48.6701184083911,9.22493144372578,43.76672237452209,1915.5259874084932,6.821210263296962e-13,1.1127041551714108e-16,True,True,True,True
7.0,1.2,10.0,9,0.45,26.576158912288644,0,-0.0310689977391152,-1.7795500019047974,0.04725323567798116,9.22493144372578,-0.749134613151301,0.5612026686208813,-4.681810494844285e-13,6.769079386927558e-14,False,False,False,False
7.0,1.2,10.0,9,0.45,26.576158912288644,1,0.7686336174105088,37.54709060862624,18.19784211689745,9.22493144372578,12.74028772387609,162.31493128715047,2.6716406864579767e-12,1.7114802341505466e-15,True,True,True,True
7.0,1.2,10.0,9,0.45,26.576158912288644,2,11.06288294649538,84.83493678495331,48.60287672562435,9.22493144372578,43.69911642776174,1909.6127765670763,4.547473508864641e-13,2.7749049323343258e-17,True,True,True,True
7.0,1.2,10.0,10,0.5,28.447680441397342,0,-0.02929812952125932,-1.6781791070444163,0.04202456621509781,9.22493144372578,-0.780728364728775,0.6095367794913211,-7.460698725481052e-13,1.0563815039883204e-13,False,False,False,False
7.0,1.2,10.0,10,0.5,28.447680441397342,1,0.8242887549307629,39.49837507409254,19.823815497620593,9.22493144372578,14.455496632973482,208.96138290591017,2.5011104298755527e-12,1.3842154299766936e-15,True,True,True,True
7.0,1.2,10.0,10,0.5,28.447680441397342,2,10.100852213029441,84.34605315202357,48.52439751190259,9.22493144372578,43.620210649598896,1902.7227771153807,-2.2737367544323206e-13,3.080229763139608e-17,True,True,True,True
7.0,1.2,10.0,11,0.55,30.31920197050604,0,-0.027629560664973685,-1.5826545689143323,0.0373777046404636,9.22493144372578,-0.8077985616230434,0.6525385161598627,-3.9523939676655573e-13,5.496036264240007e-14,False,False,False,False
7.0,1.2,10.0,11,0.55,30.31920197050604,1,0.8855599847567959,41.52681612000953,21.536964898633542,9.22493144372578,16.24281947993406,263.82918465772696,1.5916157281026244e-12,7.885777207260025e-16,True,True,True,True
7.0,1.2,10.0,11,0.55,30.31920197050604,2,9.23621908417703,83.82068985475404,48.43226414788171,9.22493144372578,43.52757453741201,1894.649745109959,9.094947017729282e-13,7.24923234426159e-18,True,True,True,True
7.0,1.2,10.0,12,0.6000000000000001,32.19072349961474,0,-0.026058815186742468,-1.492722306885144,0.03325145080623888,9.22493144372578,-0.8311189955654035,0.6907587847891568,-4.883871085326064e-13,6.675367669583395e-14,False,False,False,False
7.0,1.2,10.0,12,0.6000000000000001,32.19072349961474,1,0.9534243445718475,43.6341508576705,23.33235281582073,9.22493144372578,18.10055418049241,327.6300616409442,2.9558577807620168e-12,1.2422795120192004e-15,True,True,True,True
7.0,1.2,10.0,12,0.6000000000000001,32.19072349961474,2,8.44993896797823,83.25077691234436,48.32321814774155,9.22493144372578,43.41793073652824,1885.1167094419638,0.0,7.000875023805804e-17,True,True,True,True
7.0,1.2,10.0,13,0.65,34.06224502872343,0,-0.024579983909419845,-1.4080458152022732,0.029586729260210852,9.22493144372578,-0.8513122624043017,0.7247325681196823,-2.48245868306185e-13,3.3581402097508674e-14,False,False,False,False
7.0,1.2,10.0,13,0.65,34.06224502872343,1,1.0292592721191864,45.82607317135823,25.206369240291348,9.22493144372578,20.02752116551583,401.10160403518665,2.1600499167107046e-12,8.814671044724486e-16,True,True,True,True
7.0,1.2,10.0,13,0.65,34.06224502872343,2,7.726526492030774,82.62552931207763,48.19274075095031,9.22493144372578,43.286734081156666,1873.7413474127702,2.2737367544323206e-13,1.360960894916895e-16,True,True,True,True
7.0,1.2,10.0,14,0.7000000000000001,35.93376655783213,0,-0.023186539607329415,-1.3282528652994656,0.02632901044190514,9.22493144372578,-0.8688819171785227,0.7549557859997353,-8.981704269217516e-14,1.194813011251185e-14,False,False,False,False
7.0,1.2,10.0,14,0.7000000000000001,35.93376655783213,1,1.1150427124192317,48.113399533834034,27.15737633150751,9.22493144372578,22.023947045213923,485.05424345038756,4.547473508864641e-13,6.481964557028127e-17,True,True,True,True
7.0,1.2,10.0,14,0.7000000000000001,35.93376655783213,2,7.052824318787277,81.92998546039355,48.03433683163044,9.22493144372578,43.1274510927705,1859.9770377593113,0.0,8.66279740855145e-17,True,True,True,True
7.0,1.2,10.0,15,0.75,37.80528808694083,0,-0.02187182795339737,-1.2529636611738355,0.023429258028286336,9.22493144372578,-0.8842374427728747,0.7818758552010836,-4.2932324362254803e-13,5.6596768272776414e-14,False,False,False,False
7.0,1.2,10.0,15,0.75,37.80528808694083,1,1.2137223640832555,50.51449240580134,29.186986143750055,9.22493144372578,24.092909527088175,580.4682894804572,1.0231815394945443e-12,1.6311134035694423e-16,True,True,True,True
7.0,1.2,10.0,15,0.75,37.80528808694083,2,6.416908960518238,81.14237039726109,47.838221670767005,9.22493144372578,42.93023857019995,1843.005383694283,-2.2737367544323206e-13,1.8284273479930945e-17,True,True,True,True
7.0,1.2,10.0,16,0.8,39.676809616049525,0,-0.020629354666862554,-1.1818073281548798,0.020844072806813916,9.22493144372578,-0.8977136491337958,0.8058897958409127,-2.0317081350640365e-13,2.6633601680815156e-14,False,False,False,False
7.0,1.2,10.0,16,0.8,39.676809616049525,1,1.3299556835346396,53.06032022466809,31.302688375833398,9.22493144372578,26.24309194270795,688.6998747134236,6.821210263296962e-13,1.7194319129329464e-16,True,True,True,True
7.0,1.2,10.0,16,0.8,39.676809616049525,2,5.80683090359603,80.2288786152044,47.58868061948164,9.22493144372578,42.67928659183357,1821.5215039878658,6.821210263296962e-13,4.887396921068046e-19,True,True,True,True
7.0,1.2,10.0,17,0.8500000000000001,41.548331145158215,0,-0.019452944859374544,-1.114431080479754,0.018535422001423205,9.22493144372578,-0.909585779272968,0.8273462898554875,-1.2501111257279263e-13,1.6223085430430883e-14,False,False,False,False
7.0,1.2,10.0,17,0.8500000000000001,41.548331145158215,1,1.4717918576415383,55.806091092777976,33.52389470211948,9.22493144372578,28.494943974543027,811.961832112346,0.0,3.107410242502913e-17,True,True,True,True
7.0,1.2,10.0,17,0.8500000000000001,41.548331145158215,2,5.208553180429467,79.13192248278249,47.2580271498384,9.22493144372578,42.34673789124382,1793.2462100297048,-2.2737367544323206e-13,1.5714100470323058e-17,True,True,True,True
7.0,1.2,10.0,18,0.9,43.41985267426691,0,-0.018336822748099113,-1.0505048234463046,0.01647017643948109,9.22493144372578,-0.9200813115935291,0.8465496199434575,-2.113864638886298e-13,2.7101228858438152e-14,False,False,False,False
7.0,1.2,10.0,18,0.9,43.41985267426691,1,1.6553309166902588,58.8634558763086,35.89881763517152,9.22493144372578,30.897726070727284,954.6694763417008,3.410605131648481e-13,1.3659621690581153e-16,True,True,True,True
7.0,1.2,10.0,18,0.9,43.41985267426691,2,4.601010857222789,77.73783934529686,46.78973634745088,9.22493144372578,41.87571159460367,1753.5752215544242,-2.2737367544323206e-13,1.768079579501726e-17,True,True,True,True
7.0,1.2,10.0,19,0.9500000000000001,45.29137420337562,0,-0.01727564234717205,-0.9897229424875722,0.014619579925126658,9.22493144372578,-0.9293892185101238,0.8637643194826717,-1.8685053504441385e-13,2.395794099015303e-14,False,False,False,False
7.0,1.2,10.0,19,0.9500000000000001,45.29137420337562,1,1.9232643130286338,62.52785345590268,38.57212873145373,9.22493144372578,33.597657359538275,1128.8025800489368,4.547473508864641e-13,1.5298869613874777e-17,True,True,True,True
7.0,1.2,10.0,19,0.9500000000000001,45.29137420337562,2,3.9373587534465324,75.74947692713079,46.03080580545715,9.22493144372578,41.112215081596375,1690.2142289154408,4.547473508864641e-13,1.3807616981615575e-17,True,True,True,True
7.0,1.2,10.0,20,1.0,47.1628957324843,0,-0.016264488606559935,-0.9318043943693419,0.012958717875856238,9.22493144372578,-0.9376672623377522,0.8792198948609945,1.0195178035132813e-12,1.3022088110075853e-13,False,False,False,False
7.0,1.2,10.0,20,1.0,47.1628957324843,1,2.7448425002471124,69.98232492652173,43.25836895678629,9.22493144372578,38.32155669947981,1468.5417078714465,9.094947017729282e-13,2.0923185381319963e-16,True,True,True,True
7.0,1.3,2.0,0,0.0,5.0930284499428335,0,0.29260058178979914,16.309506577990213,3.8642976879473503,3.8642976879473485,0.0,7.105427357601002e-15,7.105427357601002e-15,2.511167738265178e-16,True,True,True,True
7.0,1.3,2.0,1,0.05,7.144350478259049,0,-0.07045722170800062,-4.030241244055969,0.24204521871209214,3.8642976879473485,-0.24620079668389594,0.06061483228845066,6.655925810505892e-13,8.271161533457416e-14,False,False,False,False
7.0,1.3,2.0,1,0.05,7.144350478259049,1,0.3031403130004673,16.86417158012011,4.123851047223379,3.8642976879473485,1.0015949144611778,1.003192372672041,-2.452926750606821e-12,3.890175708692017e-14,True,True,True,True
7.0,1.3,2.0,1,0.05,7.144350478259049,2,42.39160855942705,88.64866757241536,48.972748231959784,3.8642976879473485,46.87655769460967,2197.4116612960706,1.3642420526593924e-12,3.7139410915336515e-17,True,True,True,True
7.0,1.3,2.0,2,0.1,9.195672506575264,0,-0.06565117300300649,-3.7561448976195106,0.21028739455583675,3.8642976879473485,-0.42093905093519757,0.17718968460193968,-2.8516078387497146e-13,3.785860513971784e-14,False,False,False,False
7.0,1.3,2.0,2,0.1,9.195672506575264,1,0.3261300510079508,18.062703724891204,4.710651037566177,3.8642976879473485,1.9410967549473925,3.767856612065831,-1.4668266601347568e-12,1.4929135062199815e-14,True,True,True,True
7.0,1.3,2.0,2,0.1,9.195672506575264,2,32.74180187519654,88.25061631399231,48.95433473306222,3.8642976879473485,46.8581305787398,2195.6844013342297,0.0,3.0962332233411613e-17,True,True,True,True
7.0,1.3,2.0,3,0.15000000000000002,11.24699453489148,0,-0.060340960782401254,-3.453095502793807,0.17776330406083335,3.8642976879473485,-0.5465052749314203,0.298668015527496,-3.713140905858836e-13,5.3512749786932545e-14,False,False,False,False
7.0,1.3,2.0,3,0.15000000000000002,11.24699453489148,1,0.3559463942981509,19.59300354221094,5.510078877267474,3.8642976879473485,2.9398112474299127,8.64249017051406,-1.3589129821411916e-12,9.0912015097121e-15,True,True,True,True
7.0,1.3,2.0,3,0.15000000000000002,11.24699453489148,2,26.571050703406506,87.84469375784998,48.93069510193852,3.8642976879473485,46.834473450162264,2193.4679033539546,4.547473508864641e-13,1.1743480319600205e-17,True,True,True,True
7.0,1.3,2.0,4,0.2,13.298316563207694,0,-0.05520815602103113,-3.159986456419659,0.14889526017843135,3.8642976879473485,-0.6389547615498012,0.40826318730637806,-7.853162564686045e-13,1.2340128918708615e-13,False,False,False,False
7.0,1.3,2.0,4,0.2,13.298316563207694,1,0.3905530316315886,21.33328161727473,6.4848993277246345,3.8642976879473485,4.039329217097966,16.316180524104922,3.6557423754857155e-12,1.6868610259491014e-14,True,True,True,True
7.0,1.3,2.0,4,0.2,13.298316563207694,2,22.268600989146247,87.42878718111974,48.90138674190099,3.8642976879473485,46.80514337227245,2190.7214460989785,-9.094947017729282e-13,3.1124289287576024e-17,True,True,True,True
7.0,1.3,2.0,5,0.25,15.349638591523906,0,-0.05048737278567739,-2.890259313595814,0.12458220881704946,3.8642976879473485,-0.7084198589492481,0.501858696554208,5.35460564776713e-13,8.362048322252283e-14,False,False,False,False
7.0,1.3,2.0,5,0.25,15.349638591523906,1,0.42908194235794994,23.22329739323615,7.6187553050282775,3.8642976879473485,5.256683195434812,27.632718217164545,-2.2026824808563106e-12,7.0228777565707355e-15,True,True,True,True
7.0,1.3,2.0,5,0.25,15.349638591523906,2,19.084560977746776,87.00053729869019,48.86583446347684,3.8642976879473485,46.76956471262761,2187.3921834086623,4.547473508864641e-13,2.874221744342712e-17,True,True,True,True
7.0,1.3,2.0,6,0.30000000000000004,17.400960619840127,0,-0.046234981516870555,-2.647184109054727,0.10452256715378783,3.8642976879473485,-0.7615578654781514,0.5799703824718774,2.3925306180672123e-13,3.569086723838826e-14,False,False,False,False
7.0,1.3,2.0,6,0.30000000000000004,17.400960619840127,1,0.47117707486837546,25.228738592381063,8.902057449040075,3.8642976879473485,6.598693748763458,43.54275918996773,-2.2097879082139116e-12,5.1096716567090835e-15,True,True,True,True
7.0,1.3,2.0,6,0.30000000000000004,17.400960619840127,2,16.622457642837748,86.5572595033666,48.82329995503935,3.8642976879473485,46.726998589109705,2183.4123971466606,4.547473508864641e-13,7.754918518572244e-18,True,True,True,True
7.0,1.3,2.0,7,0.35000000000000003,19.452282648156334,0,-0.04243561992898748,-2.429924035027891,0.08807969777899281,3.8642976879473485,-0.8028690203618665,0.6445986638566836,-1.3955503419538218e-13,2.0118340276914626e-14,False,False,False,False
7.0,1.3,2.0,7,0.35000000000000003,19.452282648156334,1,0.5167700942786135,27.328568472256205,10.327533599745133,3.8642976879473485,8.06701523467332,65.07673479645395,2.5011104298755527e-12,4.41320467478581e-15,True,True,True,True
7.0,1.3,2.0,7,0.35000000000000003,19.452282648156334,2,14.652855961581615,86.09584130272236,48.772839154533564,3.8642976879473485,46.67650020730991,2178.6956716030027,9.094947017729282e-13,1.0729479138625555e-18,True,True,True,True
7.0,1.3,2.0,8,0.4,21.503604676472552,0,-0.03904736281292642,-2.2361130873673223,0.07459639372596344,3.8642976879473485,-0.8354627175648313,0.6979979524406388,-1.7419399256368706e-13,2.4375227957416812e-14,False,False,False,False
7.0,1.3,2.0,8,0.4,21.503604676472552,1,0.5659955578818874,29.509668304478915,11.888655322627411,3.8642976879473485,9.660346006903527,93.32228497309636,-5.684341886080801e-13,8.221501486783039e-16,True,True,True,True
7.0,1.3,2.0,8,0.4,21.503604676472552,2,13.033644672868292,85.61260494398326,48.71324217238474,3.8642976879473485,46.61685873475589,2173.131518296186,0.0,7.202340447106563e-17,True,True,True,True
7.0,1.3,2.0,9,0.45,23.554926704788766,0,-0.03602132047087103,-2.0629776817118337,0.06349685147406116,3.8642976879473485,-0.8615273919889979,0.7422294471463745,-9.898748487557896e-13,1.3573692935069043e-13,False,False,False,False
7.0,1.3,2.0,9,0.45,23.554926704788766,1,0.6191636533381693,31.7642862111716,13.579089003782311,3.8642976879473485,11.37558920077256,129.40402966473923,5.9685589803848416e-12,6.1064514676681344e-15,True,True,True,True
7.0,1.3,2.0,9,0.45,23.554926704788766,2,11.67195909853994,85.10311814397961,48.6429472627546,3.8642976879473485,46.54651120199681,2166.577705077614,0.0,5.143145709368704e-17,True,True,True,True
7.0,1.3,2.0,10,0.5,25.60624873310498,0,-0.033309951926733916,-1.907814262892122,0.054307834555524404,3.8642976879473485,-0.8826290055828463,0.7790339614959482,-2.1593837828959295e-13,2.907290090108081e-14,False,False,False,False
7.0,1.3,2.0,10,0.5,25.60624873310498,1,0.6767652181930335,34.08877500068806,15.392575498997667,3.8642976879473485,13.20858083465846,174.46660766570676,0.0,1.181825065263214e-16,True,True,True,True
7.0,1.3,2.0,10,0.5,25.60624873310498,2,10.5043850952788,84.56192543874998,48.55991491755314,3.8642976879473485,46.46341649316005,2158.8490722168576,4.547473508864641e-13,8.473228213913104e-19,True,True,True,True
7.0,1.3,2.0,11,0.55,27.657570761421198,0,-0.03087026521505587,-1.7681743776283565,0.04665123306961115,3.8642976879473485,-0.8999053922746183,0.8098297150445184,-4.162226119319712e-13,5.539808229014799e-14,False,False,False,False
7.0,1.3,2.0,11,0.55,27.657570761421198,1,0.7395035109859429,36.48305556933703,17.323036609729556,3.8642976879473485,15.154648953335583,229.66338489883782,2.5295321393059567e-12,1.79798443927866e-15,True,True,True,True
7.0,1.3,2.0,11,0.55,27.657570761421198,2,9.48594202205232,83.98215411507759,48.46143841955689,3.8642976879473485,46.364865742129744,2149.700775285716,0.0,2.7330287638293408e-17,True,True,True,True
7.0,1.3,2.0,12,0.6000000000000001,29.708892789737412,0,-0.02866470412318911,-1.6419169636978348,0.040228543464304385,3.8642976879473485,-0.9141952507550224,0.835752956502589,-4.4930725806580085e-13,5.885822358134909e-14,False,False,False,False
7.0,1.3,2.0,12,0.6000000000000001,29.708892789737412,1,0.8083578997880534,38.950615474369435,19.36485987666768,3.8642976879473485,17.209154283894,296.15499116686703,-2.2737367544323206e-13,3.478796442637614e-17,True,True,True,True
7.0,1.3,2.0,12,0.6000000000000001,29.708892789737412,2,8.583583774363898,83.35491394329627,48.343848807097324,3.8642976879473485,46.247187050611224,2138.8023100942223,0.0,7.480479227709025e-17,True,True,True,True
7.0,1.3,2.0,13,0.65,31.760214818053623,0,-0.026661024896836416,-1.527202422267148,0.034804962454923476,3.8642976879473485,-0.9261251793927663,0.857707847905035,-2.4857893521357255e-13,3.246028310386497e-14,False,False,False,False
7.0,1.3,2.0,13,0.65,31.760214818053623,1,0.8846959704243753,41.499058496673605,21.513401905593035,3.8642976879473485,19.368145254973335,375.12505061774425,-1.8758328224066645e-12,7.008741659231344e-16,True,True,True,True
7.0,1.3,2.0,13,0.65,31.760214818053623,2,7.772144523134412,82.66834091270232,48.20203536986062,3.8642976879473485,46.105265579090684,2125.695514118484,-4.547473508864641e-13,4.843342071548896e-17,True,True,True,True
7.0,1.3,2.0,14,0.7000000000000001,33.81153684636984,0,-0.024831774638611304,-1.422463560919062,0.03019561542268382,3.8642976879473485,-0.9361692849391385,0.8764129300633814,-7.66053886991358e-14,9.863369710824768e-15,False,False,False,False
7.0,1.3,2.0,14,0.7000000000000001,33.81153684636984,1,0.9704705397925057,44.141430045547764,23.76585115620956,3.8642976879473485,21.629314568882183,467.8272487196586,-4.547473508864641e-13,5.4213015704545846e-17,True,True,True,True
7.0,1.3,2.0,14,0.7000000000000001,33.81153684636984,2,7.031634059211651,81.90598776789558,48.02862344476679,3.8642976879473485,45.93172064082656,2109.722961026933,0.0,4.775144702507247e-17,True,True,True,True
7.0,1.3,2.0,15,0.75,35.862858874686054,0,-0.023153655004180873,-1.3263697272973172,0.026254420484617198,3.8642976879473485,-0.9446905839301043,0.8924402993660998,-1.0158540675320182e-13,1.2900786856465925e-14,False,False,False,False
7.0,1.3,2.0,15,0.75,35.862858874686054,1,1.068582869700204,46.898918426737225,26.12278761851476,3.8642976879473485,23.99361936360769,575.6937701656902,4.547473508864641e-13,2.528457739215853e-16,True,True,True,True
7.0,1.3,2.0,15,0.75,35.862858874686054,2,6.345227199490948,81.04391932429338,47.81246403470084,3.8642976879473485,45.71539401528375,2089.8972499726406,-4.547473508864641e-13,3.569278224242923e-17,True,True,True,True
7.0,1.3,2.0,16,0.8,37.91418090300227,0,-0.021606897278097392,-1.2377914221026407,0.02286536760930669,3.8642976879473485,-0.9519701442316562,0.9062471555083058,-1.3444800828210646e-13,1.7104995624106262e-14,False,False,False,False
7.0,1.3,2.0,16,0.8,37.91418090300227,1,1.1836107108760585,49.80645634329971,28.59127840528611,3.8642976879473485,26.468418174391857,700.5771606544771,-1.1368683772161603e-13,1.9992062973473136e-16,True,True,True,True
7.0,1.3,2.0,16,0.8,37.91418090300227,2,5.697422895898175,80.04496238393828,47.53559232344196,3.8642976879473485,45.43830579815777,2064.6396338068985,4.547473508864641e-13,7.131062260547348e-17,True,True,True,True
7.0,1.3,2.0,17,0.8500000000000001,39.96550293131848,0,-0.020174699367767168,-1.155768337371252,0.019935791998362037,3.8642976879473485,-0.958227860099653,0.9182006318708938,-2.6634250360757505e-13,3.371441100462178e-14,False,False,False,False
7.0,1.3,2.0,17,0.8500000000000001,39.96550293131848,1,1.323464253390124,52.92556993012777,31.19190488117318,3.8642976879473485,29.074530209683168,845.3283069137797,5.684341886080801e-13,2.7873709428939434e-16,True,True,True,True
7.0,1.3,2.0,17,0.8500000000000001,39.96550293131848,2,5.071617968006564,78.84574637945254,47.16625748603246,3.8642976879473485,45.068678008680806,2031.1857374501478,-1.1368683772161603e-12,3.703269597486339e-17,True,True,True,True
7.0,1.3,2.0,18,0.9,42.0168249596347,0,-0.018842739661389718,-1.0794817129124843,0.017391218327540873,3.8642976879473485,-0.9636374440237052,0.9285971235244399,-9.969802761133906e-14,1.2446226712225685e-14,False,False,False,False
7.0,1.3,2.0,18,0.9,42.0168249596347,1,1.5039777738873743,56.37992997889614,33.97830657939156,3.8642976879473485,31.865814696323103,1015.4301462604013,-1.1368683772161603e-13,5.2076038725814595e-17,True,True,True,True
7.0,1.3,2.0,18,0.9,42.0168249596347,2,4.444970640378402,77.32106908292182,46.63943746472047,3.8642976879473485,44.541431709246766,1983.9391387094934,2.2737367544323206e-13,2.5172367955081678e-18,True,True,True,True
7.0,1.3,2.0,19,0.9500000000000001,44.06814698795092,0,-0.017598766667324295,-1.0082309746493945,0.015171413983757926,3.8642976879473485,-0.968337371433871,0.9376772649153878,-7.083222897108499e-14,8.831410938775723e-15,False,False,False,False
7.0,1.3,2.0,19,0.9500000000000001,44.06814698795092,1,1.7672051057472862,60.49598563019831,37.115489940743025,3.8642976879473485,35.007564517944196,1225.5295734780254,0.0,9.946437731801819e-17,True,True,True,True
7.0,1.3,2.0,19,0.9500000000000001,44.06814698795092,2,3.769712299289755,75.14319959594434,45.77859002425764,3.8642976879473485,43.6798655733857,1907.9306565090449,-2.2737367544323206e-13,3.283096618559739e-17,True,True,True,True
7.0,1.3,2.0,20,1.0,46.119469016267125,0,-0.016432256849153504,-0.9414142381676273,0.01322736255260012,3.8642976879473485,-0.972438959434375,0.9456375298263004,4.904965322793942e-13,6.160427715573339e-14,False,False,False,False
7.0,1.3,2.0,20,1.0,46.119469016267125,1,2.5771395365236214,68.79239696156385,42.58777075611133,3.8642976879473485,40.48611568384004,1639.1255631652787,2.2737367544323206e-13,8.741603041467281e-17,True,True,True,True
7.0,1.3,5.0,0,0.0,7.962346983992167,0,0.41395327244822305,22.487269348089526,7.168187018926877,7.168187018926879,1.7763568394002505e-15,-1.4210854715202004e-14,-1.4210854715202007e-14,2.534414301441508e-17,True,True,True,True
7.0,1.3,5.0,1,0.05,9.762851880072773,0,-0.05267304402380901,-3.0151567099917536,0.13557189139463086,7.168187018926879,-0.1663191806573947,0.027662069852476545,-2.070552063138109e-12,3.433919815165609e-13,False,False,False,False
7.0,1.3,5.0,1,0.05,9.762851880072773,1,0.4210484919583912,22.8334527117699,7.378700287424869,7.168187018926879,1.2344823208334628,1.5239466004621036,1.1731060567399254e-11,6.022968766312021e-14,True,True,True,True
7.0,1.3,5.0,1,0.05,9.762851880072773,2,27.573644865313874,87.9229920462087,48.935636909461664,7.168187018926879,45.14520995985477,2038.0899823193697,-4.547473508864641e-13,1.207507278201884e-17,True,True,True,True
7.0,1.3,5.0,2,0.1,11.563356776153379,0,-0.05076632675615933,-2.906201338029735,0.12595915224551937,7.168187018926879,-0.30886077783747856,0.0953949800863837,1.1407541578023483e-14,1.942890293094024e-15,False,False,False,False
7.0,1.3,5.0,2,0.1,11.563356776153379,1,0.43833283105262577,23.66941706041654,7.897295667701117,7.168187018926879,2.378291836730831,5.656272060659589,-9.2192919964873e-13,3.739384702546798e-15,True,True,True,True
7.0,1.3,5.0,2,0.1,11.563356776153379,2,23.11034865436461,87.52231949246399,48.90842631432885,7.168187018926879,45.11791699298159,2035.6264337855775,4.547473508864641e-13,6.837304133311818e-18,True,True,True,True
7.0,1.3,5.0,3,0.15000000000000002,13.363861672233984,0,-0.04832176523747389,-2.7664813076787698,0.11414812172292008,7.168187018926879,-0.4229307776016793,0.17887044264076224,-1.9988732891107475e-12,3.5943470422239443e-13,False,False,False,False
7.0,1.3,5.0,3,0.15000000000000002,13.363861672233984,1,0.4623722273059805,24.814510233429512,8.630514629945559,7.168187018926879,3.5237249332225193,12.416637405025227,1.1178613590345776e-11,3.4660563208638116e-14,True,True,True,True
7.0,1.3,5.0,3,0.15000000000000002,13.363861672233984,2,19.82346826875384,87.1121474731235,48.87562501419248,7.168187018926879,45.085016264587175,2032.6586915780892,-9.094947017729282e-13,2.849938871189133e-18,True,True,True,True
7.0,1.3,5.0,4,0.2,15.16436656831459,0,-0.045676459173893846,-2.615250578186939,0.10201776357959588,7.168187018926879,-0.514677761250887,0.2648931979271969,9.718337246056308e-13,1.7030645125252866e-13,False,False,False,False
7.0,1.3,5.0,4,0.2,15.16436656831459,1,0.49149444832882416,26.17386054764806,9.533738267967689,7.168187018926879,4.714078866304522,22.222539557732276,-6.654232720393338e-12,1.5986146984268425e-14,True,True,True,True
7.0,1.3,5.0,4,0.2,15.16436656831459,2,17.29331162593103,86.6905098224672,48.83669857956999,7.168187018926879,45.045971646849424,2029.1395616087618,-4.547473508864641e-13,6.071249135617789e-17,True,True,True,True
7.0,1.3,5.0,5,0.25,16.964871464395195,0,-0.04301383802509662,-2.462993126257715,0.09049189559682172,7.168187018926879,-0.5889837466410051,0.34690185380731653,4.091171845743702e-14,6.8237904257597475e-15,False,False,False,False
7.0,1.3,5.0,5,0.25,16.964871464395195,1,0.5248481330764987,27.692651149954173,10.582655440209367,7.168187018926879,5.971415779429501,35.65780641081674,-2.8919089345436078e-12,5.40699052500958e-15,True,True,True,True
7.0,1.3,5.0,5,0.25,16.964871464395195,2,15.27822595897689,86.25518236993732,48.7909772011018,7.168187018926879,45.00011119387544,2025.0100074611537,0.0,2.4943238241700237e-17,True,True,True,True
7.0,1.3,5.0,6,0.30000000000000004,18.7653763604758,0,-0.04043075418759212,-2.3152505886392585,0.07996693071054112,7.168187018926879,-0.6496314228735751,0.42202098558407936,-6.664113705312502e-13,1.048124458740974e-13,False,False,False,False
7.0,1.3,5.0,6,0.30000000000000004,18.7653763604758,1,0.562024900821795,29.337070942822663,11.762335239095101,7.168187018926879,7.3073253335008275,53.397003529624975,1.9966250874858815e-12,3.0225482915601548e-15,True,True,True,True
7.0,1.3,5.0,6,0.30000000000000004,18.7653763604758,2,13.629162294179828,85.80360901451634,48.737622846165664,7.168187018926879,44.94659418829147,2020.1963291269556,-1.1368683772161603e-12,2.1810453004081467e-17,True,True,True,True
7.0,1.3,5.0,7,0.35000000000000003,20.565881256556406,0,-0.03797501155474858,-2.174762881161138,0.0705612171892484,7.168187018926879,-0.6995278559830147,0.48933922129595125,-2.420841305195154e-13,3.6544261520642257e-14,False,False,False,False
7.0,1.3,5.0,7,0.35000000000000003,20.565881256556406,1,0.6028928296811067,31.08547375114134,13.062539620431837,7.168187018926879,8.727709953487095,76.17292103219577,-1.9326762412674725e-12,2.2404584599663847e-15,True,True,True,True
7.0,1.3,5.0,7,0.35000000000000003,20.565881256556406,2,12.249111048514699,85.33280443805914,48.67558417676876,7.168187018926879,44.88436590716971,2014.6063028886983,-2.2737367544323206e-13,2.2368625928675782e-17,True,True,True,True
7.0,1.3,5.0,8,0.4,22.366386152637013,0,-0.03566666064658364,-2.042683244952025,0.06225422913239035,7.168187018926879,-0.7409054175082945,0.5489408376927849,-3.553823901825126e-13,5.2208132349330664e-14,False,False,False,False
7.0,1.3,5.0,8,0.4,22.366386152637013,1,0.647521644694026,32.923930721700096,14.47555646285946,7.168187018926879,10.235175733529385,104.75882229622852,-2.5579538487363607e-13,1.0914584753317872e-16,True,True,True,True
7.0,1.3,5.0,8,0.4,22.366386152637013,2,11.07212094210244,84.83922296170795,48.603533767150985,7.168187018926879,44.81209462653708,2008.1238248177137,2.2737367544323206e-13,1.1404816412509437e-16,True,True,True,True
7.0,1.3,5.0,9,0.45,24.166891048717616,0,-0.03351022912955948,-1.9192765067605386,0.054962118447903885,7.168187018926879,-0.7754834519631599,0.6013745842680607,-6.379341499496149e-13,9.142099213848067e-14,False,False,False,False
7.0,1.3,5.0,9,0.45,24.166891048717616,1,0.6961544935070498,34.843879544696414,15.99516755461312,7.168187018926879,11.830368641807015,139.95762220105237,1.6200374375330284e-12,1.346369237568285e-15,True,True,True,True
7.0,1.3,5.0,9,0.45,24.166891048717616,2,10.05168411644368,84.31857720951137,48.519778997559584,7.168187018926879,44.72808221040364,2000.6013382206272,4.547473508864641e-13,1.4231708390605325e-16,True,True,True,True
7.0,1.3,5.0,10,0.5,25.967395944798223,0,-0.03150180157366389,-1.8043235868002456,0.04857760497472787,7.168187018926879,-0.8045928122380217,0.6473695935051462,5.773159728050814e-14,8.149519753647942e-15,False,False,False,False
7.0,1.3,5.0,10,0.5,25.967395944798223,1,0.7492092049895556,36.840888738476764,17.616187124565283,7.168187018926879,13.512822564758459,182.5963736666456,2.2737367544323206e-13,3.399680531672784e-16,True,True,True,True
7.0,1.3,5.0,10,0.5,25.967395944798223,2,9.153935483198495,83.76558026500258,48.4221325690634,7.168187018926879,44.63013417903815,1991.8488768389486,-6.821210263296962e-13,2.7521626925490107e-17,True,True,True,True
7.0,1.3,5.0,11,0.55,27.76790084087883,0,-0.029633128446794554,-1.6973564811973696,0.042990242085343085,7.168187018926879,-0.8292699798748533,0.6876886995216647,2.5091040356528538e-14,3.4791699904078045e-15,False,False,False,False
7.0,1.3,5.0,11,0.55,27.76790084087883,1,0.807304850645846,38.91410598469837,19.334334266414608,7.168187018926879,15.281594018047446,233.52711573242425,7.673861546209082e-13,4.744039436825869e-16,True,True,True,True
7.0,1.3,5.0,11,0.55,27.76790084087883,2,8.353471818147844,83.17356723515744,48.307718849935604,7.168187018926879,44.515365381434165,1981.6177550425864,-9.094947017729282e-13,8.021865740983395e-17,True,True,True,True
7.0,1.3,5.0,12,0.6000000000000001,29.568405736959438,0,-0.027894001711022298,-1.5977942562882046,0.03809604964481673,7.168187018926879,-0.8503276427681477,0.7230571000556488,1.432187701766452e-14,1.9568576477326174e-15,False,False,False,False
7.0,1.3,5.0,12,0.6000000000000001,29.568405736959438,1,0.8713181514757498,41.066228349167815,21.1463561137666,7.168187018926879,17.13584876747982,293.63731298193966,-5.684341886080802e-14,1.5795037077060217e-16,True,True,True,True
7.0,1.3,5.0,12,0.6000000000000001,29.568405736959438,2,7.630658575688205,82.53391888766443,48.172673930485054,7.168187018926879,44.37989899594251,1969.575434890059,-2.2737367544323206e-13,9.149818463236343e-17,True,True,True,True
7.0,1.3,5.0,13,0.65,31.368910633040038,0,-0.02627361077430157,-1.5050207670677946,0.03380149527200366,7.168187018926879,-0.8684075161437876,0.7541316140949044,-1.184607967275042e-13,1.593426209862489e-14,False,False,False,False
7.0,1.3,5.0,13,0.65,31.368910633040038,1,0.9424844640982901,43.30400963487988,23.050416911022005,7.168187018926879,19.075543646830923,363.87636542215296,1.3642420526593924e-12,5.922517353699227e-16,True,True,True,True
7.0,1.3,5.0,13,0.65,31.368910633040038,2,6.969799971910714,81.83514402864417,48.01166062258575,7.168187018926879,44.21837980667256,1955.2651127271474,0.0,6.990041865291496e-17,True,True,True,True
7.0,1.3,5.0,14,0.7000000000000001,33.16941552912065,0,-0.02476129601567223,-1.4184279146708256,0.03002455852763207,7.168187018926879,-0.8840199311783248,0.7814912387205448,1.4765966227514582e-14,1.9533633604867584e-15,False,False,False,False
7.0,1.3,5.0,14,0.7000000000000001,33.16941552912065,1,1.0225762766565414,45.63951687109958,25.046876652454625,7.168187018926879,21.102397072333158,445.3111621984158,7.389644451905042e-13,3.9105997065969893e-16,True,True,True,True
7.0,1.3,5.0,14,0.7000000000000001,33.16941552912065,2,6.3577944750344635,81.06133642832582,47.817040904894554,7.168187018926879,44.02314367356166,1938.0371789030528,4.547473508864641e-13,6.014601848474544e-17,True,True,True,True
7.0,1.3,5.0,15,0.75,34.96992042520125,0,-0.023346946356661125,-1.337438522446085,0.026694364743083468,7.168187018926879,-0.8975736099159701,0.8056383852172729,-3.1319391524675666e-13,4.119136333693696e-14,False,False,False,False
7.0,1.3,5.0,15,0.75,34.96992042520125,1,1.1142328496660299,48.09270681200976,27.139783393800606,7.168187018926879,23.22151279144197,539.238656323103,-1.1368683772161603e-13,4.6169773014259994e-17,True,True,True,True
7.0,1.3,5.0,15,0.75,34.96992042520125,2,5.782999214531326,80.18939279953774,47.57736299655722,7.168187018926879,43.78269909582947,1916.9247401159464,-4.547473508864641e-13,1.0798015299855227e-16,True,True,True,True
7.0,1.3,5.0,16,0.8,36.770425321281856,0,-0.022021187648319618,-1.2615172214908474,0.02375018532505828,7.168187018926879,-0.909398166204979,0.8270050246967796,-1.9906298831529057e-13,2.5924835143603228e-14,False,False,False,False
7.0,1.3,5.0,16,0.8,36.770425321281856,1,1.2216210218928638,50.69677646492152,29.33990239340384,7.168187018926879,25.44450615409432,647.422893425744,2.2737367544323206e-13,2.6362698004921536e-16,True,True,True,True
7.0,1.3,5.0,16,0.8,36.770425321281856,2,5.233999895625628,79.18351158962082,47.27432917946354,7.168187018926879,43.47868383095559,1890.3959476721982,-6.821210263296962e-13,4.854375510119085e-17,True,True,True,True
7.0,1.3,5.0,17,0.8500000000000001,38.570930217362466,0,-0.020775449735636276,-1.1901743729612415,0.02114022174621985,7.168187018926879,-0.9197612044101129,0.8459606731377188,-2.2259971643734389e-13,2.8888159959711075e-14,False,False,False,False
7.0,1.3,5.0,17,0.8500000000000001,38.570930217362466,1,1.3519373053823287,53.5104348532016,31.6716403584947,7.168187018926879,27.796514176746356,772.6462003780612,0.0,0.0,True,True,True,True
7.0,1.3,5.0,17,0.8500000000000001,38.570930217362466,2,4.697698777873268,77.9828086597587,46.87587974737132,7.168187018926879,43.078922877015415,1855.7935962438416,-4.547473508864641e-13,8.836256797711624e-18,True,True,True,True
7.0,1.3,5.0,18,0.9,40.37143511344306,0,-0.019601964916172054,-1.1229660462153914,0.018820382912160354,7.168187018926879,-0.9288813914477994,0.8628206393779424,-5.750955267558311e-14,7.37791741776115e-15,False,False,False,False
7.0,1.3,5.0,18,0.9,40.37143511344306,1,1.5195689600766369,56.65183081896507,34.19230283860179,7.168187018926879,30.33556897390784,920.2467449707199,-1.1368683772161603e-13,3.712980569865279e-18,True,True,True,True
7.0,1.3,5.0,18,0.9,40.37143511344306,2,4.154853292062118,76.46730404303175,46.31695116698765,7.168187018926879,42.51811305368999,1807.7899376463624,-4.547473508864641e-13,5.2479552684140915e-17,True,True,True,True
7.0,1.3,5.0,19,0.9500000000000001,42.17194000952368,0,-0.01849372937831406,-1.0594918634103339,0.01675315340913391,7.168187018926879,-0.9369385133783037,0.877853777851633,8.72635297355373e-14,1.1030499766072938e-14,False,False,False,False
7.0,1.3,5.0,19,0.9500000000000001,42.17194000952368,1,1.7626539918127246,60.43261713848332,37.06900234984533,7.168187018926879,33.22983707283329,1104.2220718870456,-2.2737367544323206e-13,2.892146292569543e-17,True,True,True,True
7.0,1.3,5.0,19,0.9500000000000001,42.17194000952368,2,3.5632926003562453,74.32379206663056,45.42258843085488,7.168187018926879,41.62063478236726,1732.2772396871999,4.547473508864641e-13,6.443271847729928e-18,True,True,True,True
7.0,1.3,5.0,20,1.0,43.97244490560428,0,-0.017444446424671023,-0.999391789758396,0.01490659063671466,7.168187018926879,-0.9440812617111016,0.8912894287145727,5.471179065352771e-13,6.979460304019612e-14,False,False,False,False
7.0,1.3,5.0,20,1.0,43.97244490560428,1,2.500415073894101,68.20187031763297,42.243313625477,7.168187018926879,38.429108863309324,1476.7964080280788,-4.547473508864641e-13,4.431149594923912e-18,True,True,True,True
7.0,1.3,10.0,0,0.0,11.005497063396898,0,0.5863248532619434,30.38415569288409,12.535611883965005,12.535611883965009,0.0,-2.842170943040401e-14,-2.842170943040401e-14,6.698248362500095e-17,True,True,True,True
7.0,1.3,10.0,1,0.05,12.474369645763684,0,-0.040213691553398156,-2.3028340037559945,0.07911197321468559,12.535611883965009,-0.09072339566557885,0.008230734520656702,-4.364703043435725e-13,9.475753515175711e-14,False,False,False,False
7.0,1.3,10.0,1,0.05,12.474369645763684,1,0.5908606094073567,30.577167949521453,12.679927770563024,12.535611883965009,1.348481570413071,1.8184025457464372,2.7349233988616106e-12,5.313810999102723e-15,True,True,True,True
7.0,1.3,10.0,1,0.05,12.474369645763684,2,17.850191254120055,86.79353842939364,48.846697421866956,12.535611883965009,42.08063656665921,1770.7799738552562,2.2737367544323206e-13,1.6563672702503916e-18,True,True,True,True
7.0,1.3,10.0,2,0.1,13.943242228130469,0,-0.039595374531787186,-2.2674633723308375,0.07670163818738596,12.535611883965009,-0.19560796235613975,0.03826247493668267,-4.383229890159157e-13,9.64783808399261e-14,False,False,False,False
7.0,1.3,10.0,2,0.1,13.943242228130469,1,0.6028387689939567,31.083201973198715,13.060821507711971,12.535611883965009,2.6110863148572445,6.817771743637479,2.69384514695048e-12,4.754184757414585e-15,True,True,True,True
7.0,1.3,10.0,2,0.1,13.943242228130469,2,15.832749024251573,86.38598623085724,48.805305188585585,12.535611883965009,42.03879301699498,1767.2601183257452,-6.821210263296962e-13,4.6067046319190316e-17,True,True,True,True
7.0,1.3,10.0,3,0.15000000000000002,15.412114810497256,0,-0.03866548595061925,-2.214266140122689,0.07314661474844952,12.535611883965009,-0.2873634438903474,0.08257774888410241,-4.184291801934137e-13,8.537903547589878e-14,False,False,False,False
7.0,1.3,10.0,3,0.15000000000000002,15.412114810497256,1,0.620585849872727,31.82315286943737,13.624177292703346,12.535611883965009,3.8397877919707426,14.743970287371212,3.661071446003916e-12,5.4232348533129494e-15,True,True,True,True
7.0,1.3,10.0,3,0.15000000000000002,15.412114810497256,2,14.184584997398456,85.96737308008841,48.75766861566331,12.535611883965009,41.990635935870024,1763.2135062987788,-2.2737367544323206e-13,3.3633641592062126e-17,True,True,True,True
7.0,1.3,10.0,4,0.2,16.880987392864043,0,-0.03753598839839434,-2.149644513269937,0.06894143576195536,12.535611883965009,-0.36746454725821276,0.1350301934910214,-6.618594561302871e-13,1.2612811409214207e-13,False,False,False,False
7.0,1.3,10.0,4,0.2,16.880987392864043,1,0.6430992682683883,32.745041298523695,14.336156800072436,12.535611883965009,5.066483973810957,25.669259856887777,4.511946372076636e-12,5.882496293043613e-15,True,True,True,True
7.0,1.3,10.0,4,0.2,16.880987392864043,2,12.808797152392431,85.53589660243472,48.70314775665243,12.535611883965009,41.93551788730218,1758.5876604762416,2.2737367544323206e-13,2.7524196822981782e-17,True,True,True,True
7.0,1.3,10.0,5,0.25,18.349859975230828,0,-0.03628643249606611,-2.078147653053505,0.06443371377637848,12.535611883965009,-0.4373735497084055,0.1912956219843952,-1.358357870628879e-13,2.4518463981952568e-14,False,False,False,False
7.0,1.3,10.0,5,0.25,18.349859975230828,1,0.66978674256658,33.813651263555954,15.174570650732425,12.535611883965009,6.311461740496494,39.83454930175316,2.1245227799226996e-12,2.3948151024097916e-15,True,True,True,True
7.0,1.3,10.0,5,0.25,18.349859975230828,2,11.639421696147702,85.08949600531069,48.64096287507805,12.535611883965009,41.87264996012276,1753.3188146829675,-9.094947017729282e-13,1.2799316343233538e-17,True,True,True,True
7.0,1.3,10.0,6,0.30000000000000004,19.818732557597613,0,-0.034972712347434154,-2.002972476196047,0.0598582278015906,12.535611883965009,-0.4984460264899171,0.24844844132317323,-4.1389114358025836e-13,7.10849034095025e-14,False,False,False,False
7.0,1.3,10.0,6,0.30000000000000004,19.818732557597613,1,0.7003283305549131,35.004643724394136,16.124238461663847,12.535611883965009,7.587990257276948,57.57759614453266,2.7853275241795927e-12,2.7362660989934566e-15,True,True,True,True
7.0,1.3,10.0,6,0.30000000000000004,19.818732557597613,2,10.629950671743792,84.6257839923978,48.5701597957451,12.535611883965009,41.80106668411941,1747.3291759301985,6.821210263296962e-13,7.924146652777187e-17,True,True,True,True
7.0,1.3,10.0,7,0.35000000000000003,21.2876051399644,0,-0.03363364822180115,-1.9263399388302274,0.05536725966426715,12.535611883965009,-0.5518933390415661,0.3045862576781292,-3.198552533945076e-13,5.2642591118731654e-14,False,False,False,False
7.0,1.3,10.0,7,0.35000000000000003,21.2876051399644,1,0.7346024524163486,36.30109500047821,17.17439419994031,12.535611883965009,8.904955236634377,79.29822776646552,3.495870259939693e-12,3.155230388929229e-15,True,True,True,True
7.0,1.3,10.0,7,0.35000000000000003,21.2876051399644,2,9.746597944815012,84.14195658260444,48.4895629769872,12.535611883965009,41.71957850832868,1740.5232309126,-4.547473508864641e-13,4.7894703647984746e-17,True,True,True,True
7.0,1.3,10.0,8,0.4,22.756477722331184,0,-0.03229582219330318,-1.8497713701000615,0.051054735309213645,12.535611883965009,-0.5987749691121742,0.35853146363510624,-1.7891244041834398e-13,2.865098534900728e-14,False,False,False,False
7.0,1.3,10.0,8,0.4,22.756477722331184,1,0.7726485914707473,37.69141769131596,18.31719831722591,12.535611883965009,10.26845910273303,105.44125234450291,2.1032064978498966e-12,1.6197244499946283e-15,True,True,True,True
7.0,1.3,10.0,8,0.4,22.756477722331184,2,8.96416593926119,83.63467109298718,48.397710841392126,12.535611883965009,41.62670630639269,1732.7826779186732,2.2737367544323206e-13,7.762818780681182e-17,True,True,True,True
7.0,1.3,10.0,9,0.45,24.22535030469797,0,-0.03097708616291861,-1.774288919922592,0.046974337861215215,12.535611883965009,-0.6400056634479121,0.4096072492452461,-1.5604184611106575e-13,2.4119205350774474e-14,False,False,False,False
7.0,1.3,10.0,9,0.45,24.22535030469797,1,0.8146539363601768,39.16811782125302,19.54688488887534,12.535611883965009,11.682860863381464,136.48923795313107,7.958078640513122e-13,6.662919318162387e-16,True,True,True,True
7.0,1.3,10.0,9,0.45,24.22535030469797,2,8.263406117565609,83.09987710995061,48.29276478842521,12.535611883965009,41.520589217445774,1723.9593289638744,2.2737367544323206e-13,7.214986624501902e-17,True,True,True,True
7.0,1.3,10.0,10,0.5,25.694222887064754,0,-0.02968908950646698,-1.7005599953407342,0.04315262321437452,12.535611883965009,-0.6763691372899006,0.45747520987817236,-1.1196599203344704e-13,1.6844519537452848e-14,False,False,False,False
7.0,1.3,10.0,10,0.5,25.694222887064754,1,0.8609589754534657,40.72710105799577,20.85930225865097,12.535611883965009,13.151515879027727,172.96236991631838,-5.684341886080802e-14,2.0449371294299743e-16,True,True,True,True
7.0,1.3,10.0,10,0.5,25.694222887064754,2,7.6292706752330215,82.53257600135989,48.17237797696731,12.535611883965009,41.39885172246544,1713.8649239386793,-2.2737367544323206e-13,3.1113658870993695e-17,True,True,True,True
7.0,1.3,10.0,11,0.55,27.163095469431543,0,-0.028439093739147214,-1.6290009701916266,0.03959829419283525,12.535611883965009,-0.7085339184171051,0.5020203135472145,-2.824407374646398e-13,4.175916306081273e-14,False,False,False,False
7.0,1.3,10.0,11,0.55,27.163095469431543,1,0.9120823051129707,42.36738976329021,22.251729364282554,12.535611883965009,14.677374949676828,215.42533541340217,1.2789769243681803e-12,8.213177937721591e-16,True,True,True,True
7.0,1.3,10.0,11,0.55,27.163095469431543,2,7.0497105564093125,81.92646802859535,48.03350043186795,12.535611883965009,41.25840619033898,1702.2560813670013,-6.821210263296962e-13,2.7194773343295005e-17,True,True,True,True
7.0,1.3,10.0,12,0.6000000000000001,28.631968051798328,0,-0.027231272849148613,-1.5598515159867232,0.036308644435418556,12.535611883965009,-0.7370690627377698,0.543270803244688,-4.4653170050423796e-13,6.456656354103718e-14,False,False,False,False
7.0,1.3,10.0,12,0.6000000000000001,28.631968051798328,1,0.9687701868846885,44.09121621090406,23.72292814960803,12.535611883965009,16.263562253732253,264.5034571810253,7.389644451905042e-13,4.844605241835915e-16,True,True,True,True
7.0,1.3,10.0,12,0.6000000000000001,28.631968051798328,2,6.514811107055628,81.27341528928923,47.87207912760784,12.535611883965009,41.095148977306884,1688.8112694670474,2.2737367544323206e-13,2.838295823279451e-17,True,True,True,True
7.0,1.3,10.0,13,0.65,30.10084063416511,0,-0.026067644105506993,-1.4932278232748033,0.03327397099373676,12.535611883965009,-0.7624586647016602,0.5813432153785513,-8.748557434046234e-14,1.2448607972715163e-14,False,False,False,False
7.0,1.3,10.0,13,0.65,30.10084063416511,1,1.0320842898317784,45.904559753327035,25.273461216179037,12.535611883965009,17.914056158268608,320.9134080416011,-3.410605131648481e-13,6.2163091759679e-18,True,True,True,True
7.0,1.3,10.0,13,0.65,30.10084063416511,2,6.016128111155047,80.56258757996098,47.68257603795109,12.535611883965009,40.903471997422315,1673.0940214439117,2.2737367544323206e-13,3.719952289933924e-18,True,True,True,True
7.0,1.3,10.0,14,0.7000000000000001,31.569713216531902,0,-0.024948733820953084,-1.4291606794042389,0.03048055434866992,12.535611883965009,-0.7851147354335819,0.6164051477947969,-1.4632739464559563e-13,2.068764343629743e-14,False,False,False,False
7.0,1.3,10.0,14,0.7000000000000001,31.569713216531902,1,1.103556405830397,47.81835027314277,26.90639901599077,12.535611883965009,19.634656498293502,385.5197358059794,1.7053025658242404e-13,1.8979016131257611e-16,True,True,True,True
7.0,1.3,10.0,14,0.7000000000000001,31.569713216531902,2,5.546117705429562,79.77902788275274,47.457150743696964,12.535611883965009,40.67543419962414,1654.4909473279538,4.547473508864641e-13,3.3170934253729745e-18,True,True,True,True
7.0,1.3,10.0,15,0.75,33.03858579889868,0,-0.02387405306181467,-1.3676226849737738,0.02791264069107112,12.535611883965009,-0.8053883644314836,0.6486504175614516,-1.687538997430238e-13,2.3386935519748796e-14,False,False,False,False
7.0,1.3,10.0,15,0.75,33.03858579889868,1,1.1854739326225423,49.8508793635102,28.628731087451328,12.535611883965009,21.43459330052672,459.4417899589852,2.2737367544323206e-13,3.0238255859094516e-16,True,True,True,True
7.0,1.3,10.0,15,0.75,33.03858579889868,2,5.097546310561015,78.90106961292041,47.18417494003926,12.535611883965009,40.3992555642309,1632.0998501440413,0.0,1.7565180974403542e-17,True,True,True,True
7.0,1.3,10.0,16,0.8,34.50745838126547,0,-0.02284243700986388,-1.3085476761212003,0.025553736148969584,12.535611883965009,-0.823579251530766,0.6782827835518626,-1.142419492339286e-13,1.5584114348141934e-14,False,False,False,False
7.0,1.3,10.0,16,0.8,34.50745838126547,1,1.2814517002114514,52.03277064594333,30.45427589932247,12.535611883965009,23.329606016798966,544.2705168990622,-3.410605131648481e-13,1.5867650198113718e-17,True,True,True,True
7.0,1.3,10.0,16,0.8,34.50745838126547,2,4.662691989955549,77.89523677579837,46.8452726899025,12.535611883965009,40.056315868981656,1604.508440995632,4.547473508864641e-13,5.906969127357193e-17,True,True,True,True
7.0,1.3,10.0,17,0.8500000000000001,35.97633096363226,0,-0.021852286419602684,-1.2518445486415481,0.023387430643933307,12.535611883965009,-0.8399437714356217,0.7055055391732739,-2.220446049250313e-13,3.020602806819588e-14,False,False,False,False
7.0,1.3,10.0,17,0.8500000000000001,35.97633096363226,1,1.3977304648324664,54.41834433840736,32.410359217862414,12.535611883965009,25.348811364140307,642.5622375747686,-2.2737367544323206e-13,1.4886680112732224e-16,True,True,True,True
7.0,1.3,10.0,17,0.8500000000000001,35.97633096363226,2,4.231874683883882,76.70478015154033,46.40860895455325,12.535611883965009,39.61434757344829,1569.2965336699685,0.0,2.253879322354913e-17,True,True,True,True
7.0,1.3,10.0,18,0.9,37.44520354599904,0,-0.02090173870931311,-1.1974070573707938,0.021397902999315842,12.535611883965009,-0.8547017573128739,0.7305150939537066,-8.215650382226158e-15,1.0148176718708606e-15,False,False,False,False
7.0,1.3,10.0,18,0.9,37.44520354599904,1,1.5467694247482928,57.11697736260094,34.55635584917739,12.535611883965009,27.55358433364901,759.2000096315078,-3.410605131648481e-13,9.776898628669761e-18,True,True,True,True
7.0,1.3,10.0,18,0.9,37.44520354599904,2,3.789732713470318,75.21824011805704,45.81032653052852,12.535611883965009,39.008603259981896,1521.67112829467,-2.2737367544323206e-13,5.374635894907037e-17,True,True,True,True
7.0,1.3,10.0,19,0.9500000000000001,38.91407612836583,0,-0.019988788439739835,-1.1451207197938358,0.019570212190313616,12.535611883965009,-0.868042187580651,0.7534972394196789,-1.2312373343092986e-13,1.6296392691944777e-14,False,False,False,False
7.0,1.3,10.0,19,0.9500000000000001,38.91407612836583,1,1.7615216622020706,60.4168124013604,37.05739828786328,12.535611883965009,30.11241331441972,906.7574356184416,-3.410605131648481e-13,3.881905861903745e-17,True,True,True,True
7.0,1.3,10.0,19,0.9500000000000001,38.91407612836583,2,3.3008460048863366,73.14567702120198,44.88082446674045,12.535611883965009,38.0670401044115,1449.0995423108732,0.0,2.9674746925848494e-17,True,True,True,True
7.0,1.3,10.0,20,1.0,40.38294871073261,0,-0.019111371375172714,-1.094867635351961,0.01789044688853682,12.535611883965009,-0.8801279450452364,0.7746251996498685,3.178568519501823e-13,4.2161011708705444e-14,False,False,False,False
7.0,1.3,10.0,20,1.0,40.38294871073261,1,2.4025454988939563,67.40169047358289,41.76456394909863,12.535611883965009,34.905626542817465,1218.4027643466432,0.0,1.334349118652194e-16,True,True,True,True
7.0,1.4,2.0,0,0.0,5.530236022219216,0,0.3188429799928224,17.684516861858107,4.521701453968776,4.521701453968774,-1.7763568394002505e-15,5.329070518200751e-15,5.329070518200748e-15,3.008971526657095e-17,True,True,True,True
7.0,1.4,2.0,1,0.05,7.336391560165667,0,-0.0656941594874958,-3.758597264943676,0.2105616811435965,4.521701453968774,-0.21371066454503795,0.0456722481421028,1.821057193929221e-12,2.3275825711266407e-13,False,False,False,False
7.0,1.4,2.0,1,0.05,7.336391560165667,1,0.32754064040880415,18.1357243730359,4.747531838487337,4.521701453968774,1.0110357394017733,1.0221932663395865,-8.103961945948868e-12,9.766972746230196e-14,True,True,True,True
7.0,1.4,2.0,1,0.05,7.336391560165667,2,31.74318944709608,88.19561808954631,48.95141925553023,4.521701453968774,46.530332673016744,2165.07185866161,4.547473508864641e-13,7.686543295946648e-17,True,True,True,True
7.0,1.4,2.0,2,0.1,9.14254709811212,0,-0.06213772212661972,-3.5556576829020043,0.18846604346030274,4.521701453968774,-0.3763667481716093,0.14165192912585922,-3.4123537329122655e-12,4.59465798741121e-13,False,False,False,False
7.0,1.4,2.0,2,0.1,9.14254709811212,1,0.34732281180779445,19.15328056695786,5.274717886443536,4.521701453968774,1.9507473894074323,3.805415377292313,1.2400747095853148e-11,1.0424053682070848e-13,True,True,True,True
7.0,1.4,2.0,2,0.1,9.14254709811212,2,25.31883574464366,87.73820506728181,48.9236811768755,4.521701453968774,46.502564974116765,2162.4885491719524,9.094947017729282e-13,6.651952657585676e-17,True,True,True,True
7.0,1.4,2.0,3,0.15000000000000002,10.948702636058572,0,-0.05798261920176806,-3.3184438417322673,0.16418523419370784,4.521701453968774,-0.49824660598964,0.24824968037994283,-2.527422715559169e-13,3.6359804056473877e-14,False,False,False,False
7.0,1.4,2.0,3,0.15000000000000002,10.948702636058572,1,0.3736024210894211,20.485809916332624,6.0016559354543775,4.521701453968774,2.924872175862185,8.554877245133998,1.20614629395277e-12,7.096719265795504e-15,True,True,True,True
7.0,1.4,2.0,3,0.15000000000000002,10.948702636058572,2,20.984843300874925,87.27172285066426,48.88898043556188,4.521701453968774,46.467827127626094,2159.2589579629444,9.094947017729282e-13,6.143244453767646e-18,True,True,True,True
7.0,1.4,2.0,4,0.2,12.754858174005024,0,-0.05379478030256113,-3.0792458389068926,0.14139087301060244,4.521701453968774,-0.5910961571342235,0.3493946669775575,-1.2891354650435005e-12,1.9945156637390937e-13,False,False,False,False
7.0,1.4,2.0,4,0.2,12.754858174005024,1,0.4045136501142421,22.02400424040282,6.890441508968167,4.521701453968774,3.974645199292169,15.797804460262498,6.210143510543276e-12,2.6130568921225937e-14,True,True,True,True
7.0,1.4,2.0,4,0.2,12.754858174005024,2,17.852555576538865,86.79396219467358,48.846737897764456,4.521701453968774,46.42553934537772,2155.3307035092157,9.094947017729282e-13,1.7028294016972518e-17,True,True,True,True
7.0,1.4,2.0,5,0.25,14.561013711951475,0,-0.04981407352664835,-2.8517788910628608,0.12128968084592368,4.521701453968774,-0.6629114250970916,0.43945155752475396,4.971023592759138e-13,7.971256854689706e-14,False,False,False,False
7.0,1.4,2.0,5,0.25,14.561013711951475,1,0.43920316291315853,23.711233090374325,7.923611456446973,4.521701453968774,5.118892587201626,26.203061319303504,-4.249045559845399e-12,1.2956622586956144e-14,True,True,True,True
7.0,1.4,2.0,5,0.25,14.561013711951475,2,15.474092667047568,86.30245088102667,48.79621334777775,4.521701453968774,46.374960572069,2150.636968060955,9.094947017729282e-13,6.879858767618407e-17,True,True,True,True
7.0,1.4,2.0,6,0.30000000000000004,16.367169249897927,0,-0.04613136793229344,-2.6412601231478905,0.10405561118842441,4.521701453968774,-0.7192403433072614,0.5173066714404122,-3.3506530883187224e-13,5.103283634981984e-14,False,False,False,False
7.0,1.4,2.0,6,0.30000000000000004,16.367169249897927,1,0.4772911526247521,25.514730255342965,9.091442538758473,4.521701453968774,6.36670356241921,40.53491425172121,-2.4868995751603507e-13,5.666218907179095e-16,True,True,True,True
7.0,1.4,2.0,6,0.30000000000000004,16.367169249897927,2,13.599124932996002,85.79437336581674,48.736468744233285,4.521701453968774,46.315151697434914,2145.0932767564072,-9.094947017729282e-13,7.564274845079865e-17,True,True,True,True
7.0,1.4,2.0,7,0.35000000000000003,18.17332478784438,0,-0.04276803236717974,-2.4489353606688553,0.0894624887863456,4.521701453968774,-0.7639998252237608,0.5836957329417509,-1.8607337892717624e-13,2.739475521301286e-14,False,False,False,False
7.0,1.4,2.0,7,0.35000000000000003,18.17332478784438,1,0.5186691375675934,27.414376262780163,10.387456618068041,4.521701453968774,7.722242690768266,59.63303217512285,-1.0658141036401503e-12,1.737262961332299e-15,True,True,True,True
7.0,1.4,2.0,7,0.35000000000000003,18.17332478784438,2,12.0766775513877,85.26646587328833,48.666317413770415,4.521701453968774,46.244924688612045,2138.5930594553997,0.0,5.816234657463139e-17,True,True,True,True
7.0,1.4,2.0,8,0.4,19.97948032579083,0,-0.039713595369101906,-2.2742262928067873,0.07715961938943931,4.521701453968774,-0.7999978468114772,0.6399965549029825,-1.7319479184152442e-14,2.51931492968456e-15,False,False,False,False
7.0,1.4,2.0,8,0.4,19.97948032579083,1,0.5634181533222562,29.397699927904377,11.806655768944896,4.521701453968774,9.18693848892898,84.399838799364,-6.963318810448982e-13,9.033243410230775e-16,True,True,True,True
7.0,1.4,2.0,8,0.4,19.97948032579083,2,10.810187128864204,84.71487573207045,48.584253017136625,4.521701453968774,46.16277146988084,2131.0014697804445,4.547473508864641e-13,5.732966434685935e-17,True,True,True,True
7.0,1.4,2.0,9,0.45,21.785635863737284,0,-0.03694410718092067,-2.1157791836744577,0.06678732988809027,4.521701453968774,-0.8292754565410467,0.6876977828214952,1.3367085216486885e-13,1.868053702943351e-14,False,False,False,False
7.0,1.4,2.0,9,0.45,21.785635863737284,1,0.6117796791314154,31.45744762131976,13.344820173524473,4.521701453968774,10.7606528511779,115.7916497835611,-1.9753088054130785e-12,2.1066035468588274e-15,True,True,True,True
7.0,1.4,2.0,9,0.45,21.785635863737284,2,9.734902094219084,84.13496755819561,48.48834854133233,4.521701453968774,46.066762790987596,2122.1466340411203,9.094947017729282e-13,1.2504631061291446e-16,True,True,True,True
7.0,1.4,2.0,10,0.5,23.591791401683732,0,-0.034431150427086,-1.9719805857485035,0.05802091782978072,4.521701453968774,-0.853335515692347,0.7281815023417073,-2.1649348980190553e-13,2.968010102346145e-14,False,False,False,False
7.0,1.4,2.0,10,0.5,23.591791401683732,1,0.6641565131574669,33.590383614936655,14.998287226145102,4.521701453968774,12.442422835477071,154.81388601680203,7.389644451905042e-13,4.766104022315942e-16,True,True,True,True
7.0,1.4,2.0,10,0.5,23.591791401683732,2,8.805646732508862,83.5210482998779,48.3761094300458,4.521701453968774,45.95440117588123,2111.806987433835,4.547473508864641e-13,4.9066269457281627e-17,True,True,True,True
7.0,1.4,2.0,11,0.55,25.397946939630188,0,-0.03214617898356087,-1.84120633792037,0.05058319283978712,4.521701453968774,-0.8732982319512803,0.7626498019291625,-6.961098364399732e-14,9.470279028013995e-15,False,False,False,False
7.0,1.4,2.0,11,0.55,25.397946939630188,1,0.7211378238312176,35.79679909345629,16.764001140961827,4.521701453968774,14.2310390239046,202.52247169989334,-2.2453150450019166e-12,1.5761617226219617e-15,True,True,True,True
7.0,1.4,2.0,11,0.55,25.397946939630188,2,7.989780731443739,82.86596429228055,48.24425397198824,4.521701453968774,45.82240103662012,2099.692436760845,0.0,1.322508315955199e-16,True,True,True,True
7.0,1.4,2.0,12,0.6000000000000001,27.20410247757664,0,-0.030062487450246422,-1.721935042779842,0.04424391885200907,4.521701453968774,-0.8900083919830644,0.7921149378001402,-1.397770788003072e-13,1.8682961614603938e-14,False,False,False,False
7.0,1.4,2.0,12,0.6000000000000001,27.20410247757664,1,0.7835521356557726,38.080550237756064,18.639778122830688,4.521701453968774,16.125617000822515,260.0355236572177,1.5916157281026244e-12,9.347325460237244e-16,True,True,True,True
7.0,1.4,2.0,12,0.6000000000000001,27.20410247757664,2,7.262924765119079,82.16048816766447,48.08837338445947,4.521701453968774,45.66634832749742,2085.4153695683253,-9.094947017729282e-13,7.021284980714486e-17,True,True,True,True
7.0,1.4,2.0,13,0.65,29.01025801552309,0,-0.028155978460117748,-1.6127926385259714,0.038814426538539865,4.521701453968774,-0.9041102142734061,0.8174152795532981,-2.0616841567289157e-13,2.7227879234884456e-14,False,False,False,False
7.0,1.4,2.0,13,0.65,29.01025801552309,1,0.8525619232250734,40.44964655383309,20.624828885835687,4.521701453968774,18.12630545832797,328.56294956861007,-2.8421709430404007e-13,1.822254085267422e-16,True,True,True,True
7.0,1.4,2.0,13,0.65,29.01025801552309,2,6.60622092166873,81.39234338754535,47.90238273337841,4.521701453968774,45.48015076303277,2068.444113428189,-9.094947017729282e-13,1.4244785398587552e-16,True,True,True,True
7.0,1.4,2.0,14,0.7000000000000001,30.81641355346955,0,-0.026405330533647575,-1.5125625211204548,0.03414102800805062,4.521701453968774,-0.9161002080782514,0.8392395912409778,-3.774758283725532e-14,5.118310961759615e-15,False,False,False,False
7.0,1.4,2.0,14,0.7000000000000001,30.81641355346955,1,0.9298306082064021,42.91762052962481,22.72069331658816,4.521701453968774,20.235337956140146,409.46890219920726,1.1937117960769683e-12,3.973988457222289e-16,True,True,True,True
7.0,1.4,2.0,14,0.7000000000000001,30.81641355346955,2,6.004450515445776,80.54456459876985,47.677585170936645,4.521701453968774,45.2551008434382,2048.024152349761,4.547473508864641e-13,3.597119086606854e-17,True,True,True,True
7.0,1.4,2.0,15,0.75,32.62256909141599,0,-0.024791880312249326,-1.4201791907117867,0.030098729338808246,4.521701453968774,-0.9263649173369162,0.8581519600723204,-3.1108449149996886e-13,4.041388967501436e-14,False,False,False,False
7.0,1.4,2.0,15,0.75,32.62256909141599,1,1.0178308577143833,45.50628936395829,24.93296186349596,4.521701453968774,22.458831470485663,504.39911101967743,2.2737367544323206e-13,2.0366788614560543e-16,True,True,True,True
7.0,1.4,2.0,15,0.75,32.62256909141599,2,5.444580120422413,79.5925423745992,47.40096347825486,4.521701453968774,44.97816515216799,2023.0353404556995,6.821210263296962e-13,1.7107663834271546e-17,True,True,True,True
7.0,1.4,2.0,16,0.8,34.42872462936245,0,-0.023299382273535674,-1.334714782859705,0.02658576712026631,4.521701453968774,-0.9352081626723661,0.8746143075286814,-3.412825577697731e-13,4.4136751752497914e-14,False,False,False,False
7.0,1.4,2.0,16,0.8,34.42872462936245,1,1.1204626435312064,48.2514557211311,27.274715680229,4.521701453968774,24.810280839884847,615.5500353539579,7.958078640513122e-13,1.073811131019978e-16,True,True,True,True
7.0,1.4,2.0,16,0.8,34.42872462936245,2,4.914358279349585,78.49818066432977,47.05176091910322,4.521701453968774,44.628560644830046,1991.7084252292736,4.547473508864641e-13,6.054311950933295e-17,True,True,True,True
7.0,1.4,2.0,17,0.8500000000000001,36.2348801673089,0,-0.02191372942462011,-1.2553632885035344,0.023519071198141776,4.521701453968774,-0.9428709094487269,0.8890055518845509,-1.184607967275042e-13,1.5301412912877747e-14,False,False,False,False
7.0,1.4,2.0,17,0.8500000000000001,36.2348801673089,1,1.2444585356935565,51.215952681563344,29.774339355191017,4.521701453968774,27.31841587562237,746.2958459534565,1.1368683772161603e-13,3.1315889698927726e-18,True,True,True,True
7.0,1.4,2.0,17,0.8500000000000001,36.2348801673089,2,4.400359690869935,77.1967460745424,46.59369434880375,4.521701453968774,44.16995717697064,1950.9851170154204,2.2737367544323206e-13,2.646593664428438e-17,True,True,True,True
7.0,1.4,2.0,18,0.9,38.041035705255354,0,-0.020622676208901458,-1.181424843421496,0.020830584787992268,4.521701453968774,-0.9495459048466217,0.9016374254109893,-2.220446049250313e-16,7.094623920657881e-17,False,False,False,False
7.0,1.4,2.0,18,0.9,38.041035705255354,1,1.403278120661291,54.52567749224981,32.49717986499177,4.521701453968774,30.048913749622248,902.9372175322371,1.1368683772161603e-13,6.689371567788783e-17,True,True,True,True
7.0,1.4,2.0,18,0.9,38.041035705255354,2,3.883697003635066,75.56075402976636,45.95332413284149,4.521701453968774,43.52881743462043,1894.757947256515,-2.2737367544323206e-13,7.478580416471779e-17,True,True,True,True
7.0,1.4,2.0,19,0.9500000000000001,39.847191243201806,0,-0.01941558248476216,-1.112291182321555,0.018464316919574758,4.521701453968774,-0.9553885668195004,0.9127673136093235,-9.536815781530095e-14,1.2105744036634187e-14,False,False,False,False
7.0,1.4,2.0,19,0.9500000000000001,39.847191243201806,1,1.6326146402035597,58.511930072050234,35.631856980410305,4.521701453968774,33.19084850496611,1101.6324244796115,2.2737367544323206e-13,1.022534925712308e-16,True,True,True,True
7.0,1.4,2.0,19,0.9500000000000001,39.847191243201806,2,3.32422741006979,73.2575688342497,44.93377458963351,4.521701453968774,42.507994837489306,1806.9296251040178,2.2737367544323206e-13,8.221343932974038e-18,True,True,True,True
7.0,1.4,2.0,20,1.0,41.65334678114825,0,-0.018283185737138163,-1.0474326790489075,0.016373995738763792,4.521701453968774,-0.9605251610916241,0.9226085850897449,-3.4561242756581123e-13,4.362220192507165e-14,False,False,False,False
7.0,1.4,2.0,20,1.0,41.65334678114825,1,2.3253677093532863,66.73038451158779,41.352514715613985,4.521701453968774,38.921734333287574,1514.9014035110163,-4.547473508864641e-13,6.453162787080506e-17,True,True,True,True
7.0,1.4,5.0,0,0.0,8.600202014655572,0,0.46601764038738497,24.986349552218275,8.742762534440425,8.742762534440427,-3.552713678800501e-15,-2.1316282072803006e-14,-2.1316282072803018e-14,5.615815457384073e-17,True,True,True,True
7.0,1.4,5.0,1,0.05,10.131882589740224,0,-0.04796022354288976,-2.745814391406314,0.11245031276938222,8.742762534440427,-0.12906040567617283,0.016656588313118115,-1.801891968966629e-13,3.147482274812319e-14,False,False,False,False
7.0,1.4,5.0,1,0.05,10.131882589740224,1,0.4715497642830533,25.246210216684048,8.913582853636369,8.742762534440427,1.2260026855615092,1.5030825850038667,-1.6586731987899839e-13,5.028770113087788e-16,True,True,True,True
7.0,1.4,5.0,1,0.05,10.131882589740224,2,20.234283683528076,87.17068311211132,48.88061192077922,8.742762534440427,44.24219319860762,1957.3716590229217,-9.094947017729282e-13,3.408020689023493e-17,True,True,True,True
7.0,1.4,5.0,2,0.1,11.663563164824875,0,-0.046769151938041986,-2.677723778737866,0.10694639549686923,8.742762534440427,-0.25337329878624093,0.06419802853750256,-3.191613640041169e-13,5.706546346573305e-14,False,False,False,False
7.0,1.4,5.0,2,0.1,11.663563164824875,1,0.4855571072409637,25.89922093293813,9.348470728842814,8.742762534440427,2.364987151518827,5.593164226851698,2.5632829192545614e-12,7.624151468894622e-15,True,True,True,True
7.0,1.4,5.0,2,0.1,11.663563164824875,2,17.44448454543594,86.71912675293028,48.83950740751753,8.742762534440427,44.20089353879727,1953.7189896280902,2.2737367544323206e-13,2.6431558483590873e-17,True,True,True,True
7.0,1.4,5.0,3,0.15000000000000002,13.195243739909527,0,-0.0451324727769391,-2.584146577225862,0.09960717100832538,8.742762534440427,-0.35733268154432074,0.12768664529968565,3.072542220650121e-14,5.773159728050814e-15,False,False,False,False
7.0,1.4,5.0,3,0.15000000000000002,13.195243739909527,1,0.5056062961821883,26.821448174692634,9.976005294732195,8.742762534440427,3.4873740266093094,12.161777601468202,-1.0267342531733448e-12,2.277298172738983e-15,True,True,True,True
7.0,1.4,5.0,3,0.15000000000000002,13.195243739909527,2,15.284574294800489,86.25673332942807,48.791150057307185,8.742762534440427,44.15230614240669,1949.4261376928034,2.2737367544323206e-13,2.404388499871806e-17,True,True,True,True
7.0,1.4,5.0,4,0.2,14.726924314994177,0,-0.04326670755104711,-2.477454568838753,0.09155699570628574,8.742762534440427,-0.4443526672830509,0.19744929292137303,-1.8871015861066098e-13,3.452981787407675e-14,False,False,False,False
7.0,1.4,5.0,4,0.2,14.726924314994177,1,0.5303801894738394,27.94059324812905,10.757683826471233,8.742762534440427,4.630919870532129,21.445418847289858,5.506706202140776e-13,1.0394244232603902e-15,True,True,True,True
7.0,1.4,5.0,4,0.2,14.726924314994177,2,13.557494272467004,85.7815058017275,48.73485659259525,8.742762534440427,44.095744240661574,1944.4346601378384,0.0,3.7287756469692095e-18,True,True,True,True
7.0,1.4,5.0,5,0.25,16.25860489007883,0,-0.04130675910948334,-2.3653582776816724,0.08346375915712487,8.742762534440427,-0.5174125634772804,0.2677157608438183,-3.123612479782878e-13,5.386727253992547e-14,False,False,False,False
7.0,1.4,5.0,5,0.25,16.25860489007883,1,0.5591527314929965,29.211857363106688,11.670983383797832,8.742762534440427,5.817240413739777,33.840286031247174,-1.5631940186722204e-13,2.8320955493040383e-16,True,True,True,True
7.0,1.4,5.0,5,0.25,16.25860489007883,2,12.140344744253731,85.29117786397899,48.66978455307522,8.742762534440427,44.0303610458716,1938.672693829807,-2.2737367544323206e-13,6.634194779225319e-17,True,True,True,True
7.0,1.4,5.0,6,0.30000000000000004,17.79028546516348,0,-0.03933545957313278,-2.25259450080285,0.07569951239275964,8.742762534440427,-0.5790069262953328,0.3352490206977735,-1.9539925233402755e-13,3.217758375125993e-14,False,False,False,False
7.0,1.4,5.0,6,0.30000000000000004,17.79028546516348,1,0.5915470776435341,30.606312886167757,12.701766320935192,8.742762534440427,7.059285291661917,49.8335088290747,4.263256414560601e-13,5.749527023250693e-16,True,True,True,True
7.0,1.4,5.0,6,0.30000000000000004,17.79028546516348,2,10.952442568601374,84.78314015538342,48.59489400507878,8.742762534440427,43.9551112503898,1932.0518050341439,0.0,6.327094487760009e-17,True,True,True,True
7.0,1.4,5.0,7,0.35000000000000003,19.321966040248128,0,-0.03740246317365248,-2.142004807155991,0.06845250708008759,8.742762534440427,-0.6311831046438063,0.39839211158763105,-1.6314727346866675e-13,2.5727058520736794e-14,False,False,False,False
7.0,1.4,5.0,7,0.35000000000000003,19.321966040248128,1,0.6274178747183004,32.10489493708696,13.840607140564051,8.742762534440427,8.365056565610582,69.97417134586529,5.826450433232822e-13,6.90455437894023e-16,True,True,True,True
7.0,1.4,5.0,7,0.35000000000000003,19.321966040248128,2,9.938565836155416,84.25434291089381,48.5088954611013,8.742762534440427,43.86869865764053,1924.462721914871,-9.094947017729282e-13,5.178532688581784e-17,True,True,True,True
7.0,1.4,5.0,8,0.4,20.85364661533278,0,-0.035536305620017306,-2.035223906556792,0.06180057827532358,8.742762534440427,-0.6756054773584965,0.4564427610365842,-2.1777024628022446e-13,3.322483839800346e-14,False,False,False,False
7.0,1.4,5.0,8,0.4,20.85364661533278,1,0.666794443800617,33.6951356743421,15.08092415167287,8.742762534440427,9.739629029865823,94.8603736394075,2.4300561562995426e-12,2.3559699355923303e-15,True,True,True,True
7.0,1.4,5.0,8,0.4,20.85364661533278,2,9.05957496271067,83.70116458480273,48.41017791102114,8.742762534440427,43.769503811205155,1915.7694638791031,4.547473508864641e-13,6.967299801943421e-17,True,True,True,True
7.0,1.4,5.0,9,0.45,22.38532719041743,0,-0.0337521213407479,-1.9331202514417651,0.055757559725449345,8.742762534440427,-0.713621912228636,0.5092562336125572,-2.978728375069295e-13,4.4409385228673075e-14,False,False,False,False
7.0,1.4,5.0,9,0.45,22.38532719041743,1,0.7098581575110661,35.36934826689863,16.41801616367153,8.742762534440427,11.186355088144573,125.13454015806042,2.4300561562995426e-12,2.038194321029976e-15,True,True,True,True
7.0,1.4,5.0,9,0.45,22.38532719041743,2,8.286873936680927,83.11923015287894,48.29670738130763,8.742762534440427,43.655481981874715,1905.8011070697871,-6.821210263296962e-13,1.0260318401156048e-16,True,True,True,True
7.0,1.4,5.0,10,0.5,23.91700776550208,0,-0.03205659950362749,-1.836079095411884,0.05030196143318532,8.742762534440427,-0.7463234077233682,0.5569986289158129,-8.104628079763643e-15,1.3768448078352292e-15,False,False,False,False
7.0,1.4,5.0,10,0.5,23.91700776550208,1,0.7569431954164703,37.12365239213552,17.848599766091645,8.742762534440427,12.707671528721791,161.4849156818865,5.684341886080802e-14,2.903540815467399e-17,True,True,True,True
7.0,1.4,5.0,10,0.5,23.91700776550208,2,7.59898533811581,82.50315285254192,48.1658804688474,8.742762534440427,43.5240158669515,1894.3399571866466,6.821210263296962e-13,1.0477237689208675e-16,True,True,True,True
7.0,1.4,5.0,11,0.55,25.448688340586735,0,-0.030451176260599233,-1.7441849016689088,0.0453943396499875,8.742762534440427,-0.7745944066974337,0.599996494886655,-2.944311461305915e-13,4.205242664487997e-14,False,False,False,False
7.0,1.4,5.0,11,0.55,25.448688340586735,1,0.8085583153126197,38.95755967634703,19.370666874420277,8.742762534440427,14.305732117403004,204.6539714148977,1.8758328224066645e-12,1.2055185402382999e-15,True,True,True,True
7.0,1.4,5.0,11,0.55,25.448688340586735,2,6.979340924756163,81.8461554218619,48.01430663004795,8.742762534440427,43.37169662527937,1881.1040681552704,4.547473508864641e-13,9.426605921240436e-17,True,True,True,True
7.0,1.4,5.0,12,0.6000000000000001,26.980368915671388,0,-0.028934094097616825,-1.6573390809955242,0.04098759419330185,8.742762534440427,-0.7991539311904179,0.6386470057370813,-1.787459069646502e-14,2.5078995493741186e-15,False,False,False,False
7.0,1.4,5.0,12,0.6000000000000001,26.980368915671388,1,0.8654338261158796,40.87402046159977,20.983601720090842,8.742762534440427,15.98301545563814,255.45678305516623,-1.4495071809506044e-12,7.385178714562061e-16,True,True,True,True
7.0,1.4,5.0,12,0.6000000000000001,26.980368915671388,2,6.414792121760456,81.13949381038624,47.83747298037566,8.742762534440427,43.19398672311081,1865.7204890362725,-4.547473508864641e-13,1.062445494965138e-17,True,True,True,True
7.0,1.4,5.0,13,0.65,28.512049490756034,0,-0.02750172954641439,-1.5753359465038654,0.03703290161944478,8.742762534440427,-0.8205886519717072,0.6733657357444158,-3.277378368693462e-13,4.5269092469347883e-14,False,False,False,False
7.0,1.4,5.0,13,0.65,28.512049490756034,1,0.9286062666639407,42.879975450008835,22.68858537818045,8.742762534440427,17.743051162129824,314.81586454195684,3.410605131648481e-13,3.0188646312586465e-16,True,True,True,True
7.0,1.4,5.0,13,0.65,28.512049490756034,2,5.894547693904108,80.37154070056185,47.629205463610354,8.742762534440427,42.984677922852995,1847.6825361314045,-1.1368683772161603e-12,5.713571158744987e-17,True,True,True,True
7.0,1.4,5.0,14,0.7000000000000001,30.043730065840688,0,-0.026149446144280386,-1.4979115421637945,0.033482987698502796,8.742762534440427,-0.839379237970322,0.704557505135622,-1.6431300764452317e-14,2.111535494541091e-15,False,False,False,False
7.0,1.4,5.0,14,0.7000000000000001,30.043730065840688,1,0.9995685308563484,44.987636652529694,24.489426725451878,8.742762534440427,19.591469325816703,383.8256703444173,5.115907697472721e-13,3.042969157261823e-16,True,True,True,True
7.0,1.4,5.0,14,0.7000000000000001,30.043730065840688,2,5.409344949656613,79.52624619048152,47.38075479002804,8.742762534440427,42.73497175169573,1826.2778106182313,-6.821210263296962e-13,3.5603557024611245e-18,True,True,True,True
7.0,1.4,5.0,15,0.75,31.575410640925337,0,-0.02487213818866385,-1.4247747945194351,0.030293799196964816,8.742762534440427,-0.8559212622063126,0.7326012070966691,-1.7819079545233762e-13,2.402483226659328e-14,False,False,False,False
7.0,1.4,5.0,15,0.75,31.575410640925337,1,1.0805474120597207,47.21707187072073,26.39417288183702,8.742762534440427,21.537766882983572,463.8754023057443,3.979039320256561e-13,2.621763184992056e-16,True,True,True,True
7.0,1.4,5.0,15,0.75,31.575410640925337,2,4.950690986991983,78.58036593867233,47.07913503048502,8.742762534440427,42.43180800605741,1800.4583306629174,-2.2737367544323206e-13,7.110108062757624e-17,True,True,True,True
7.0,1.4,5.0,16,0.8,33.10709121600999,0,-0.023664572633951275,-1.3556271178686745,0.027425229441896296,8.742762534440427,-0.8705417670355542,0.7578429681531449,-2.402522625288839e-13,3.209434973435168e-14,False,False,False,False
7.0,1.4,5.0,16,0.8,33.10709121600999,1,1.1750600270305556,49.60154032622123,28.418389451773773,8.742762534440427,23.59871021662846,556.8991238884049,3.410605131648481e-13,1.3657716150265352e-16,True,True,True,True
7.0,1.4,5.0,16,0.8,33.10709121600999,2,4.509958579586396,77.4979868216272,46.70381310868564,8.742762534440427,42.05453381282578,1768.5838142141065,-4.547473508864641e-13,2.6331246672623227e-17,True,True,True,True
7.0,1.4,5.0,17,0.8500000000000001,34.63877179109464,0,-0.022521599128256353,-1.2901744722890873,0.024841298873488245,8.742762534440427,-0.8835123979041832,0.7805941572502546,-1.4521717162097048e-13,1.920403515243014e-14,False,False,False,False
7.0,1.4,5.0,17,0.8500000000000001,34.63877179109464,1,1.289178140434663,52.19969670346443,30.5926510015453,8.742762534440427,25.805945342167742,665.9468150029494,3.410605131648481e-13,1.5850442764934427e-16,True,True,True,True
7.0,1.4,5.0,17,0.8500000000000001,34.63877179109464,2,4.076866360944547,76.21821834954639,46.21920170224374,8.742762534440427,41.56734937150573,1727.8445337728174,-2.2737367544323206e-13,5.011854456116498e-17,True,True,True,True
7.0,1.4,5.0,18,0.9,36.17045236617929,0,-0.021438274052304918,-1.228134496257236,0.022510034520010772,8.742762534440427,-0.8950598360955184,0.8011321101911395,-1.9684254226604025e-13,2.5739760784564808e-14,False,False,False,False
7.0,1.4,5.0,18,0.9,36.17045236617929,1,1.4350283251919773,55.129274052040714,32.98329709763098,8.742762534440427,28.226939492925705,796.7601131372894,5.684341886080801e-13,1.453833999325656e-16,True,True,True,True
7.0,1.4,5.0,18,0.9,36.17045236617929,2,3.635788047809964,74.62142973810762,45.55389577255992,8.742762534440427,40.89841143003349,1672.6800575002933,-9.094947017729282e-13,4.2497669739715555e-17,True,True,True,True
7.0,1.4,5.0,19,0.9500000000000001,37.70213294126394,0,-0.020409928724629323,-1.1692404391597555,0.020403195075833522,8.742762534440427,-0.9053741087752856,0.8197022768404912,-1.5143442055887135e-13,1.982163311260381e-14,False,False,False,False
7.0,1.4,5.0,19,0.9500000000000001,37.70213294126394,1,1.6447103775432679,58.69998941831679,35.77488669285132,8.742762534440427,31.04801500498328,963.9792357496672,2.2737367544323206e-13,1.8349195900342227e-16,True,True,True,True
7.0,1.4,5.0,19,0.9500000000000001,37.70213294126394,2,3.1516898400098334,72.39628217428904,44.518217058696564,8.742762534440427,39.856836826961725,1588.567441851052,-2.2737367544323206e-13,1.2812809001986815e-18,True,True,True,True
7.0,1.4,5.0,20,1.0,39.23381351634859,0,-0.019432201666262028,-1.1132430321593123,0.018495928362268994,8.742762534440427,-0.914615230348979,0.8365210195858854,-4.304334666471732e-13,5.588074698628293e-14,False,False,False,False
7.0,1.4,5.0,20,1.0,39.23381351634859,1,2.2701586495591934,66.22661194149252,41.03720774802507,8.742762534440427,36.353541894457294,1321.580008272061,-6.821210263296962e-13,1.2214205058412276e-16,True,True,True,True
7.0,1.4,10.0,0,0.0,11.735365948639075,0,0.6850419907676852,34.41278087762817,15.650389541134773,15.650389541134771,7.105427357601002e-15,0.0,-5.048709793414476e-29,3.703203678291961e-17,True,True,True,True
7.0,1.4,10.0,1,0.05,12.904010846614877,0,-0.03609861197326758,-2.0674004076250836,0.06376928115908048,15.650389541134771,-0.04447265779624687,0.0019778172911386616,-3.23416207009819e-13,7.505107646466058e-14,False,False,False,False
7.0,1.4,10.0,1,0.05,12.904010846614877,1,0.6883325121361126,34.540900465710564,15.752649455252229,15.650389541134771,1.2666217127609833,1.6043305632376246,5.750955267558311e-14,1.1186612233516718e-16,True,True,True,True
7.0,1.4,10.0,1,0.05,12.904010846614877,2,12.862287597404507,85.55438691094378,48.705596860070166,15.650389541134771,40.09814834318059,1607.8615005517172,9.094947017729282e-13,4.299087130361219e-17,True,True,True,True
7.0,1.4,10.0,2,0.1,14.072655744590682,0,-0.035832329505377736,-2.0521632556321996,0.06283316104738315,15.650389541134771,-0.12872358407490547,0.016569761096899893,-1.8936588408458022e-13,4.4067833098162646e-14,False,False,False,False
7.0,1.4,10.0,2,0.1,14.072655744590682,1,0.6973264138785682,34.88908215445532,16.031431968515157,15.650389541134771,2.4666391302234487,6.084308598748805,-6.865619184281968e-13,9.100377862079199e-16,True,True,True,True
7.0,1.4,10.0,2,0.1,14.072655744590682,2,11.690077057759247,85.11067079611743,48.64404513344565,15.650389541134771,40.0354430900811,1602.8367034191233,6.821210263296962e-13,1.7340386936321532e-17,True,True,True,True
7.0,1.4,10.0,3,0.15000000000000002,15.241300642566483,0,-0.03536108974863028,-2.025197376088263,0.06119341009429114,15.650389541134771,-0.20526544615629283,0.04213390338582179,7.983891325835657e-14,1.7317427087526807e-14,False,False,False,False
7.0,1.4,10.0,3,0.15000000000000002,15.241300642566483,1,0.7110561763349907,35.41496478277153,16.454854431375608,15.650389541134771,3.6312464025654734,13.18595043614485,1.580957587066223e-13,6.67053987760725e-17,True,True,True,True
7.0,1.4,10.0,3,0.15000000000000002,15.241300642566483,2,10.68795956308454,84.65478314047553,48.57477266686718,15.650389541134771,39.96486811493564,1597.1906834442002,6.821210263296962e-13,4.719665867584508e-17,True,True,True,True
7.0,1.4,10.0,4,0.2,16.409945540542285,0,-0.034738282957859745,-1.9895569602277878,0.059059397013042664,15.650389541134771,-0.2746120419776943,0.07541177359915974,8.049116928532385e-16,9.424495394744888e-17,False,False,False,False
7.0,1.4,10.0,4,0.2,16.409945540542285,1,0.7288918881610633,36.088003969464296,17.000697655361982,15.650389541134771,4.782248474356397,22.86990047048502,9.343636975245317e-13,9.900342165466889e-16,True,True,True,True
7.0,1.4,10.0,4,0.2,16.409945540542285,2,9.819210050517887,84.18497828844254,48.49700712059452,15.650389541134771,39.88563492630179,1590.8638734742244,-9.094947017729282e-13,5.446112655558691e-17,True,True,True,True
7.0,1.4,10.0,5,0.25,17.578590438518088,0,-0.03400596799468136,-1.947647918571791,0.056598436340100984,15.650389541134771,-0.3373416419088575,0.11379938336598627,2.224193051958423e-13,4.301662398532095e-14,False,False,False,False
7.0,1.4,10.0,5,0.25,17.578590438518088,1,0.7504375973140167,36.88594066234225,17.65317243773726,15.650389541134771,5.935276039606805,35.22750166632963,-1.0089706847793423e-12,8.31458218905589e-16,True,True,True,True
7.0,1.4,10.0,5,0.25,17.578590438518088,2,9.056804941644522,83.69925357961189,48.40982140826155,15.650389541134771,39.796796903680715,1583.785043792811,0.0,5.051741588980357e-20,True,True,True,True
7.0,1.4,10.0,6,0.30000000000000004,18.74723533649389,0,-0.03319698331752008,-1.901348787851298,0.053940500794413655,15.650389541134771,-0.394047124810047,0.1552731365708805,-1.8426926651216036e-13,3.401975322188975e-14,False,False,False,False
7.0,1.4,10.0,6,0.30000000000000004,18.74723533649389,1,0.7754702559370195,37.792513698387616,18.400896744811536,15.650389541134771,7.10183442261059,50.43605216617743,7.389644451905042e-13,5.402852978906581e-16,True,True,True,True
7.0,1.4,10.0,6,0.30000000000000004,18.74723533649389,2,8.38038503689729,83.19528411476259,48.31209584493143,15.650389541134771,39.69721057412766,1575.8685273666324,-4.547473508864641e-13,9.472718995546015e-18,True,True,True,True
7.0,1.4,10.0,7,0.35000000000000003,19.915880234469693,0,-0.03233677452833206,-1.852115318172007,0.05118416077074311,15.650389541134771,-0.4453058408738464,0.19829729191641388,5.0459636469213365e-14,8.886479695855173e-15,False,False,False,False
7.0,1.4,10.0,7,0.35000000000000003,19.915880234469693,1,0.8039047546628382,38.79596691757794,19.235615859283282,15.650389541134771,8.290654617271674,68.73495398288759,-5.400124791776761e-13,5.66265714752153e-16,True,True,True,True
7.0,1.4,10.0,7,0.35000000000000003,19.915880234469693,2,7.77428356183562,82.67033622680705,48.20246727198493,15.650389541134771,39.585483554723695,1567.010508261301,9.094947017729282e-13,1.253549150087534e-16,True,True,True,True
7.0,1.4,10.0,8,0.4,21.084525132445496,0,-0.03144491895559254,-1.8010676780713215,0.04840250390852217,15.650389541134771,-0.4916625129896355,0.2417320266792663,-1.7180701306074297e-14,2.9515137342357612e-15,False,False,False,False
7.0,1.4,10.0,8,0.4,21.084525132445496,1,0.8357764652754498,39.888083718593585,20.15139436047163,15.650389541134771,9.508623777895085,90.41392614955083,-9.663381206337363e-13,6.312287477389739e-16,True,True,True,True
7.0,1.4,10.0,8,0.4,21.084525132445496,2,7.226204429780159,82.12115034081775,48.07925942438,15.650389541134771,39.45990328511793,1557.0839672708614,4.547473508864641e-13,3.0320038051604708e-18,True,True,True,True
7.0,1.4,10.0,9,0.45,22.2531700304213,0,-0.030536368596524532,-1.7490615283317503,0.04564845474029328,15.650389541134771,-0.5336205779535792,0.2847509212155679,5.601075159233915e-14,9.360947708193798e-15,False,False,False,False
7.0,1.4,10.0,9,0.45,22.2531700304213,1,0.871237225319432,41.063592534367686,21.144123167490328,15.650389541134771,10.761466066015789,115.80915189001041,1.0800249583553523e-12,6.678228857985974e-16,True,True,True,True
7.0,1.4,10.0,9,0.45,22.2531700304213,2,6.726309234050817,81.54377871345201,47.9403855713479,15.650389541134771,39.318337358137626,1545.9316526083212,2.2737367544323206e-13,1.6026247201444324e-17,True,True,True,True
7.0,1.4,10.0,10,0.5,23.4218149283971,0,-0.02962244849288309,-1.6967451015854542,0.04295928695967295,15.650389541134771,-0.571638864117963,0.32677099096979434,-2.8066438062523957e-13,4.536326589584564e-14,False,False,False,False
7.0,1.4,10.0,10,0.5,23.4218149283971,1,0.9105637615650137,42.319858660275,22.211254854923105,15.650389541134771,12.054287094941248,145.30583736726788,7.673861546209082e-13,3.673268865096993e-16,True,True,True,True
7.0,1.4,10.0,10,0.5,23.4218149283971,2,6.2665664601254125,80.93335468896431,47.78320893488061,15.650389541134771,39.15809058887231,1533.3560585663308,4.547473508864641e-13,2.627635962014043e-17,True,True,True,True
7.0,1.4,10.0,11,0.55,24.590459826372907,0,-0.02871165079249005,-1.6446045977566752,0.04036031428633006,15.650389541134771,-0.6061315408024452,0.36739544475553354,-1.2823075934420558e-14,2.0621038772097834e-15,False,False,False,False
7.0,1.4,10.0,11,0.55,24.590459826372907,1,0.9541803383220269,43.65683210066823,23.351728393963047,15.650389541134771,13.39206806584728,179.34748708028644,-5.684341886080802e-14,7.089074458162955e-17,True,True,True,True
7.0,1.4,10.0,11,0.55,24.590459826372907,2,5.840269719776327,80.28375437157113,47.6043365416854,15.650389541134771,38.975693860648434,1519.1047119189875,-4.547473508864641e-13,9.902915041805362e-17,True,True,True,True
7.0,1.4,10.0,12,0.6000000000000001,25.75910472434871,0,-0.027810262132071717,-1.5930000509018183,0.03786783592414585,15.650389541134771,-0.6374699835317874,0.40636797990385765,-1.596500709410975e-13,2.4618518667459997e-14,False,False,False,False
7.0,1.4,10.0,12,0.6000000000000001,25.75910472434871,1,1.002701030749327,45.077274423921494,24.566085882986545,15.650389541134771,14.780192257319896,218.45408316333942,3.979039320256561e-13,2.6247218361770325e-16,True,True,True,True
7.0,1.4,10.0,12,0.6000000000000001,25.75910472434871,2,5.441661384663155,79.58708221935389,47.39930372327091,15.650389541134771,38.76658086658142,1502.8477920851983,1.5916157281026244e-12,4.106756645940667e-17,True,True,True,True
7.0,1.4,10.0,13,0.65,26.92774962232451,0,-0.026922857104146214,-1.542193541854089,0.03549144586991111,15.650389541134771,-0.6659856769609702,0.44353692191704797,-1.1379786002407855e-13,1.73766711492754e-14,False,False,False,False
7.0,1.4,10.0,13,0.65,26.92774962232451,1,1.0570031926318308,46.58736102576965,25.85683459934854,15.650389541134771,16.225110444520123,263.25420893687647,5.115907697472721e-13,1.1334941126520694e-16,True,True,True,True
7.0,1.4,10.0,13,0.65,26.92774962232451,2,5.065612050197437,78.83285380583817,47.16206984001182,15.650389541134771,38.52457126628549,1484.1425912511095,-2.2737367544323206e-13,1.1381260866012143e-17,True,True,True,True
7.0,1.4,10.0,14,0.7000000000000001,28.096394520300315,0,-0.026052685206357395,-1.4923713231641742,0.033235819356605294,15.650389541134771,-0.6919735965847467,0.4788274583702219,-2.078337502098293e-13,3.098571078809718e-14,False,False,False,False
7.0,1.4,10.0,14,0.7000000000000001,28.096394520300315,1,1.1183562112673733,48.197889119619575,27.22919483327461,15.650389541134771,17.73532361950011,314.5417038883992,6.821210263296962e-13,3.3619196532100963e-16,True,True,True,True
7.0,1.4,10.0,14,0.7000000000000001,28.096394520300315,2,4.707306387377286,78.00662483932236,46.8841675362151,15.650389541134771,38.24099843653881,1462.3739614233634,-2.2737367544323206e-13,4.139190616400086e-17,True,True,True,True
7.0,1.4,10.0,15,0.75,29.265039418276114,0,-0.025201973628778962,-1.4436611340204322,0.031102080105674782,15.650389541134771,-0.7156957218663942,0.5122203662977247,-1.3433698597964394e-13,1.9614135690907133e-14,False,False,False,False
7.0,1.4,10.0,15,0.75,29.265039418276114,1,1.1886585274254422,49.92661799638272,28.692562763691456,15.650389541134771,19.323043983923707,373.3800288046507,5.115907697472721e-13,3.9793059856463565e-17,True,True,True,True
7.0,1.4,10.0,15,0.75,29.265039418276114,2,4.361865157009003,77.08752570410857,46.55316469371218,15.650389541134771,37.903131956326504,1436.6474120986993,-2.2737367544323206e-13,2.659620023651007e-17,True,True,True,True
7.0,1.4,10.0,16,0.8,30.433684316251917,0,-0.024372163834636584,-1.3961457311426717,0.029088837290845212,15.650389541134771,-0.7373844724228091,0.5437358601702228,-4.1744385725905886e-14,6.047305478598774e-15,False,False,False,False
7.0,1.4,10.0,16,0.8,30.433684316251917,1,1.2709118037609126,51.803034067966145,30.263503753275096,15.650389541134771,21.007387146672283,441.31031473017305,1.1937117960769683e-12,2.1028147942646523e-16,True,True,True,True
7.0,1.4,10.0,16,0.8,30.433684316251917,2,4.02376255620598,76.043399076919,46.14961581241381,15.650389541134771,37.49104948054411,1405.5787911526068,-2.2737367544323206e-13,4.7476862961504874e-17,True,True,True,True
7.0,1.4,10.0,17,0.8500000000000001,31.602329214227723,0,-0.023564096206617924,-1.3498734511030168,0.02719296552537459,15.650389541134771,-0.7572459492725319,0.5734214276896064,-5.1514348342607263e-14,7.308133461277244e-15,False,False,False,False
7.0,1.4,10.0,17,0.8500000000000001,31.602329214227723,1,1.370296629221169,53.87919100255356,31.97258881649348,15.650389541134771,22.82148198388547,520.8200399408095,4.547473508864641e-13,1.1931303693709914e-16,True,True,True,True
7.0,1.4,10.0,17,0.8500000000000001,31.602329214227723,2,3.6856660988170313,74.81988325892272,45.64018459984714,15.650389541134771,36.97057680715007,1366.8235494533833,9.094947017729282e-13,5.670260427365468e-17,True,True,True,True
7.0,1.4,10.0,18,0.9,32.770974112203525,0,-0.022778154025448805,-1.3048664477993441,0.02541018680893815,15.650389541134771,-0.7754629211153972,0.6013427420246372,-1.8751666885918894e-13,2.647333252218227e-14,False,False,False,False
7.0,1.4,10.0,18,0.9,32.770974112203525,1,1.4971458008453629,56.259548094365485,33.88328763835491,15.650389541134771,24.831945519734443,616.6255182950604,9.094947017729282e-13,1.765021926929892e-16,True,True,True,True
7.0,1.4,10.0,18,0.9,32.770974112203525,2,3.3353969781400723,73.31051300606089,44.95872055791573,15.650389541134771,36.27385248369596,1315.7923740089363,6.821210263296962e-13,1.2098330430475281e-17,True,True,True,True
7.0,1.4,10.0,19,0.9500000000000001,33.93961901017932,0,-0.022014375634629824,-1.2611271109752709,0.02373550099379327,15.650389541134771,-0.7921975320709669,0.6275769298192464,-8.415490526658687e-14,1.1713017970202451e-14,False,False,False,False
7.0,1.4,10.0,19,0.9500000000000001,33.93961901017932,1,1.678746328974138,59.21847823241273,36.166691602238814,15.650389541134771,27.215728104781853,740.695856273413,2.2737367544323206e-13,5.122103642970489e-17,True,True,True,True
7.0,1.4,10.0,19,0.9500000000000001,33.93961901017932,2,2.9440754119538317,71.23916279379159,43.931513383752424,15.650389541134771,35.222514319871685,1240.6255150135662,2.2737367544323206e-13,1.6654080268731127e-17,True,True,True,True
7.0,1.4,10.0,20,1.0,35.10826390815512,0,-0.02127254172916926,-1.2186430622355449,0.022163501098961525,15.650389541134771,-0.8075937295960662,0.652207632082997,1.1290968160437842e-13,1.5555153101401052e-14,False,False,False,False
7.0,1.4,10.0,20,1.0,35.10826390815512,1,2.21270897083095,65.68013762730047,40.689395025871335,15.650389541134771,31.89391930436623,1017.2220885934249,1.1368683772161603e-13,1.4683396594773622e-16,True,True,True,True
10.0,1.2,2.0,0,0.0,3.1314687430501102,0,0.18031947422943365,10.221702804362677,3.1491173721063537,3.1491173721063537,8.881784197001252e-16,1.7763568394002505e-15,1.7763568394002497e-15,1.3877787807814457e-17,True,True,True,True
10.0,1.2,2.0,1,0.05,5.682109082613004,0,-0.05140737685433905,-2.9428351924037646,0.2635752842522311,3.1491173721063537,-0.394644496214257,0.15574427839424337,2.0386470289679437e-12,1.7888468484272835e-13,False,False,False,False
10.0,1.2,2.0,1,0.05,5.682109082613004,1,0.1981551014864742,11.208257182081997,3.7781920357831105,3.1491173721063537,1.4754669323806011,2.1770026685401422,-8.478995283667246e-12,1.3685550971342092e-13,True,True,True,True
10.0,1.2,2.0,1,0.05,5.682109082613004,2,87.05579079177969,89.34187882093161,99.98680688434943,3.1491173721063537,98.24327264701525,9651.740620395776,1.8189894035458565e-12,1.2242513632933706e-16,True,True,True,True
10.0,1.2,2.0,2,0.1,8.232749422175898,0,-0.044054485330683235,-2.522505031154641,0.19370382783590295,3.1491173721063537,-0.6049913799018218,0.36601456975381774,-1.6927570456459762e-12,1.7286172493413687e-13,False,False,False,False
10.0,1.2,2.0,2,0.1,8.232749422175898,1,0.23156301581682115,13.03779023060706,5.089250156881276,3.1491173721063537,3.0426523432882675,9.257733282127667,1.0082601420435822e-11,7.298210580065825e-14,True,True,True,True
10.0,1.2,2.0,2,0.1,8.232749422175898,2,59.78020322412645,89.04164868849007,99.97202541086646,3.1491173721063537,98.22848963849503,9648.836176659926,0.0,4.1393030929135667e-17,True,True,True,True
10.0,1.2,2.0,3,0.15000000000000002,10.783389761738794,0,-0.03760518130200552,-2.153603386474639,0.14121526655437902,3.1491173721063537,-0.7282825647479765,0.5303954941195105,3.619882171790323e-12,4.318767565791859e-13,False,False,False,False
10.0,1.2,2.0,3,0.15000000000000002,10.783389761738794,1,0.27182550943689776,15.20701743499997,6.88051560063722,3.1491173721063537,4.948640302995254,24.489040848403135,-2.582467573120084e-11,9.272347575511487e-14,True,True,True,True
10.0,1.2,2.0,3,0.15000000000000002,10.783389761738794,2,45.32117842113914,88.73598864765525,99.95133841768495,3.1491173721063537,98.20780049621962,9644.772078305275,1.8189894035458565e-12,6.588058240804145e-17,True,True,True,True
10.0,1.2,2.0,4,0.2,13.334030101301687,0,-0.03236208120813977,-1.8535637683363306,0.1046208601355209,3.1491173721063537,-0.8051458724411797,0.6482598759056906,-3.3779645747245013e-12,4.677369602745785e-13,False,False,False,False
10.0,1.2,2.0,4,0.2,13.334030101301687,1,0.31670088859865153,17.573040830997193,9.115650524079257,3.1491173721063537,7.245285547189643,52.49416266033834,2.3213431177282473e-11,4.522535939810469e-14,True,True,True,True
10.0,1.2,2.0,4,0.2,13.334030101301687,2,36.32258536936288,88.42298367437797,99.92426137082937,3.1491173721063537,98.18072063506298,9639.453904420281,-1.8189894035458565e-12,6.31850235451893e-21,True,True,True,True
10.0,1.2,2.0,5,0.25,15.884670440864582,0,-0.028146250555250774,-1.6122357119896578,0.07915843181819454,3.1491173721063537,-0.8554824138178143,0.7318501603581746,6.6204819404447335e-12,9.251265066553847e-13,False,False,False,False
10.0,1.2,2.0,5,0.25,15.884670440864582,1,0.3653495040494299,20.06975105766975,11.776143335421564,3.1491173721063537,9.94251418372998,98.85358829359896,-7.285905212484067e-11,8.397005298522565e-14,True,True,True,True
10.0,1.2,2.0,5,0.25,15.884670440864582,2,30.15274236314563,88.10051150694524,99.89013257254432,3.1491173721063537,98.14658828732829,9632.752792442327,0.0,4.267404703925753e-17,True,True,True,True
10.0,1.2,2.0,6,0.30000000000000004,18.435310780427475,0,-0.024731075629189192,-1.4166974737467581,0.06112522439495065,3.1491173721063537,-0.8898514006077352,0.7918355151548375,-8.71047678430159e-12,1.1816132384148604e-12,False,False,False,False
10.0,1.2,2.0,6,0.30000000000000004,18.435310780427475,1,0.4175030237329942,22.66068383332063,14.843521445370463,3.1491173721063537,13.033517863127681,169.87258788855524,8.688516572874505e-11,6.302548987247045e-14,True,True,True,True
10.0,1.2,2.0,6,0.30000000000000004,18.435310780427475,2,25.636091703955902,87.76616706894164,99.84807261836194,3.1491173721063537,98.10452395544606,9624.497620524691,1.8189894035458565e-12,5.2400101259316045e-17,True,True,True,True
10.0,1.2,2.0,7,0.35000000000000003,20.985951119990368,0,-0.02192743418808263,-1.2561481364803517,0.04805813006385222,3.1491173721063537,-0.9141706986720399,0.8357080663105465,2.0872192862952943e-14,2.6772745815800345e-15,False,False,False,False
10.0,1.2,2.0,7,0.35000000000000003,20.985951119990368,1,0.4732208172548935,25.32448716144921,18.296511140000675,3.1491173721063537,16.502557820254143,272.3344146108331,1.9326762412674725e-12,7.360558441876132e-16,True,True,True,True
10.0,1.2,2.0,7,0.35000000000000003,20.985951119990368,2,22.168261328232603,87.41716488789308,99.79692619789192,3.1491173721063537,98.05337220647468,9614.463801061462,1.8189894035458565e-12,2.0124561829119593e-17,True,True,True,True
10.0,1.2,2.0,8,0.4,23.53659145955326,0,-0.019591642662509123,-1.1223748516846728,0.03836851913837232,3.1491173721063537,-0.9319126981183439,0.8684612769145142,3.027578188152802e-13,3.969888972140614e-14,False,False,False,False
10.0,1.2,2.0,8,0.4,23.53659145955326,1,0.5327999059211912,28.048686833974198,22.110842269282934,3.1491173721063537,20.32826667451648,413.23842599026136,4.035882739117369e-12,1.3034590212800703e-15,True,True,True,True
10.0,1.2,2.0,8,0.4,23.53659145955326,2,19.40650921842211,87.05020887589373,99.73517832829688,3.1491173721063537,97.99161789649366,9602.357177972419,1.8189894035458565e-12,3.429444636965599e-17,True,True,True,True
10.0,1.2,2.0,9,0.45,26.087231799116157,0,-0.017617247387344825,-1.0092895137174278,0.03102711074682794,3.1491173721063537,-0.9451994662586081,0.8934020310122924,-3.2651659154225854e-12,4.2278022884820584e-13,False,False,False,False
10.0,1.2,2.0,9,0.45,26.087231799116157,1,0.5967485196772007,30.826577587602706,26.259603717371018,3.1491173721063537,24.485373072641238,599.5334945064795,5.491074261954054e-11,1.3831525068530533e-14,True,True,True,True
10.0,1.2,2.0,9,0.45,26.087231799116157,2,17.141743269847396,86.661313012647,99.66083226062504,3.1491173721063537,97.91726406364852,9587.790601710274,0.0,8.783128752778244e-17,True,True,True,True
10.0,1.2,2.0,10,0.5,28.63787213867905,0,-0.01592550104084811,-0.9123868678204763,0.02535572758042817,3.1491173721063537,-0.9553758722672794,0.9127430573089819,-1.4830359162942841e-12,1.9050094573979428e-13,False,False,False,False
10.0,1.2,2.0,10,0.5,28.63787213867905,1,0.6657985969409141,33.655620607171365,30.713748178569496,3.1491173721063537,28.94581144410219,837.8600001575401,2.2737367544323206e-11,4.293335480713497e-15,True,True,True,True
10.0,1.2,2.0,10,0.5,28.63787213867905,2,15.238901876354959,86.24554644778894,99.57122790069062,3.1491173721063537,97.82765032918287,9570.249168928876,1.8189894035458565e-12,3.485629359818838e-18,True,True,True,True
10.0,1.2,2.0,11,0.55,31.18851247824195,0,-0.01445769253754925,-0.8283070548567616,0.020898119124324162,3.1491173721063537,-0.9633223336044345,0.9279899184186107,-2.4827917499692376e-12,3.168279683942419e-13,False,False,False,False
10.0,1.2,2.0,11,0.55,31.18851247824195,1,0.7409530956942518,36.53671087911215,35.44269965435816,3.1491173721063537,33.67962192959686,1134.3169333205983,1.6370904631912708e-11,2.396736443580122e-15,True,True,True,True
10.0,1.2,2.0,11,0.55,31.18851247824195,2,13.606545016299725,85.79665860593258,99.4627643798984,3.1491173721063537,97.71917543778636,9549.037248240873,3.637978807091713e-12,1.2154981257721144e-16,True,True,True,True
10.0,1.2,2.0,12,0.6000000000000001,33.73915281780484,0,-0.013169534822806916,-0.7545151453222274,0.017340657239456225,3.1491173721063537,-0.9696321054734367,0.9401864199633815,-1.468380972369232e-12,1.8642103888182184e-13,False,False,False,False
10.0,1.2,2.0,12,0.6000000000000001,33.73915281780484,1,0.8235763847366777,39.47406352484165,40.415118153385855,3.1491173721063537,38.655866727062104,1494.2760324204014,1.432454155292362e-11,1.6025001812917478e-15,True,True,True,True
10.0,1.2,2.0,12,0.6000000000000001,33.73915281780484,2,12.180172351601602,85.30650621014752,99.33046145269473,3.1491173721063537,97.58685860659006,9523.1949727026,0.0,9.738716451626094e-17,True,True,True,True
10.0,1.2,2.0,13,0.65,36.28979315736773,0,-0.01202718274634762,-0.6890735865306591,0.014463220331388381,3.1491173721063537,-0.9747153537970041,0.9500700209268746,-7.442935157087049e-13,9.411888416922226e-14,False,False,False,False
10.0,1.2,2.0,13,0.65,36.28979315736773,1,0.9155509482203659,42.47569064182964,45.5999480534036,3.1491173721063537,43.84376172906057,1922.275442554641,4.774847184307873e-12,4.750850708269723e-16,True,True,True,True
10.0,1.2,2.0,13,0.65,36.28979315736773,2,10.912470814592833,84.7641371124179,99.16723585595795,3.1491173721063537,97.4236158040948,9491.360916343872,3.637978807091713e-12,2.6404854253649385e-17,True,True,True,True
10.0,1.2,2.0,14,0.7000000000000001,38.84043349693063,0,-0.011004426088939034,-0.630481721783925,0.012108273074382545,3.1491173721063537,-0.9788622291312765,0.9581712636189843,-8.674172491396348e-13,1.0927348577067424e-13,False,False,False,False
10.0,1.2,2.0,14,0.7000000000000001,38.84043349693063,1,1.019551178977809,45.55466039098097,50.96800452497005,3.1491173721063537,49.21431095630755,2422.0484029041377,4.547473508864641e-12,2.185303277545243e-16,True,True,True,True
10.0,1.2,2.0,14,0.7000000000000001,38.84043349693063,2,9.767225285746092,84.15424238031935,98.96264150243528,3.1491173721063537,97.21899980249616,9451.53392259775,1.8189894035458565e-12,3.2483635493504706e-17,True,True,True,True
10.0,1.2,2.0,15,0.75,41.391073836493526,0,-0.010080703112673728,-0.5775621793437631,0.010161024955385926,3.1491173721063537,-0.9822822200961161,0.9648783599161393,-8.15347789284715e-13,1.0235033195333946e-13,False,False,False,False
10.0,1.2,2.0,15,0.75,41.391073836493526,1,1.1395473156741827,48.73170688897723,56.49465392504065,3.1491173721063537,54.74301588790386,2996.7977885033038,9.549694368615746e-12,5.825326900367518e-16,True,True,True,True
10.0,1.2,2.0,15,0.75,41.391073836493526,2,8.71514880605744,83.45435189241547,98.70051932868193,3.1491173721063537,96.9568497601489,9400.630715412086,0.0,1.4867495906981846e-17,True,True,True,True
10.0,1.2,2.0,16,0.8,43.941714176056415,0,-0.009239682319071019,-0.5293797365794963,0.008536444164734454,3.1491173721063537,-0.9851293643182095,0.9704798644412316,-7.680522884356833e-13,9.630825022372778e-14,False,False,False,False
10.0,1.2,2.0,16,0.8,43.941714176056415,1,1.2818159915791216,52.04066910730703,62.1649551121995,3.1491173721063537,60.41503510202973,3649.976466379487,3.183231456205249e-12,1.5793515591342642e-16,True,True,True,True
10.0,1.2,2.0,16,0.8,43.941714176056415,2,7.7304824401767895,82.62926156900717,98.3541900995272,3.1491173721063537,96.61048347766874,9333.585517788908,3.637978807091713e-12,5.588101721695391e-17,True,True,True,True
10.0,1.2,2.0,17,0.8500000000000001,46.49235451561931,0,-0.008468238635340075,-0.4851827362793758,0.0071705923476885055,3.1491173721063537,-0.9875187916811328,0.97519336392263,-7.345235530920036e-13,9.189518854960819e-14,False,False,False,False
10.0,1.2,2.0,17,0.8500000000000001,46.49235451561931,1,1.4572420679820188,55.541003650636455,67.98519066322338,3.1491173721063537,66.2367281439509,4387.304155215661,3.637978807091713e-12,2.1398236514641731e-16,True,True,True,True
10.0,1.2,2.0,17,0.8500000000000001,46.49235451561931,2,6.787089998784227,81.6184266253922,97.87526038970006,3.1491173721063537,96.13150208785513,9241.265693667296,1.8189894035458565e-12,1.2414354182939776e-16,True,True,True,True
10.0,1.2,2.0,18,0.9,49.0429948551822,0,-0.0077557054601484765,-0.44436028058909777,0.0060147349263345124,3.1491173721063537,-0.9895378193675579,0.9791850959582744,-4.2721381987576024e-13,5.338568044543783e-14,False,False,False,False
10.0,1.2,2.0,18,0.9,49.0429948551822,1,1.6877134489315264,59.35251023178289,74.01501771604836,3.1491173721063537,72.2678175452807,5222.637452757986,3.637978807091713e-12,2.2087769538145872e-16,True,True,True,True
10.0,1.2,2.0,18,0.9,49.0429948551822,2,5.850959703491574,80.30116893891109,97.16181052770564,3.1491173721063537,95.41797427734666,9104.589815192392,3.637978807091713e-12,3.6068708133209285e-18,True,True,True,True
10.0,1.2,2.0,19,0.9500000000000001,51.5936351947451,0,-0.007093321569131117,-0.40641057252056045,0.005031267939002713,3.1491173721063537,-0.991253542138689,0.9825835848018647,-6.329381463388017e-13,7.894970181744713e-14,False,False,False,False
10.0,1.2,2.0,19,0.9500000000000001,51.5936351947451,1,2.0316573631821124,63.79317456325576,80.49781907242439,3.1491173721063537,78.75176042031715,6201.839769299034,2.7284841053187847e-12,1.4485477612805328e-16,True,True,True,True
10.0,1.2,2.0,19,0.9500000000000001,51.5936351947451,2,4.853891271351669,78.3587853608783,95.92838194426159,3.1491173721063537,94.1844081489643,8870.702738370692,0.0,2.537778213476072e-17,True,True,True,True
10.0,1.2,2.0,20,1.0,54.14427553430799,0,-0.00647381718237261,-0.37091722019537576,0.004190855251040112,3.1491173721063537,-0.9927181196409471,0.9854892650641294,6.715739075957572e-13,8.352574737901638e-14,False,False,False,False
10.0,1.2,2.0,20,1.0,54.14427553430799,1,3.1384893470758146,72.32684003700726,90.78350814880875,3.1491173721063537,89.03891952524067,7927.929190222288,2.7284841053187847e-12,1.372619202558086e-16,True,True,True,True
10.0,1.2,5.0,0,0.0,4.936904642300547,0,0.2408850442969091,13.543671167090972,5.4843289534311435,5.4843289534311435,0.0,-3.552713678800501e-15,-3.552713678800501e-15,4.266988376720192e-17,True,True,True,True
10.0,1.2,5.0,1,0.05,7.351934580906028,0,-0.040452560578199126,-2.3164979626726803,0.16337361956447827,5.4843289534311435,-0.3176587719078148,0.10090709537088871,9.076212004188733e-13,1.010858063921205e-13,False,False,False,False
10.0,1.2,5.0,1,0.05,7.351934580906028,1,0.2548327823500287,14.29655557974555,6.097973819234359,5.4843289534311435,1.9052820590172033,3.630099724406314,-6.519673689808769e-12,4.0704038063084164e-14,True,True,True,True
10.0,1.2,5.0,1,0.05,7.351934580906028,2,63.535997863362184,89.09828992936617,99.97523417955829,5.4843289534311435,97.10572136717805,9429.521122240023,3.637978807091713e-12,2.928421300767503e-17,True,True,True,True
10.0,1.2,5.0,2,0.1,9.766964519511511,0,-0.036374955364093964,-2.083212953990029,0.13213889985652924,5.4843289534311435,-0.5183373319248823,0.2686735896682948,1.2891909761947318e-12,1.5937251518494122e-13,False,False,False,False
10.0,1.2,5.0,2,0.1,9.766964519511511,1,0.2839171461465977,15.850153471551197,7.459585281397095,5.4843289534311435,3.7913624608052903,14.374429309185977,-1.7568169141668477e-11,6.198182301499451e-14,True,True,True,True
10.0,1.2,5.0,2,0.1,9.766964519511511,2,47.536414372982776,88.79487481912018,99.95576612240626,5.4843289534311435,97.08624605519677,9425.73917309021,1.8189894035458565e-12,1.5373406980102124e-16,True,True,True,True
10.0,1.2,5.0,3,0.15000000000000002,12.181994458116993,0,-0.03229099626895504,-1.8494951530595494,0.1041622331645126,5.4843289534311435,-0.6485345913781262,0.4205971162189136,4.920508445138694e-12,6.837308497154027e-13,False,False,False,False
10.0,1.2,5.0,3,0.15000000000000002,12.181994458116993,1,0.3205941677744697,17.77554737975881,9.320132990068197,5.4843289534311435,5.9203709350749865,35.050792008837774,-4.289546495783725e-11,8.867172823733902e-14,True,True,True,True
10.0,1.2,5.0,3,0.15000000000000002,12.181994458116993,2,37.81342248064315,88.48512976761559,99.93011171249913,5.4843289534311435,97.06058208065238,9420.75659383506,1.8189894035458565e-12,8.647360063666975e-17,True,True,True,True
10.0,1.2,5.0,4,0.2,14.597024396722473,0,-0.02865441516687106,-1.6413279337369715,0.08204018966508979,5.4843289534311435,-0.7360952279613611,0.5418361846181086,-9.37949717894071e-12,1.408214937808222e-12,False,False,False,False
10.0,1.2,5.0,4,0.2,14.597024396722473,1,0.36237652168665413,19.919327319833933,11.60742508477097,5.4843289534311435,8.364024646352277,69.95690828486819,7.985079264472006e-11,1.01862618271571e-13,True,True,True,True
10.0,1.2,5.0,4,0.2,14.597024396722473,2,31.250615394647028,88.16719656215832,99.89770877502028,5.4843289534311435,97.02816705527823,9414.465202106981,1.8189894035458565e-12,2.560854280823158e-17,True,True,True,True
10.0,1.2,5.0,5,0.25,17.012054335327957,0,-0.025528174201721043,-1.46233903284275,0.06512632578331042,5.4843289534311435,-0.796989497339962,0.6351922588712748,1.0694778396214133e-12,1.5340097862567496e-13,False,False,False,False
10.0,1.2,5.0,5,0.25,17.012054335327957,1,0.408268708314921,22.20865702573987,14.286939114760257,5.4843289534311435,11.142589807516767,124.15730761855849,-1.8061996343021747e-11,1.5102725207730744e-14,True,True,True,True
10.0,1.2,5.0,5,0.25,17.012054335327957,2,26.50094350404899,87.83899737900158,99.85781316783607,5.4843289534311435,96.98825655396662,9406.721909378051,1.8189894035458565e-12,1.0542798094645853e-16,True,True,True,True
10.0,1.2,5.0,6,0.30000000000000004,19.427084273933435,0,-0.02286310321385354,-1.3097311443231168,0.05224483935653361,5.4843289534311435,-0.8406398952938205,0.7066754335523664,-7.239209232068333e-12,1.0044158150577809e-12,False,False,False,False
10.0,1.2,5.0,6,0.30000000000000004,19.427084273933435,1,0.45791099427224147,24.60356418503277,17.333679074611045,5.4843289534311435,14.25595485538387,203.23224883881286,6.994582690822426e-11,3.925793683993331e-14,True,True,True,True
10.0,1.2,5.0,6,0.30000000000000004,19.427084273933435,2,22.886911401107657,87.49816131372681,99.80945510937364,5.4843289534311435,96.93988042567219,9397.340416943622,0.0,5.3016812046692634e-17,True,True,True,True
10.0,1.2,5.0,7,0.35000000000000003,21.842114212538924,0,-0.020586178512965958,-1.1793345668937418,0.0423611223251484,5.4843289534311435,-0.872781819723605,0.7617481048421385,2.0911050668814823e-12,2.833555887785682e-13,False,False,False,False
10.0,1.2,5.0,7,0.35000000000000003,21.842114212538924,1,0.5112978202163942,27.080561478965947,20.724606332227275,5.4843289534311435,17.69378059497771,313.0698717431736,-3.61524143954739e-11,1.4654546601315638e-14,True,True,True,True
10.0,1.2,5.0,7,0.35000000000000003,21.842114212538924,2,20.03037801278169,87.14192868612326,99.75137739616036,5.4843289534311435,96.88178098686204,9386.079487186304,0.0,1.740389980308535e-17,True,True,True,True
10.0,1.2,5.0,8,0.4,24.257144151144402,0,-0.01862794396555678,-1.0671791444927685,0.03468799289457695,5.4843289534311435,-0.8970161446618843,0.804637963781785,-2.2855051184933473e-12,3.0452361814733573e-13,False,False,False,False
10.0,1.2,5.0,8,0.4,24.257144151144402,1,0.5686716094037569,29.625660617116598,24.436336593705263,5.4843289534311435,21.43972882500733,459.6619720898625,1.2391865311656147e-11,3.4949364493494913e-15,True,True,True,True
10.0,1.2,5.0,8,0.4,24.257144151144402,2,17.70348276414236,86.76702266640275,99.68194729876195,5.4843289534311435,96.8123248829757,9372.626249246838,1.8189894035458565e-12,1.332219568519742e-17,True,True,True,True
10.0,1.2,5.0,9,0.45,26.67217408974988,0,-0.01692961694607842,-0.9699029449462223,0.028652980707995275,5.4843289534311435,-0.9156713944576536,0.8384541026248129,-3.2108760095184152e-12,4.219092492866728e-13,False,False,False,False
10.0,1.2,5.0,9,0.45,26.67217408974988,1,0.6304891322242607,32.230985730680715,28.4444965630298,5.4843289534311435,25.473592290848114,648.9039042003787,2.2282620193436742e-11,4.835298319686638e-15,True,True,True,True
10.0,1.2,5.0,9,0.45,26.67217408974988,2,15.760538527609798,86.36947198984666,99.59902896793886,5.4843289534311435,96.72937544443951,9356.572073871339,1.8189894035458565e-12,8.016489861385414e-17,True,True,True,True
10.0,1.2,5.0,10,0.5,29.087204028355362,0,-0.015443521026059948,-0.8847782395272609,0.023844547187894898,5.4843289534311435,-0.9302953626130699,0.8654494616991915,-1.9173551635276453e-13,2.5146145295906864e-14,False,False,False,False
10.0,1.2,5.0,10,0.5,29.087204028355362,1,0.6974295098654046,34.89305633313719,32.72371697455954,5.4843289534311435,29.772592370196875,886.4072564419052,0.0,2.4449311481692687e-16,True,True,True,True
10.0,1.2,5.0,10,0.5,29.087204028355362,2,14.103824791692904,85.94435860679705,99.49979460004329,5.4843289534311435,96.63010377750071,9337.376956050559,1.8189894035458565e-12,2.7109481973387058e-17,True,True,True,True
10.0,1.2,5.0,11,0.55,31.502233966960848,0,-0.014131575192861234,-0.8096257248242226,0.019966154473800027,5.4843289534311435,-0.9419432601301199,0.8872571053062714,1.712741060089229e-12,2.2073867930402416e-13,False,False,False,False
10.0,1.2,5.0,11,0.55,31.502233966960848,1,0.7704372254003617,37.611994592498405,37.24795319906553,5.4843289534311435,34.31236340920128,1177.3382827250712,-2.3874235921539366e-11,3.5306541927629778e-15,True,True,True,True
10.0,1.2,5.0,11,0.55,31.502233966960848,2,12.665074415886908,85.48544639001602,99.38043709032682,5.4843289534311435,96.51070130346109,9314.315466085889,3.637978807091713e-12,3.782626125763933e-18,True,True,True,True
10.0,1.2,5.0,12,0.6000000000000001,33.91726390556633,0,-0.012963459861940585,-0.7427099353860849,0.016802305510071766,5.4843289534311435,-0.951351277349908,0.9050692529133805,-1.921129921811371e-12,2.460981360583957e-13,False,False,False,False
10.0,1.2,5.0,12,0.6000000000000001,33.91726390556633,1,0.850807029035141,40.39137021436234,41.99107291225051,5.4843289534311435,39.06789975353789,1526.3007911525187,3.296918293926865e-11,3.84440243423804e-15,True,True,True,True
10.0,1.2,5.0,12,0.6000000000000001,33.91726390556633,2,11.394808196763583,84.98461377311678,99.23571739530672,5.4843289534311435,96.36592694025437,9286.391875054444,0.0,5.08936873291798e-17,True,True,True,True
10.0,1.2,5.0,13,0.65,36.33229384417181,0,-0.011914969855645552,-0.6826451827263379,0.014194635503278492,5.4843289534311435,-0.9590439092273515,0.9197652198251595,-9.209299989265674e-13,1.1744699148611286e-13,False,False,False,False
10.0,1.2,5.0,13,0.65,36.33229384417181,1,0.9403324619145561,43.23864148551997,46.927785892522444,5.4843289534311435,44.01469037397394,1937.2929687168014,7.048583938740194e-12,6.235588534166036e-16,True,True,True,True
10.0,1.2,5.0,13,0.65,36.33229384417181,2,10.25582482743637,84.43094704239323,99.05822028419091,5.4843289534311435,96.18836255456031,9252.201090927543,1.8189894035458565e-12,5.714618662997817e-17,True,True,True,True
10.0,1.2,5.0,14,0.7000000000000001,38.74732378277729,0,-0.01096667146067265,-0.6283188019535333,0.01202534203020576,5.4843289534311435,-0.965401990889367,0.9320010040131108,-4.2521541843143495e-14,5.4645942805554535e-15,False,False,False,False
10.0,1.2,5.0,14,0.7000000000000001,38.74732378277729,1,1.0415661335724957,46.16637663272566,52.03514888705947,5.4843289534311435,49.13034577534646,2413.7908760051096,5.4569682106375694e-12,3.2754090053901163e-16,True,True,True,True
10.0,1.2,5.0,14,0.7000000000000001,38.74732378277729,2,9.218957566331126,83.80920951246362,98.83706296982135,5.4843289534311435,95.96712106934389,9209.688326338108,0.0,7.823405056294566e-17,True,True,True,True
10.0,1.2,5.0,15,0.75,41.162353721382765,0,-0.010102849728075736,-0.5788309577193426,0.010205715590190774,5.4843289534311435,-0.9707068395177019,0.9422717682862934,-1.5198953207118393e-13,1.91116957948478e-14,False,False,False,False
10.0,1.2,5.0,15,0.75,41.162353721382765,1,1.1582991774300695,49.194813977561076,57.29519709133628,5.4843289534311435,54.39730532128859,2959.066826217497,4.547473508864641e-12,2.8784013028627874e-16,True,True,True,True
10.0,1.2,5.0,15,0.75,41.162353721382765,2,8.260013455480141,83.0970703401157,98.55549406727356,5.4843289534311435,95.68544444060711,9155.704277796509,-1.8189894035458565e-12,1.314082914286262e-16,True,True,True,True
10.0,1.2,5.0,16,0.8,43.57738365998825,0,-0.009310696580889566,-0.5334482040584714,0.008668155647780024,5.4843289534311435,-0.9751695177001698,0.9509555882515808,-9.992007221626409e-16,1.1667708999583468e-16,False,False,False,False
10.0,1.2,5.0,16,0.8,43.57738365998825,1,1.2965226263224805,52.35721685166462,62.70008032057171,5.4843289534311435,59.80802301578136,3576.999617056237,4.547473508864641e-12,1.458334345434654e-16,True,True,True,True
10.0,1.2,5.0,16,0.8,43.57738365998825,2,7.357088606379602,82.25960245624715,98.18599872131932,5.4843289534311435,95.31580676265318,9085.103018815444,1.8189894035458565e-12,1.1508612057711298e-16,True,True,True,True
10.0,1.2,5.0,17,0.8500000000000001,45.992413598593735,0,-0.008579687855502005,-0.4915678422893622,0.00736056255109327,5.4843289534311435,-0.9789506235889407,0.9583443234248733,-3.0253577421035516e-13,3.807069835889673e-14,False,False,False,False
10.0,1.2,5.0,17,0.8500000000000001,45.992413598593735,1,1.4666161822319241,55.71220505674371,68.26367076498647,5.4843289534311435,65.37661109787052,4274.1012786422125,5.4569682106375694e-12,2.960709430172359e-16,True,True,True,True
10.0,1.2,5.0,17,0.8500000000000001,45.992413598593735,2,6.487198723924324,81.23684645685529,97.67893912891213,5.4843289534311435,94.80855004139949,8988.661160952553,3.637978807091713e-12,2.1730242961142817e-17,True,True,True,True
10.0,1.2,5.0,18,0.9,48.40744353719922,0,-0.007901104985215568,-0.45269054919239243,0.006242356304291416,5.4843289534311435,-0.9821739227964839,0.9646656146212451,-1.8829382497642655e-13,2.3847750325008902e-14,False,False,False,False
10.0,1.2,5.0,18,0.9,48.40744353719922,1,1.689424878150761,59.37797138870327,74.05398506681291,5.4843289534311435,71.17129657076515,5065.35345556381,2.7284841053187847e-12,5.994864724976179e-17,True,True,True,True
10.0,1.2,5.0,18,0.9,48.40744353719922,2,5.619374862006724,79.90951833540224,96.9303848587705,5.4843289534311435,94.05970087132425,8847.227328002999,1.8189894035458565e-12,4.235427600479642e-17,True,True,True,True
10.0,1.2,5.0,19,0.9500000000000001,50.8224734758047,0,-0.0072676663110868844,-0.41639927537716986,0.005281618391268302,5.4843289534311435,-0.9849358987311905,0.9700987246089773,-4.4064751847372463e-13,5.5189805184792327e-14,False,False,False,False
10.0,1.2,5.0,19,0.9500000000000001,50.8224734758047,1,2.0205058165509837,63.66801518917663,80.32442564520208,5.4843289534311435,77.44573332281634,5997.841609908786,9.094947017729282e-13,6.51198291438509e-17,True,True,True,True
10.0,1.2,5.0,19,0.9500000000000001,50.8224734758047,2,4.689824748023715,77.96322022943198,95.65112567685995,5.4843289534311435,92.77992669617846,8608.11479774825,1.8189894035458565e-12,4.200882995515421e-17,True,True,True,True
10.0,1.2,5.0,20,1.0,53.23750341441018,0,-0.006673241269242958,-0.38234288495076396,0.004453016601353779,5.4843289534311435,-0.9873125485968743,0.9747860686158473,-1.0080825063596421e-12,1.260718532188169e-13,False,False,False,False
10.0,1.2,5.0,20,1.0,53.23750341441018,1,3.0758149035116977,71.98977060156439,90.44035301726281,5.4843289534311435,87.56690082515556,7667.962120122628,-9.094947017729282e-13,9.54769250576786e-17,True,True,True,True
10.0,1.2,10.0,0,0.0,6.946191871138671,0,0.31878529567694164,17.681516734339336,9.22493144372578,9.22493144372578,0.0,-1.4210854715202004e-14,-1.4210854715202004e-14,9.373328791884205e-17,True,True,True,True
10.0,1.2,10.0,1,0.05,9.186124414543338,0,-0.03193480088899392,-1.829107685656697,0.10187925111169191,9.22493144372578,-0.24393927818747563,0.05950637143128801,-1.1338617544875973e-11,1.5988876889139192e-12,False,False,False,False
10.0,1.2,10.0,1,0.05,9.186124414543338,1,0.3294202790045837,18.232931159023284,9.789443888905454,9.22493144372578,2.3377486372195833,5.465068690910769,8.875034041011531e-11,2.242866306009438e-13,True,True,True,True
10.0,1.2,10.0,1,0.05,9.186124414543338,2,46.405531069436236,88.7655154046538,99.9535849437736,9.22493144372578,95.17782838965321,9058.819016970278,0.0,6.351423587164978e-17,True,True,True,True
10.0,1.2,10.0,2,0.1,11.426056957948006,0,-0.029819206902084616,-1.7080085786400567,0.0888395152536544,9.22493144372578,-0.4227572003418987,0.1787236504363966,-4.5236592249864316e-12,6.818434705735399e-13,False,False,False,False
10.0,1.2,10.0,2,0.1,11.426056957948006,1,0.3536084706627669,19.474025790835423,11.114188576864056,9.22493144372578,4.559908003969031,20.792761004697596,3.675992843454878e-11,6.299902656637336e-14,True,True,True,True
10.0,1.2,10.0,2,0.1,11.426056957948006,2,37.04537018423594,88.45373743876642,99.92718585083605,9.22493144372578,95.151399030491,9053.788737459727,1.8189894035458565e-12,5.4526000691541614e-17,True,True,True,True
10.0,1.2,10.0,3,0.15000000000000002,13.665989501352673,0,-0.027420367366264742,-1.5706777497608067,0.07513116528899956,9.22493144372578,-0.5517431310266279,0.30442048263368715,-1.3795076192479883e-12,2.2581936320875684e-13,False,False,False,False
10.0,1.2,10.0,3,0.15000000000000002,13.665989501352673,1,0.3856593678598905,21.08960039860609,12.947580408443832,9.22493144372578,6.913447376017187,47.795754620976126,1.7202239632752025e-11,2.0104702447302242e-14,True,True,True,True
10.0,1.2,10.0,3,0.15000000000000002,13.665989501352673,2,30.704021458659582,88.13459178930599,99.89403826805383,9.22493144372578,95.1182134206215,9047.474524330903,1.8189894035458565e-12,4.602876960073446e-17,True,True,True,True
10.0,1.2,10.0,4,0.2,15.905922044757341,0,-0.025074452863165675,-1.4363593465772082,0.0628333135634303,9.22493144372578,-0.6461453128908532,0.417503765368011,-2.807587495823327e-12,4.403385998239853e-13,False,False,False,False
10.0,1.2,10.0,4,0.2,15.905922044757341,1,0.4232352447974552,22.93979398850557,15.19157050245404,9.22493144372578,9.486612829390927,89.995822974794,2.9473312679328956e-11,2.4075976289136317e-14,True,True,True,True
10.0,1.2,10.0,4,0.2,15.905922044757341,2,26.10516112903804,87.80626602207106,99.8534754389735,9.22493144372578,95.07760402154616,9039.750786477933,1.8189894035458565e-12,7.709429091908741e-17,True,True,True,True
10.0,1.2,10.0,5,0.25,18.145854588162006,0,-0.022905517666293562,-1.312160041444749,0.052438761291930036,9.22493144372578,-0.7164645036276873,0.5133213849611516,2.683298028216541e-12,4.0015416216178597e-13,False,False,False,False
10.0,1.2,10.0,5,0.25,18.145854588162006,1,0.46528300354110463,24.951758374626806,17.796166072523505,9.22493144372578,12.312837888587843,151.6059768706173,-2.702904566831421e-11,1.571860085408411e-14,True,True,True,True
10.0,1.2,10.0,5,0.25,18.145854588162006,2,22.602456684784347,87.4667161280204,99.80463829639498,9.22493144372578,95.02871075649303,9030.455868041212,-1.8189894035458565e-12,1.0828742247339261e-16,True,True,True,True
10.0,1.2,10.0,6,0.30000000000000004,20.385787131566676,0,-0.020946752292813287,-1.1999850170329396,0.04385740000674693,9.22493144372578,-0.7697972058541307,0.5925877381390473,-1.7795764861716634e-12,2.5588519152929414e-13,False,False,False,False
10.0,1.2,10.0,6,0.30000000000000004,20.385787131566676,1,0.5113647331408053,27.083600678903057,20.72890660120008,9.22493144372578,15.401875662941938,237.21777393674216,1.8985701899509877e-11,8.13882026874962e-15,True,True,True,True
10.0,1.2,10.0,6,0.30000000000000004,20.385787131566676,2,19.83342618755459,87.11359494663938,99.74642766941692,9.22493144372578,94.97043315981206,9019.38317456233,0.0,4.0952940498615805e-17,True,True,True,True
10.0,1.2,10.0,7,0.35000000000000003,22.62571967497134,0,-0.01919374462182244,-1.0995855441015745,0.0368264164151309,9.22493144372578,-0.8109518882608735,0.6576429650714257,-2.4504842599526455e-12,3.4282701151546333e-13,False,False,False,False
10.0,1.2,10.0,7,0.35000000000000003,22.62571967497134,1,0.561400338567883,29.30986896023895,23.964222011697213,9.22493144372578,18.751476328991266,351.61786451673925,1.944044925039634e-11,6.1953147843776716e-15,True,True,True,True
10.0,1.2,10.0,7,0.35000000000000003,22.62571967497134,2,17.578893376493134,86.74415824899401,99.67743755604072,9.22493144372578,94.90136356878835,9006.26880721535,1.8189894035458565e-12,4.997943843000984e-17,True,True,True,True
10.0,1.2,10.0,8,0.4,24.865652218376006,0,-0.017627969928205367,-1.0099036793213678,0.031064879113052803,9.22493144372578,-0.8432236684247956,0.7110261549924825,7.12874204111813e-13,9.755796274631958e-14,False,False,False,False
10.0,1.2,10.0,8,0.4,24.865652218376006,1,0.6155616907514734,31.61486054200105,27.479276584144703,9.22493144372578,22.352570175916142,499.6373934692395,-1.63140612130519e-11,4.161654248562372e-15,True,True,True,True
10.0,1.2,10.0,8,0.4,24.865652218376006,2,15.69839212850826,86.35513821502367,99.59586083156486,9.22493144372578,94.81969271738421,8990.774127019164,-1.8189894035458565e-12,9.789230465088192e-17,True,True,True,True
10.0,1.2,10.0,9,0.45,27.105584761780676,0,-0.016227052075080906,-0.9296600050742955,0.026324790134208607,9.22493144372578,-0.8689044558078058,0.7549949533229964,3.3717473257866004e-13,4.533303321126293e-14,False,False,False,False
10.0,1.2,10.0,9,0.45,27.105584761780676,1,0.674235626070427,33.98925231695561,31.25227930527901,9.22493144372578,26.191926649114286,686.0170215925666,-1.6484591469634324e-11,3.3615869860204918e-15,True,True,True,True
10.0,1.2,10.0,9,0.45,27.105584761780676,2,14.097580857918814,85.94256832809954,99.49935363060592,9.22493144372578,94.723073952563,8972.460739022717,-1.8189894035458565e-12,1.074656239903945e-17,True,True,True,True
10.0,1.2,10.0,10,0.5,29.345517305185343,0,-0.01496907844062978,-0.8576009665131633,0.02240231117617013,9.22493144372578,-0.8896143130046152,0.7914136259017795,-8.93951579428176e-13,1.1868047116305147e-13,False,False,False,False
10.0,1.2,10.0,10,0.5,29.345517305185343,1,0.7380276456084158,36.4283510461371,35.26187372845356,9.22493144372578,30.253742204491495,915.2889173758367,6.821210263296962e-12,1.1691064475465e-15,True,True,True,True
10.0,1.2,10.0,10,0.5,29.345517305185343,2,12.710555276221417,85.50153392681698,99.38483576646338,9.22493144372578,94.60842340848887,8950.753779839908,1.8189894035458565e-12,1.2700573440412237e-16,True,True,True,True
10.0,1.2,10.0,11,0.55,31.585449848590013,0,-0.013834235811966522,-0.7925927636539252,0.01913494588781563,9.22493144372578,-0.9065171360035185,0.8217733178678505,-1.7108536809473662e-13,2.2570863317889236e-14,False,False,False,False
10.0,1.2,10.0,11,0.55,31.585449848590013,1,0.8077995166161909,38.931260864728,39.48709475898058,9.22493144372578,34.52078264979249,1191.6844347542265,1.2505552149377763e-11,1.5301218254950974e-15,True,True,True,True
10.0,1.2,10.0,11,0.55,31.585449848590013,2,11.48965062538575,85.02580519609879,99.2481885374972,9.22493144372578,94.47161743944378,8924.886501624616,-1.8189894035458565e-12,3.727390560484522e-17,True,True,True,True
10.0,1.2,10.0,12,0.6000000000000001,33.82538239199468,0,-0.012805255526397552,-0.7336469991855757,0.016394768584519426,9.22493144372578,-0.9204623557293246,0.8472509483147587,-1.8984813721090177e-14,2.485264641157406e-15,False,False,False,False
10.0,1.2,10.0,12,0.6000000000000001,33.82538239199468,1,0.8847466919225058,41.50068865086649,43.907725795056685,9.22493144372578,38.97541460639025,1519.082943740024,5.229594535194337e-12,6.626430871732159e-16,True,True,True,True
10.0,1.2,10.0,12,0.6000000000000001,33.82538239199468,2,10.399240295871408,84.50727666135015,99.08378089571019,9.22493144372578,94.30701819887253,8893.813681562475,0.0,6.966373730608054e-19,True,True,True,True
10.0,1.2,10.0,13,0.65,36.06531493539934,0,-0.01186735168684061,-0.6799172483553022,0.014081420462638668,9.22493144372578,-0.9320792323715168,0.868771695417618,-6.580291866953303e-13,8.498716306295326e-14,False,False,False,False
10.0,1.2,10.0,13,0.65,36.06531493539934,1,0.9705354457569397,44.14334512030793,48.50507799188113,9.22493144372578,43.60078588444146,1901.0285297409137,4.320099833421409e-12,5.320416919995868e-16,True,True,True,True
10.0,1.2,10.0,13,0.65,36.06531493539934,2,9.411756333002472,83.9350721992935,98.88369381412906,9.22493144372578,94.1066970344188,8856.070426727889,0.0,5.0558020126303165e-17,True,True,True,True
10.0,1.2,10.0,14,0.7000000000000001,38.305247478804006,0,-0.011007966202106978,-0.6306845307599068,0.01211606382276322,9.22493144372578,-0.9418405048926783,0.8870635366567673,2.7200464103316335e-13,3.485693323292738e-14,False,False,False,False
10.0,1.2,10.0,14,0.7000000000000001,38.305247478804006,1,1.0675442691841814,46.871121086130024,53.263400944759354,9.22493144372578,48.38248448269027,2340.864804717771,5.9117155615240335e-12,5.401558546365551e-16,True,True,True,True
10.0,1.2,10.0,14,0.7000000000000001,38.305247478804006,2,8.504953452106482,83.2940355315876,98.6363803696345,9.22493144372578,93.85909287671578,8809.52931563996,1.8189894035458565e-12,2.8008976281168995e-17,True,True,True,True
10.0,1.2,10.0,15,0.75,40.545180022208676,0,-0.010216462060238296,-0.5853397930129794,0.010436520379565078,9.22493144372578,-0.950105992727253,0.9027013974150255,-1.213473765915296e-12,1.550258476617638e-13,False,False,False,False
10.0,1.2,10.0,15,0.75,40.545180022208676,1,1.1793091592177773,49.7035862906876,58.172473257814396,9.22493144372578,53.31128924713344,2842.09356119153,5.002220859751105e-12,3.2043308380901646e-16,True,True,True,True
10.0,1.2,10.0,15,0.75,40.545180022208676,2,7.659795777730232,82.56200061366906,98.32418537850536,9.22493144372578,93.54652870887641,8750.953033480639,0.0,2.3873329779306678e-17,True,True,True,True
10.0,1.2,10.0,16,0.8,42.785112565613346,0,-0.009483825561373393,-0.5433668880225733,0.008993485827234329,9.22493144372578,-0.9571529040511788,0.9161416817331376,-4.675149156696534e-13,5.955799862364296e-14,False,False,False,False
10.0,1.2,10.0,16,0.8,42.785112565613346,1,1.3114165427093691,52.673239453056084,63.2327710813492,9.22493144372578,58.388447560572395,3409.210808533719,6.366462912410498e-12,3.5470044202482854e-16,True,True,True,True
10.0,1.2,10.0,16,0.8,42.785112565613346,2,6.858419662902575,81.70437817935186,97.91831121262612,9.22493144372578,93.14017088640213,8675.091432748193,1.8189894035458565e-12,6.039154709283443e-17,True,True,True,True
10.0,1.2,10.0,17,0.8500000000000001,45.025045109018016,0,-0.008802400657496268,-0.5043273820521718,0.007747625430001769,9.22493144372578,-0.9631972046368391,0.9277488550197871,-4.3376413572104866e-13,5.512986655190089e-14,False,False,False,False
10.0,1.2,10.0,17,0.8500000000000001,45.025045109018016,1,1.4735351410552309,55.83761241225377,68.46724790022373,9.22493144372578,63.63753914131135,4049.736387961935,9.094947017729282e-13,1.7034900400840157e-16,True,True,True,True
10.0,1.2,10.0,17,0.8500000000000001,45.025045109018016,2,6.081298916285536,80.66193363754397,97.36718754599309,9.22493144372578,92.58838368564739,8572.608793520658,3.637978807091713e-12,3.4080562376768625e-17,True,True,True,True
10.0,1.2,10.0,18,0.9,47.26497765242267,0,-0.0081656614215464,-0.4678475381887813,0.006667358078854774,9.22493144372578,-0.968408890015896,0.9378157782611072,-7.12652159506888e-13,9.006010548096458e-14,False,False,False,False
10.0,1.2,10.0,18,0.9,47.26497765242267,1,1.6850525675962604,59.31284796014324,73.95427830994099,9.22493144372578,69.13751043718179,4779.995349451426,4.547473508864641e-12,2.2921291100910673e-16,True,True,True,True
10.0,1.2,10.0,18,0.9,47.26497765242267,2,5.301033409027969,79.31712262336708,96.56368667968934,9.22493144372578,91.78390114555009,8424.284509496112,1.8189894035458565e-12,4.2695912254037606e-17,True,True,True,True
10.0,1.2,10.0,19,0.9500000000000001,49.50491019582735,0,-0.007568021271125769,-0.4336073999470388,0.005727166572865244,9.22493144372578,-0.9729230420528163,0.9465792457568778,-4.284350652028479e-13,5.403916377825881e-14,False,False,False,False
10.0,1.2,10.0,19,0.9500000000000001,49.50491019582735,1,1.997544657060616,63.40678500692063,79.9606614034416,9.22493144372578,75.15589042545976,5648.407865643714,0.0,4.7684952750730374e-17,True,True,True,True
10.0,1.2,10.0,19,0.9500000000000001,49.50491019582735,2,4.459460806910448,77.36094125564273,95.21228505173467,9.22493144372578,90.43080908051519,8177.731230956586,-2.7284841053187847e-12,7.335272117298431e-17,True,True,True,True
10.0,1.2,10.0,20,1.0,51.74484273923201,0,-0.007004674760868745,-0.4013317369022358,0.004906306120346735,9.22493144372578,-0.9768479315534917,0.954231881383177,2.841837876133013e-12,3.5724719372816343e-13,False,False,False,False
10.0,1.2,10.0,20,1.0,51.74484273923201,1,2.981060858219211,71.45591795225793,89.88542599002271,9.22493144372578,85.09676352737691,7241.459162834305,0.0,1.8616512697306506e-16,True,True,True,True
10.0,1.3,2.0,0,0.0,3.599073400496852,0,0.2004901015767042,11.336930650395004,3.864297687947349,3.8642976879473485,0.0,1.7763568394002505e-15,1.7763568394002505e-15,1.1102230246251565e-16,True,True,True,True
10.0,1.3,2.0,1,0.05,5.829598591318566,0,-0.04754853330046416,-2.722279948220479,0.22557630477709598,3.8642976879473485,-0.34758626649193114,0.12081621265747805,3.678279902885606e-12,3.3384406350478457e-13,False,False,False,False
10.0,1.3,2.0,1,0.05,5.829598591318566,1,0.2150524758233061,12.136753941358235,4.420327348959146,3.8642976879473485,1.5211654042326588,2.3139441870169435,-1.736477628355715e-11,2.0695351580271247e-13,True,True,True,True
10.0,1.3,2.0,1,0.05,5.829598591318566,2,58.187503583194,89.01542193480333,99.97047347762728,3.8642976879473485,97.89233685614161,9582.9096151563,0.0,1.4329894021009048e-17,True,True,True,True
10.0,1.3,2.0,2,0.1,8.06012378214028,0,-0.0420001480569514,-2.4050177268060606,0.1760906176410602,3.8642976879473485,-0.5522433735693437,0.30497274365499255,3.742839371767559e-12,3.8352654385676033e-13,False,False,False,False
10.0,1.3,2.0,2,0.1,8.06012378214028,1,0.24393371218408966,13.708652204439243,5.61618221950572,3.8642976879473485,3.0635847332296393,9.385551417653222,-2.4497737172168854e-11,1.4978812605986938e-13,True,True,True,True
10.0,1.3,2.0,2,0.1,8.06012378214028,2,41.870650230598315,88.63186052616926,99.9429923763658,3.8642976879473485,97.8648510940065,9577.529079652064,0.0,9.212672104700058e-18,True,True,True,True
10.0,1.3,2.0,3,0.15000000000000002,10.290648972961995,0,-0.03674912286308718,-2.1046225522841566,0.13486766460510513,3.8642976879473485,-0.6797937417738162,0.4621195313534478,-1.3981593660616909e-12,1.6342482922482304e-13,False,False,False,False
10.0,1.3,2.0,3,0.15000000000000002,10.290648972961995,1,0.2795188577823975,15.61668000608461,7.246875095875509,3.8642976879473485,4.861869515215651,23.63777518299548,1.2210676914037322e-11,4.069732740520722e-14,True,True,True,True
10.0,1.3,2.0,3,0.15000000000000002,10.290648972961995,2,32.57212035075691,88.24150876442296,99.90583298941053,3.8642976879473485,97.82768540054789,9570.256030828574,1.8189894035458565e-12,2.5827641981184155e-17,True,True,True,True
10.0,1.3,2.0,4,0.2,12.521174163783709,0,-0.032251111592863424,-1.8472123068563522,0.10390534439537101,3.8642976879473485,-0.7631425770726157,0.5823865929330063,-8.02680144573742e-12,1.0678680162357068e-12,False,False,False,False
10.0,1.3,2.0,4,0.2,12.521174163783709,1,0.3195690885401241,17.7222727722339,9.266141111890589,3.8642976879473485,6.975410992981562,48.65635852105853,5.050537765782792e-11,9.772026943733366e-14,True,True,True,True
10.0,1.3,2.0,4,0.2,12.521174163783709,2,26.540307627465037,87.84219950852592,99.85823403563572,3.8642976879473485,97.78007836151622,9560.943724384251,0.0,1.3474918547988366e-17,True,True,True,True
10.0,1.3,2.0,5,0.25,14.751699354605423,0,-0.028494165178162056,-1.6321537763448044,0.08112587740459183,3.8642976879473485,-0.8198128902354587,0.6720931749934246,-2.791655795419956e-12,3.987674022730682e-13,False,False,False,False
10.0,1.3,2.0,5,0.25,14.751699354605423,1,0.36320303004161314,19.96117492676061,11.65425611374687,3.8642976879473485,9.42179872033862,88.77029112658843,1.3983481039758772e-11,1.6750996957502973e-14,True,True,True,True
10.0,1.3,2.0,5,0.25,14.751699354605423,2,22.292421592975607,87.43153097350057,99.79917745514736,3.8642976879473485,97.7210117386052,9549.396135216617,1.8189894035458565e-12,1.1886355191455371e-17,True,True,True,True
10.0,1.3,2.0,6,0.30000000000000004,16.98222454542714,0,-0.025363025079022883,-1.452882807846059,0.06428694941159005,3.8642976879473485,-0.8596934187783214,0.7390727742907077,-5.051514762044462e-14,6.9072777740879925e-15,False,False,False,False
10.0,1.3,2.0,6,0.30000000000000004,16.98222454542714,1,0.4100928180103791,22.298181772479715,14.39646955567113,3.8642976879473485,12.202482709211319,148.90058426859858,-2.6432189770275727e-12,1.8734455991878686e-15,True,True,True,True
10.0,1.3,2.0,6,0.30000000000000004,16.98222454542714,2,19.124472052689615,87.00678551632018,99.72733129995066,3.8642976879473485,97.64915334977178,9535.357149927246,0.0,8.097563407835126e-18,True,True,True,True
10.0,1.3,2.0,7,0.35000000000000003,19.212749736248853,0,-0.022736708336266176,-1.3024930139335062,0.05166907985751712,3.8642976879473485,-0.8886135847589185,0.789634103016175,-1.920685832601521e-12,2.5948694758355425e-13,False,False,False,False
10.0,1.3,2.0,7,0.35000000000000003,19.212749736248853,1,0.4602176528620028,24.71272204011703,17.47815131768604,3.8642976879473485,15.310846192419033,234.42201112793245,2.0037305148434825e-11,1.0697326757962893e-14,True,True,True,True
10.0,1.3,2.0,7,0.35000000000000003,19.212749736248853,2,16.65915288928676,86.56482467506909,99.64096886345881,3.8642976879473485,97.56277618402838,9518.495296734814,0.0,7.414196786569717e-17,True,True,True,True
10.0,1.3,2.0,8,0.4,21.443274927070565,0,-0.020512557367080575,-1.1751181664404153,0.04205880410066018,3.8642976879473485,-0.9101413397946239,0.8283572584027326,-4.204414594255468e-13,5.589737853062351e-14,False,False,False,False
10.0,1.3,2.0,8,0.4,21.443274927070565,1,0.5137716471896425,27.192813597200185,20.883653978690255,3.8642976879473485,18.735583570110737,351.022091712604,5.684341886080801e-13,3.2482901765959645e-16,True,True,True,True
10.0,1.3,2.0,8,0.4,21.443274927070565,2,14.675886873760033,86.10194920740572,99.5378536144646,3.8642976879473485,97.45964331436976,9498.382074964175,-3.637978807091713e-12,6.323683835012561e-17,True,True,True,True
10.0,1.3,2.0,9,0.45,23.673800117892277,0,-0.01860897217831159,-1.0660925178296836,0.03461739676187046,3.8642976879473485,-0.9265355764533374,0.8584681744327028,-1.0154099783221682e-12,1.3313589444708486e-13,False,False,False,False
10.0,1.3,2.0,9,0.45,23.673800117892277,1,0.5711332744172894,29.73212514604672,24.596206113045827,3.8642976879473485,22.46244210533387,504.5613053354901,1.4154011296341196e-11,4.133829584961367e-15,True,True,True,True
10.0,1.3,2.0,9,0.45,23.673800117892277,2,13.036931346656923,85.61370671051185,99.41507325434453,3.8642976879473485,97.3368419244517,9474.4607958257,1.8189894035458565e-12,1.3645690456960566e-17,True,True,True,True
10.0,1.3,2.0,10,0.5,25.904325308713993,0,-0.01696248038325887,-0.9717853406319179,0.02876429784633914,3.8642976879473485,-0.9392709790956808,0.8822299721718406,4.818367926873179e-13,6.26357114869319e-14,False,False,False,False
10.0,1.3,2.0,10,0.5,25.904325308713993,1,0.6328699955284183,32.32849221089982,28.59817524821632,3.8642976879473485,26.475330991692545,700.9431511196623,-1.3415046851150692e-11,2.8689470086166164e-15,True,True,True,True
10.0,1.3,2.0,10,0.5,25.904325308713993,2,11.651636751639193,85.09461882600625,99.26879546090935,3.8642976879473485,97.19053900721684,9446.000872513338,-1.8189894035458565e-12,2.2198788382606638e-17,True,True,True,True
10.0,1.3,2.0,11,0.55,28.13485049953571,0,-0.015523920945293757,-0.8893837114283764,0.024093405830587368,3.8642976879473485,-0.9493374145303146,0.9012415266260956,-1.0068612610325545e-12,1.2966009534071664e-13,False,False,False,False
10.0,1.3,2.0,11,0.55,28.13485049953571,1,0.69977235281771,34.983265421537205,32.87154982232586,3.8642976879473485,30.757224504552532,946.0068592234462,-5.684341886080801e-13,2.377695253869637e-17,True,True,True,True
10.0,1.3,2.0,11,0.55,28.13485049953571,2,10.45767258536337,84.53778114263451,99.0938985330163,3.8642976879473485,97.01561194061772,9412.028960212525,-1.8189894035458565e-12,3.138729818563904e-17,True,True,True,True
10.0,1.3,2.0,12,0.6000000000000001,30.36537569035742,0,-0.01425508250882146,-0.8167007474912987,0.02031660924844907,3.8642976879473485,-0.9574162218518392,0.9166458218639028,-1.1473044736476368e-12,1.4685878653123097e-13,False,False,False,False
10.0,1.3,2.0,12,0.6000000000000001,30.36537569035742,1,0.7729230036312726,37.70126159280437,37.39866289387995,3.8642976879473485,35.29110967819486,1245.4624223183835,4.774847184307873e-12,7.616401783747876e-16,True,True,True,True
10.0,1.3,2.0,12,0.6000000000000001,30.36537569035742,2,9.41047648382474,83.93425350236834,98.88339354312173,3.8642976879473485,96.80507053151044,9371.221680610708,-1.8189894035458565e-12,7.584909557310494e-17,True,True,True,True
10.0,1.3,2.0,13,0.65,32.595900881179126,0,-0.013126050290733993,-0.7520240957746477,0.017226351640304217,3.8642976879473485,-0.9639871235006447,0.9292711742738888,-1.1585177261963508e-12,1.4749707306827773e-13,False,False,False,False
10.0,1.3,2.0,13,0.65,32.595900881179126,1,0.8538183835896063,40.491308968709966,42.16329514902269,3.8642976879473485,40.06121501644418,1604.9009485937834,1.0686562745831907e-11,1.4388334923406843e-15,True,True,True,True
10.0,1.3,2.0,13,0.65,32.595900881179126,2,8.476953541058293,83.27208803021779,98.62748109335153,3.8642976879473485,96.54911359273173,9321.731335542212,-1.8189894035458565e-12,1.162951444970674e-16,True,True,True,True
10.0,1.3,2.0,14,0.7000000000000001,34.82642607200085,0,-0.012113196763853917,-0.6940011088215343,0.014670800944171163,3.8642976879473485,-0.9693948584481913,0.9397263915843762,-1.4126477765330492e-12,1.792117669545441e-13,False,False,False,False
10.0,1.3,2.0,14,0.7000000000000001,34.82642607200085,1,0.9445823934555695,43.367600260187835,47.15246650573129,3.8642976879473485,45.05487599647972,2029.941851058173,8.185452315956354e-12,8.944977494928556e-16,True,True,True,True
10.0,1.3,2.0,14,0.7000000000000001,34.82642607200085,2,7.63145761623613,82.53469179490087,98.31192703048194,3.8642976879473485,96.23350434668896,9260.887358844204,0.0,6.006803150442949e-19,True,True,True,True
10.0,1.3,2.0,15,0.75,37.05695126282256,0,-0.011197682663043551,-0.6415531434398051,0.012537237681847769,3.8642976879473485,-0.9738917737427331,0.9484651869635341,-2.327027459614328e-13,2.9478969268199026e-14,False,False,False,False
10.0,1.3,2.0,15,0.75,37.05695126282256,1,1.048360153478899,46.352456521224035,52.359605205575505,3.8642976879473485,50.2657495453833,2526.645577359203,1.3642420526593924e-12,1.3503466397452963e-16,True,True,True,True
10.0,1.3,2.0,15,0.75,37.05695126282256,2,6.852966442401215,81.69786894737992,97.91506600466346,3.8642976879473485,95.83657340301886,9184.64880163222,-1.8189894035458565e-12,7.246023393199385e-18,True,True,True,True
10.0,1.3,2.0,16,0.8,39.287476453644274,0,-0.01036434213919879,-0.5938118002750713,0.010740805024986835,3.8642976879473485,-0.9776656890570119,0.9558301995587929,-5.290212712338871e-13,6.669814930762703e-14,False,False,False,False
10.0,1.3,2.0,16,0.8,39.287476453644274,1,1.1701072054181396,49.48205325609037,57.79078437991378,3.8642976879473485,55.70007998021501,3102.4989098023498,9.094947017729282e-13,1.9857962044310656e-16,True,True,True,True
10.0,1.3,2.0,16,0.8,39.287476453644274,2,6.122689219880419,80.72395944648767,97.40174188617719,3.8642976879473485,95.32315798494663,9086.504448223091,-3.637978807091713e-12,2.528305613795199e-18,True,True,True,True
10.0,1.3,2.0,17,0.8500000000000001,41.518001644466,0,-0.009600851185731951,-0.5500713519024043,0.009216784779537343,3.8642976879473485,-0.9808585201203175,0.9620834364921953,-4.239941731043473e-13,5.3361303002658333e-14,False,False,False,False
10.0,1.3,2.0,17,0.8500000000000001,41.518001644466,1,1.3183851159720192,52.81954798538393,63.4788487612375,3.8642976879473485,61.39084674135968,3768.836063621115,2.2737367544323206e-12,1.9678828123609206e-16,True,True,True,True
10.0,1.3,2.0,17,0.8500000000000001,41.518001644466,2,5.421184414314846,79.54861552461327,96.70936165215004,3.8642976879473485,94.63065303532925,8954.960493892868,0.0,6.911286331665425e-17,True,True,True,True
10.0,1.3,2.0,18,0.9,43.748526835287706,0,-0.008897103599819989,-0.5097530360237588,0.00791521869013054,3.8642976879473485,-0.9835789725105659,0.9674275951645281,-4.1244785364824565e-13,5.172769540643951e-14,False,False,False,False
10.0,1.3,2.0,18,0.9,43.748526835287706,1,1.51034313685403,56.491409564274356,69.52275428933311,3.8642976879473485,67.43712405000592,4547.765700135888,1.8189894035458565e-12,1.4515373565819852e-16,True,True,True,True
10.0,1.3,2.0,18,0.9,43.748526835287706,2,4.72262374463469,78.0444030648787,95.70873926592722,3.8642976879473485,93.62984715179829,8766.548277669108,-1.8189894035458565e-12,1.9087860257496993e-17,True,True,True,True
10.0,1.3,2.0,19,0.9500000000000001,45.97905202610942,0,-0.008244739086547215,-0.47237804962662455,0.0067971102220449695,3.8642976879473485,-0.9859113511911173,0.9720211924072467,-2.4791280139879746e-13,3.089994141874641e-14,False,False,False,False
10.0,1.3,2.0,19,0.9500000000000001,45.97905202610942,1,1.7915823819746552,60.83123952999648,76.24571864610179,3.8642976879473485,74.1622724087346,5500.042648827356,0.0,2.2834924103371026e-17,True,True,True,True
10.0,1.3,2.0,19,0.9500000000000001,45.97905202610942,2,3.97439307948118,75.8769294233424,94.04613070441486,3.8642976879473485,91.96692486573549,8457.915269259836,-1.8189894035458565e-12,2.236965171123171e-17,True,True,True,True
10.0,1.3,2.0,20,1.0,48.20957721693113,0,-0.007636783392274804,-0.43754695158531404,0.005831705950275435,3.8642976879473485,-0.9879217765427633,0.9759894365685393,1.1298739721610218e-12,1.413063773870677e-13,False,False,False,False
10.0,1.3,2.0,20,1.0,48.20957721693113,1,2.6664308477084333,69.44228885839142,87.66932097798828,3.8642976879473485,85.58879883813867,7325.442486555369,1.8189894035458565e-12,3.7284264672435303e-17,True,True,True,True
10.0,1.3,5.0,0,0.0,5.663493740846902,0,0.2778793329659503,15.529512727791028,7.168187018926878,7.168187018926879,3.552713678800501e-15,-7.105427357601002e-15,-7.105427357601014e-15,4.685720263960503e-17,True,True,True,True
10.0,1.3,5.0,1,0.05,7.737222991314307,0,-0.036047033221253244,-2.064449003333258,0.12977023843644378,7.168187018926879,-0.2617619941670186,0.06851934159445461,4.160324862390041e-12,4.975464484857639e-13,False,False,False,False
10.0,1.3,5.0,1,0.05,7.737222991314307,1,0.2886629452031553,16.10146907232577,7.691708051964945,7.168187018926879,1.9884006116320645,3.953736992303142,-3.5626168681801573e-11,1.4320469249987066e-13,True,True,True,True
10.0,1.3,5.0,1,0.05,7.737222991314307,2,41.23483383075228,88.61077284070221,99.94122181695548,7.168187018926879,96.22322027646322,9258.908120372762,-1.8189894035458565e-12,2.848436485725228e-17,True,True,True,True
10.0,1.3,5.0,2,0.1,9.810952241781711,0,-0.033375170488925576,-1.9115468616217952,0.11126626080546645,7.168187018926879,-0.44640853777940404,0.19928058259983672,-2.5088819910479288e-12,3.2346347822453936e-13,False,False,False,False
10.0,1.3,5.0,2,0.1,9.810952241781711,1,0.3125504848807594,17.356659822842378,8.899416127327088,7.168187018926879,3.894279475165158,15.165412630708431,1.581312858434103e-11,4.113017930103432e-14,True,True,True,True
10.0,1.3,5.0,2,0.1,9.810952241781711,2,32.317099550684034,88.22764096859609,99.90434237074948,7.168187018926879,96.18631623200953,9251.807430284143,3.637978807091713e-12,1.3586841011843153e-16,True,True,True,True
10.0,1.3,5.0,3,0.15000000000000002,11.884681492249117,0,-0.030448122135137368,-1.7440100752655838,0.09262294452212173,7.168187018926879,-0.5759505453207658,0.3317190306518276,-3.459899033941838e-12,4.881650639276813e-13,False,False,False,False
10.0,1.3,5.0,3,0.15000000000000002,11.884681492249117,1,0.34368177721581183,18.966911935465212,10.563934424250746,7.168187018926879,5.949683032630677,35.39872818880679,3.342393029015511e-11,5.657126543518349e-14,True,True,True,True
10.0,1.3,5.0,3,0.15000000000000002,11.884681492249117,2,26.470651032377077,87.83652672045841,99.85748801426614,7.168187018926879,96.1394305968783,9242.790115491975,-5.4569682106375694e-12,7.133241797451644e-17,True,True,True,True
10.0,1.3,5.0,4,0.2,13.958410742716522,0,-0.027660507731301465,-1.584426351122225,0.0764518751836848,7.168187018926879,-0.6686988178807909,0.44715810903063574,-4.5313752750075764e-12,7.031042414951116e-13,False,False,False,False
10.0,1.3,5.0,4,0.2,13.958410742716522,1,0.3797906764869028,20.79631024777733,12.60582021161478,7.168187018926879,8.233301149293164,67.78724781498616,3.40349970429088e-11,3.858739316349274e-14,True,True,True,True
10.0,1.3,5.0,4,0.2,13.958410742716522,2,22.3258387111878,87.43537029838073,99.79977698125337,7.168187018926879,96.08168099566431,9231.689422952597,-3.637978807091713e-12,2.164146279476661e-17,True,True,True,True
10.0,1.3,5.0,5,0.25,16.032139993183925,0,-0.02513699516982193,-1.4399404995971001,0.06314695204524429,7.168187018926879,-0.736565707755489,0.5425290418373574,-3.987032926033862e-12,5.917144401439575e-13,False,False,False,False
10.0,1.3,5.0,5,0.25,16.032139993183925,1,0.41987811335725755,22.776469064300713,14.98750193562764,7.168187018926879,10.775024903168099,116.10116166393256,3.986144747614162e-11,3.131743901527997e-14,True,True,True,True
10.0,1.3,5.0,5,0.25,16.032139993183925,2,19.22148014678513,87.0218645838503,99.73006918526254,7.168187018926879,96.01192655220748,9218.290040266489,5.4569682106375694e-12,2.6456380329623777e-17,True,True,True,True
10.0,1.3,5.0,6,0.30000000000000004,18.10586924365133,0,-0.022897084826196235,-1.3116771285709874,0.05240017717265373,7.168187018926879,-0.7872873725147957,0.6198214069214096,1.588729148238599e-13,2.2750209733079504e-14,False,False,False,False
10.0,1.3,5.0,6,0.30000000000000004,18.10586924365133,1,0.4635240132880849,24.86885539914012,17.685616587657137,7.168187018926879,13.584549672006487,184.5399897911957,-1.5859313862165436e-11,8.75661751233769e-15,True,True,True,True
10.0,1.3,5.0,6,0.30000000000000004,18.10586924365133,2,16.79911605368848,86.59337742475213,99.64690549766524,7.168187018926879,95.92870712393656,9202.316850469997,0.0,4.932951559811864e-17,True,True,True,True
10.0,1.3,5.0,7,0.35000000000000003,20.179598494118736,0,-0.02092137454982712,-1.1985316163973865,0.043751241215934204,7.168187018926879,-0.8259500966896978,0.6821935622222618,5.406786129924512e-13,7.536937476092743e-14,False,False,False,False
10.0,1.3,5.0,7,0.35000000000000003,20.179598494118736,1,0.5106355809991303,27.050473536645473,20.682051648291672,7.168187018926879,16.661608285069438,277.6091906450882,-6.366462912410498e-12,2.4681838789956825e-15,True,True,True,True
10.0,1.3,5.0,7,0.35000000000000003,20.179598494118736,2,14.847431637783092,86.14685018350798,99.54842310163266,7.168187018926879,95.8301585946667,9183.419296278971,0.0,1.4200299036867644e-17,True,True,True,True
10.0,1.3,5.0,8,0.4,22.25332774458614,0,-0.01917853540221781,-1.0987144406686735,0.03676809811454071,7.168187018926879,-0.8559567426447912,0.7326619452788552,-2.2604140781368187e-13,3.0728087020869646e-14,False,False,False,False
10.0,1.3,5.0,8,0.4,22.25332774458614,1,0.5613456410747997,29.307485992359886,23.960671383495583,7.168187018926879,20.000413975504333,400.0165591915503,1.2505552149377763e-12,4.853345187371468e-16,True,True,True,True
10.0,1.3,5.0,8,0.4,22.25332774458614,2,13.2336541224172,85.67866161266132,99.43223626700399,7.168187018926879,95.71389356280662,9161.149420952273,0.0,9.213267344259472e-19,True,True,True,True
10.0,1.3,5.0,9,0.45,24.327056995053542,0,-0.017636085017836756,-1.0103684952017524,0.03109347842456504,7.168187018926879,-0.8796278936571575,0.7737452312979483,-1.7793544415667384e-12,2.387016895147415e-13,False,False,False,False
10.0,1.3,5.0,9,0.45,24.327056995053542,1,0.6159759625645069,31.632070896784054,27.506098925056627,7.168187018926879,23.59193443839922,556.5793705457413,1.4097167877480388e-11,3.4489569483753324e-15,True,True,True,True
10.0,1.3,5.0,9,0.45,24.327056995053542,2,11.870022408333334,85.18444007562437,99.2952656111628,7.168187018926879,95.57683047734119,9134.930524094412,-3.637978807091713e-12,6.509562180756024e-17,True,True,True,True
10.0,1.3,5.0,10,0.5,26.400786245520948,0,-0.016264366525385654,-0.931797401483137,0.026445966105884428,7.168187018926879,-0.8985768782036163,0.8074404060418103,-3.4638958368304884e-13,4.567954682386774e-14,False,False,False,False
10.0,1.3,5.0,10,0.5,26.400786245520948,1,0.6750375007941085,34.02082605671635,31.3033768565402,7.168187018926879,27.425279512946524,752.1459563632443,0.0,7.233139818413805e-17,True,True,True,True
10.0,1.3,5.0,10,0.5,26.400786245520948,2,10.696037775092226,84.65879677377843,99.1334880999381,7.168187018926879,95.41494345456557,9104.011434437945,0.0,1.3550607399702497e-17,True,True,True,True
10.0,1.3,5.0,11,0.55,28.474515495988356,0,-0.015037688871250232,-0.8615311699219843,0.02260809624287511,7.168187018926879,-0.9139464508445847,0.8352981150101013,-1.31161748129216e-12,1.7184121025191885e-13,False,False,False,False
10.0,1.3,5.0,11,0.55,28.474515495988356,1,0.7392603350964686,36.47404730553004,35.3381039912666,7.168187018926879,31.488753595405257,991.5416029921626,1.5120349416974932e-11,2.5546692886984244e-15,True,True,True,True
10.0,1.3,5.0,11,0.55,28.474515495988356,2,9.668439451330876,84.09493417078188,98.94156061287951,7.168187018926879,95.22288556387221,9067.397935110299,-3.637978807091713e-12,8.760815502295632e-17,True,True,True,True
10.0,1.3,5.0,12,0.6000000000000001,30.54824474645576,0,-0.013934323140883276,-0.7983262399181487,0.019412766852563917,7.168187018926879,-0.926560482925366,0.8585143285173665,-1.520894521434002e-12,1.9780405336229718e-13,False,False,False,False
10.0,1.3,5.0,12,0.6000000000000001,30.54824474645576,1,0.8096576369254382,38.995625897813845,39.59694815846515,7.168187018926879,35.77088187336814,1279.55598999847,1.2732925824820995e-11,1.6293091468717833e-15,True,True,True,True
10.0,1.3,5.0,12,0.6000000000000001,30.54824474645576,2,8.755216199026261,83.48404921271542,98.71223319101456,7.168187018926879,94.99340163607222,9023.74635439213,0.0,5.347672102362969e-17,True,True,True,True
10.0,1.3,5.0,13,0.65,32.62197399692317,0,-0.012936084055919395,-0.7411416802314474,0.01673142719516228,7.168187018926879,-0.9370228486254759,0.8780118188451858,-1.0157430452295557e-12,1.3104460123564185e-13,False,False,False,False
10.0,1.3,5.0,13,0.65,32.62197399692317,1,0.8876400307104393,41.593542826321986,44.068611119028475,7.168187018926879,40.2616770077321,1621.002635474952,8.640199666842818e-12,1.0245460747702182e-15,True,True,True,True
10.0,1.3,5.0,13,0.65,32.62197399692317,2,7.93182667973365,82.81438221604603,98.43539449270186,7.168187018926879,94.71637299746472,8971.191313794863,0.0,6.848876123022648e-17,True,True,True,True
10.0,1.3,5.0,14,0.7000000000000001,34.69570324739057,0,-0.012027805562537353,-0.6891092661083136,0.014464718081642349,7.168187018926879,-0.9457830189906258,0.8945055190110257,3.3306690738754696e-15,4.810867812928436e-16,False,False,False,False
10.0,1.3,5.0,14,0.7000000000000001,34.69570324739057,1,0.9752174570281853,44.28116237996995,48.74552332393386,7.168187018926879,44.95451877504005,2020.9087582954323,3.865352482534945e-12,4.751971386320079e-16,True,True,True,True
10.0,1.3,5.0,14,0.7000000000000001,34.69570324739057,2,7.178646423114005,82.06961549500639,98.09643333452567,7.168187018926879,94.37717775852525,8907.051681664274,1.8189894035458565e-12,2.8337039660083045e-17,True,True,True,True
10.0,1.3,5.0,15,0.75,36.76943249785797,0,-0.011196834791466603,-0.6415045700669384,0.012535339390404954,7.168187018926879,-0.9531803247533583,0.908552731496058,-8.597567102697212e-13,1.0994310192643009e-13,False,False,False,False
10.0,1.3,5.0,15,0.75,36.76943249785797,1,1.075371768537769,47.079910302583684,53.62693998512751,7.168187018926879,49.84936825431262,2484.959515354074,2.7284841053187847e-12,2.6773313883712366e-16,True,True,True,True
10.0,1.3,5.0,15,0.75,36.76943249785797,2,6.479039453296805,81.2259823412384,97.67322557743844,7.168187018926879,93.9536753697344,8827.293115481432,-3.637978807091713e-12,4.720026514293387e-17,True,True,True,True
10.0,1.3,5.0,16,0.8,38.84316174832538,0,-0.010432587906175517,-0.5977215719348715,0.010882704580516654,7.168187018926879,-0.9594743231111518,0.9205909767090573,-5.455635943008019e-13,6.928022004070587e-14,False,False,False,False
10.0,1.3,5.0,16,0.8,38.84316174832538,1,1.1928037628003152,50.02484807633622,58.725114828020644,7.168187018926879,54.959021476616,3020.494041667136,-2.7284841053187847e-12,3.1067403627145746e-17,True,True,True,True
10.0,1.3,5.0,16,0.8,38.84316174832538,2,5.817553668360074,80.24654226558009,97.13005972528804,7.168187018926879,93.41012745916709,8725.45191193784,0.0,2.8269816544643644e-17,True,True,True,True
10.0,1.3,5.0,17,0.8500000000000001,40.91689099879279,0,-0.009726176935880737,-0.5572513179504583,0.009458956975496138,7.168187018926879,-0.9648659620583926,0.9309663247384387,-4.2887915441269797e-13,5.443881456844108e-14,False,False,False,False
10.0,1.3,5.0,17,0.8500000000000001,40.91689099879279,1,1.335632340228212,53.1774704926806,64.0793469042004,7.168187018926879,60.32321733143124,3638.8905492150857,-4.547473508864641e-13,1.1584533507311984e-16,True,True,True,True
10.0,1.3,5.0,17,0.8500000000000001,40.91689099879279,2,5.177485567252742,79.06827500234925,96.40370003440368,7.168187018926879,92.6832498521108,8590.184803148795,-1.8189894035458565e-12,7.412782702203732e-17,True,True,True,True
10.0,1.3,5.0,18,0.9,42.99062024926018,0,-0.009070102993748108,-0.5196643712338709,0.008226000105275001,7.168187018926879,-0.9695125524641266,0.9399545893853378,-1.6797674362578618e-13,2.1258622849762852e-14,False,False,False,False
10.0,1.3,5.0,18,0.9,42.99062024926018,1,1.5201058082767673,56.66112387427627,69.79510511083411,7.168187018926879,66.04782770613554,4362.315544699364,-9.094947017729282e-13,4.77068102316658e-17,True,True,True,True
10.0,1.3,5.0,18,0.9,42.99062024926018,2,4.5356457690040575,77.5665828331009,95.36437894645361,7.168187018926879,91.64317341399715,8398.47123338795,-3.637978807091713e-12,2.0685916860419282e-17,True,True,True,True
10.0,1.3,5.0,19,0.9500000000000001,45.06434949972759,0,-0.008458006741127289,-0.4845965339109836,0.007153276073104212,7.168187018926879,-0.973538509163552,0.9477772288243549,-3.652633751016765e-14,4.541701260143323e-15,False,False,False,False
10.0,1.3,5.0,19,0.9500000000000001,45.06434949972759,1,1.789373380229568,60.80114628502704,76.20099928058282,7.168187018926879,72.46198199799812,5250.738835078202,-1.8189894035458565e-12,2.2183625611268395e-17,True,True,True,True
10.0,1.3,5.0,19,0.9500000000000001,45.06434949972759,2,3.8432086902175113,75.41509126737563,93.65894765492034,7.168187018926879,89.93646482102068,8088.5677045026905,9.094947017729282e-13,2.4975300269615512e-17,True,True,True,True
10.0,1.3,5.0,20,1.0,47.13807875019499,0,-0.007884466318849093,-0.45173728321760853,0.006216094490978992,7.168187018926879,-0.9770431586856372,0.9546133339351051,6.978861932793734e-13,8.788533583336536e-14,False,False,False,False
10.0,1.3,5.0,20,1.0,47.13807875019499,1,2.61945939862672,69.10523599791881,87.27989049540179,7.168187018926879,83.55216753920782,6980.964700499852,0.0,4.550087389048901e-17,True,True,True,True
10.0,1.3,10.0,0,0.0,7.940223104390188,0,0.37857953860686333,20.735640360562194,12.535611883965005,12.535611883965009,-3.552713678800501e-15,-2.842170943040401e-14,-2.842170943040402e-14,2.206597726968329e-17,True,True,True,True
10.0,1.3,10.0,1,0.05,9.811160808645571,0,-0.0277570791688575,-1.5899552419549001,0.0769862299386541,12.535611883965009,-0.18632224462289626,0.03471597883560773,-5.706664307769671e-12,8.859579736508749e-13,False,False,False,False
10.0,1.3,10.0,1,0.05,9.811160808645571,1,0.38634966210721977,21.124022473491564,12.98794651842287,12.535611883965009,2.416363811890662,5.83881407146265,4.787992224919435e-11,7.242163199848029e-14,True,True,True,True
10.0,1.3,10.0,1,0.05,9.811160808645571,2,29.45372554658875,88.05546569910788,99.88486186196651,12.535611883965009,93.36969358170167,8717.899679540862,0.0,4.112268669316666e-17,True,True,True,True
10.0,1.3,10.0,2,0.1,11.682098512900954,0,-0.026556986096981205,-1.521245655759231,0.0704776450393927,12.535611883965009,-0.3403887476010219,0.115864499491806,-1.586189513069769e-12,2.5701663020072374e-13,False,False,False,False
10.0,1.3,10.0,2,0.1,11.682098512900954,1,0.40510160335303347,22.052948419306432,14.097266443129302,12.535611883965009,4.678726639047749,21.890482962948226,1.3180567748349858e-11,1.517511005808224e-14,True,True,True,True
10.0,1.3,10.0,2,0.1,11.682098512900954,2,24.55546973857889,87.6679681773691,99.83442916228971,12.535611883965009,93.31914875533633,8708.463524420587,-1.8189894035458565e-12,3.885526122444016e-17,True,True,True,True
10.0,1.3,10.0,3,0.15000000000000002,13.55303621715634,0,-0.02506016009680856,-1.4355409456458668,0.06276174730091519,12.535611883965009,-0.460625070516016,0.21217545558964124,1.7565393584106914e-12,3.0125901773203623e-13,False,False,False,False
10.0,1.3,10.0,3,0.15000000000000002,13.55303621715634,1,0.4309596672737088,23.31409330695244,15.663500508225017,12.535611883965009,6.981702144652759,48.744164836634326,-1.461586407458526e-11,1.2456817336412792e-14,True,True,True,True
10.0,1.3,10.0,3,0.15000000000000002,13.55303621715634,2,20.980913938522324,87.27121266377343,99.77334477926564,12.535611883965009,93.2579284012271,8697.041209688403,1.8189894035458565e-12,1.0985172136478868e-16,True,True,True,True
10.0,1.3,10.0,4,0.2,15.423973921411722,0,-0.023481153284104828,-1.3451237997532455,0.05510607241981432,12.535611883965009,-0.5548444655927249,0.30785238099834156,-5.349609644156317e-13,8.873056404903069e-14,False,False,False,False
10.0,1.3,10.0,4,0.2,15.423973921411722,1,0.4620553111140966,24.79954868243346,17.593405088852844,12.535611883965009,9.411712422844186,88.58033073032954,9.961809155356605e-12,6.550121388494377e-15,True,True,True,True
10.0,1.3,10.0,4,0.2,15.423973921411722,2,18.2476702246931,86.8632419960179,99.70057860366911,12.535611883965009,93.18500001848332,8683.444228444732,-3.637978807091713e-12,1.1303447334623248e-16,True,True,True,True
10.0,1.3,10.0,5,0.25,17.294911625667105,0,-0.02192857328470499,-1.2562133705422973,0.04806312088614906,12.535611883965009,-0.6292656893517692,0.3959753077948207,-5.365707878013382e-13,8.423803298996636e-14,False,False,False,False
10.0,1.3,10.0,5,0.25,17.294911625667105,1,0.4974432528124906,26.44773870701132,19.836452881567187,12.535611883965009,12.010011674294917,144.2403804167106,1.0402345651527867e-11,5.2479635179887356e-15,True,True,True,True
10.0,1.3,10.0,5,0.25,17.294911625667105,2,16.081947661086733,86.44184236547672,99.61483507477077,12.535611883965009,93.09906502810564,8667.43590910744,-1.8189894035458565e-12,2.1446573263730995e-17,True,True,True,True
10.0,1.3,10.0,6,0.30000000000000004,19.16584932992249,0,-0.02045379625864996,-1.1717528148974823,0.04181828313488244,12.535611883965009,-0.6886182128748695,0.4741950431027552,-2.2387647291566282e-13,3.377924953327583e-14,False,False,False,False
10.0,1.3,10.0,6,0.30000000000000004,19.16584932992249,1,0.5366714732132136,28.22118636945786,22.361229188888665,12.535611883965009,14.796251692486278,218.92906414741088,7.844391802791506e-12,3.21372505736617e-15,True,True,True,True
10.0,1.3,10.0,6,0.30000000000000004,19.16584932992249,2,14.316714007857824,86.00446911098723,99.51448839453278,12.535611883965009,92.99849382933759,8648.719854525338,-3.637978807091713e-12,1.0592009750428062e-17,True,True,True,True
10.0,1.3,10.0,7,0.35000000000000003,21.036787034177877,0,-0.019077730869227594,-1.092940878839854,0.036382739656668994,12.535611883965009,-0.7364383542526893,0.5423414496146391,2.2959412149248237e-13,3.348558928177277e-14,False,False,False,False
10.0,1.3,10.0,7,0.35000000000000003,21.036787034177877,1,0.5795922809202922,30.09624982550003,25.145622385648437,12.535611883965009,17.778656512049825,316.08062737344346,-8.185452315956354e-12,2.337566706175972e-15,True,True,True,True
10.0,1.3,10.0,7,0.35000000000000003,21.036787034177877,2,12.844192669169228,85.54814908026795,99.39749339897958,12.535611883965009,92.88123645261678,8626.924084966908,0.0,2.3892071270369727e-17,True,True,True,True
10.0,1.3,10.0,8,0.4,22.90772473843326,0,-0.017805387827466213,-1.0200657864430656,0.03169313583561557,12.535611883965009,-0.7753601463998279,0.6011833566251751,1.2545520178264269e-14,1.7734124952720477e-15,False,False,False,False
10.0,1.3,10.0,8,0.4,22.90772473843326,1,0.6262767427401217,32.05795668996802,28.172403622058678,12.535611883965009,20.958974655551852,439.27861861206,-4.888534022029489e-12,1.0911572360105157e-15,True,True,True,True
10.0,1.3,10.0,8,0.4,22.90772473843326,2,11.59162799085196,85.06934900278083,99.26126118387477,12.535611883965009,92.74469787848078,8601.578984570675,-1.8189894035458565e-12,1.4050950813287102e-17,True,True,True,True
10.0,1.3,10.0,9,0.45,24.778662442688642,0,-0.016633783111104528,-0.9529576871044578,0.027660620842345614,12.535611883965009,-0.8073510632436169,0.6518157393188699,-1.7288392939462938e-12,2.410506125849566e-13,False,False,False,False
10.0,1.3,10.0,9,0.45,24.778662442688642,1,0.6769811300496351,34.09725888523932,31.427166294091283,12.535611883965009,24.335180112438746,592.2009911048541,1.9895196601282805e-11,4.043538356520639e-15,True,True,True,True
10.0,1.3,10.0,9,0.45,24.778662442688642,2,10.50801640555764,84.56379344273905,99.10248224601798,12.535611883965009,92.58556073950984,8572.086057449467,0.0,9.325056276643647e-17,True,True,True,True
10.0,1.3,10.0,10,0.5,26.649600146944024,0,-0.015556206005230333,-0.8912330624975116,0.024193699760150695,12.535611883965009,-0.8338899851688653,0.6953725073646446,-2.856603842360528e-13,3.92679451701784e-14,False,False,False,False
10.0,1.3,10.0,10,0.5,26.649600146944024,1,0.732145856807628,36.209568707924944,34.897425109962974,12.535611883965009,27.903151066800824,778.5858394567103,2.3874235921539366e-12,6.099828118544165e-16,True,True,True,True
10.0,1.3,10.0,10,0.5,26.649600146944024,2,9.556408132159165,84.02620585931965,98.9168690073144,12.535611883965009,92.39952719972817,8537.672626733307,1.8189894035458565e-12,1.4488158082578553e-17,True,True,True,True
10.0,1.3,10.0,11,0.55,28.520537851199414,0,-0.014564500653231338,-0.8344254207412003,0.021207969194134167,12.535611883965009,-0.8560975935389867,0.7329030896621084,-1.1357581541915351e-12,1.5343153016969483e-13,False,False,False,False
10.0,1.3,10.0,11,0.55,28.520537851199414,1,0.7924217753925706,38.39407153280325,38.57238299425372,12.535611883965009,31.657910272962738,1002.2232828509619,2.2737367544323206e-12,5.291381153754251e-16,True,True,True,True
10.0,1.3,10.0,11,0.55,28.520537851199414,2,8.709211635461662,83.44992841209974,98.69877004497613,12.535611883965009,92.18093221056242,8497.3242632083,-3.637978807091713e-12,4.5388878712621165e-17,True,True,True,True
10.0,1.3,10.0,12,0.6000000000000001,30.391475555454797,0,-0.013650259338647608,-0.7820536785323233,0.018629486776786656,12.535611883965009,-0.8748307932973711,0.7653289169011809,-1.2678746941219288e-13,1.6942122196936192e-14,False,False,False,False
10.0,1.3,10.0,12,0.6000000000000001,30.391475555454797,1,0.8587281644566063,40.65361528735212,42.44319631257484,12.535611883965009,35.5947702259525,1266.9876674383609,6.139089236967266e-12,8.050518660425721e-16,True,True,True,True
10.0,1.3,10.0,12,0.6000000000000001,30.391475555454797,2,7.945190787087755,82.82634267242227,98.44057150502228,12.535611883965009,91.92214339831986,8449.680446941276,-3.637978807091713e-12,4.9563218641080987e-17,True,True,True,True
10.0,1.3,10.0,13,0.65,32.26241325971018,0,-0.012805419480109048,-0.7336563915011594,0.016395188343368942,12.535611883965009,-0.8907509165910628,0.7934371954075448,-2.736699755701011e-13,3.6230302680819415e-14,False,False,False,False
10.0,1.3,10.0,13,0.65,32.26241325971018,1,0.9323575472672732,42.995171642558276,46.50376981681683,12.535611883965009,39.710674444927534,1576.9376648710254,4.774847184307873e-12,6.880873639018898e-16,True,True,True,True
10.0,1.3,10.0,13,0.65,32.26241325971018,2,7.247439639368942,82.14394693204187,98.13172746233435,12.535611883965009,91.61258892659035,8392.866449832418,-7.275957614183426e-12,4.505448589836583e-18,True,True,True,True
10.0,1.3,10.0,14,0.7000000000000001,34.13335096396556,0,-0.012022535465763262,-0.6888073554632393,0.014452046984041771,12.535611883965009,-0.9043731146374343,0.8178907304787327,-2.8110846983508964e-13,3.7012885378621437e-14,False,False,False,False
10.0,1.3,10.0,14,0.7000000000000001,34.13335096396556,1,1.015161553934466,45.43107048111785,50.752331529360376,12.535611883965009,44.00612427032978,1936.5389732957146,7.048583938740194e-12,6.473949586357793e-16,True,True,True,True
10.0,1.3,10.0,14,0.7000000000000001,34.13335096396556,2,6.601907572312216,81.38680390225481,97.75710242864386,12.535611883965009,91.23709568602824,8324.207629221477,3.637978807091713e-12,6.3498738935195434e-18,True,True,True,True
10.0,1.3,10.0,15,0.75,36.004288668220944,0,-0.011294875503262247,-0.6471211787404593,0.012755793953049278,12.535611883965009,-0.9161023215161843,0.8392434634870587,-2.836619827917275e-13,3.689758695871813e-14,False,False,False,False
10.0,1.3,10.0,15,0.75,36.004288668220944,1,1.1098945615740794,47.98157550250406,55.19444142866072,12.535611883965009,48.48842395219689,2351.1272573679844,3.183231456205249e-12,3.2128839285829627e-16,True,True,True,True
10.0,1.3,10.0,15,0.75,36.004288668220944,2,5.996168431384923,80.53174078662214,97.29393562355371,12.535611883965009,90.77284555683278,8239.709490484613,-3.637978807091713e-12,2.9332318514053166e-17,True,True,True,True
10.0,1.3,10.0,16,0.8,37.875226372476334,0,-0.010616426879705099,-0.6082536026154116,0.011269581791331243,12.535611883965009,-0.9262596259809641,0.8579568947215728,-8.227862835497035e-13,1.0648531754119761e-13,False,False,False,False
10.0,1.3,10.0,16,0.8,37.875226372476334,1,1.220902883248745,50.680261661710304,59.84909443268266,12.535611883965009,53.17795369569421,2827.894759261401,3.637978807091713e-12,4.2815390035408663e-16,True,True,True,True
10.0,1.3,10.0,16,0.8,37.875226372476334,2,5.418106981592464,79.54281015546353,96.70574566615704,12.535611883965009,90.18326379518163,8133.021068751317,-9.094947017729282e-13,8.047029064549129e-17,True,True,True,True
10.0,1.3,10.0,17,0.8500000000000001,39.746164076731716,0,-0.009981855868385292,-0.5718992192783835,0.00996275199455217,12.535611883965009,-0.935101763547024,0.874415308188339,-4.154454558147336e-13,5.346994971603856e-14,False,False,False,False
10.0,1.3,10.0,17,0.8500000000000001,39.746164076731716,1,1.3556917728763986,53.58637181838269,64.76267889989313,12.535611883965009,58.12227176604385,3378.1984752458575,-9.094947017729282e-13,3.8866506136757665e-17,True,True,True,True
10.0,1.3,10.0,17,0.8500000000000001,39.746164076731716,2,4.853903808936875,78.35881460930335,95.92840212171757,12.535611883965009,89.40405273432073,7993.0846453212025,9.094947017729282e-13,1.0716721241306047e-17,True,True,True,True
10.0,1.3,10.0,18,0.9,41.6171017809871,0,-0.009386447714565316,-0.5377880450254702,0.008809763882049959,12.535611883965009,-0.9428356443183192,0.8889390521968735,-2.666755705149626e-13,3.405494528756958e-14,False,False,False,False
10.0,1.3,10.0,18,0.9,41.6171017809871,1,1.529267176023135,56.819007172299095,70.04784642969605,12.535611883965009,63.435165840787946,4024.0202652482703,4.547473508864641e-13,1.4635456839498941e-16,True,True,True,True
10.0,1.3,10.0,18,0.9,41.6171017809871,2,4.283366279298138,76.85902781071314,94.83130054553045,12.535611883965009,88.30425942839747,7797.642233197725,9.094947017729282e-13,7.408000394367648e-17,True,True,True,True
10.0,1.3,10.0,19,0.9500000000000001,43.48803948524248,0,-0.008826040438496996,-0.5056817365116109,0.007789292204204288,12.535611883965009,-0.9496292729458558,0.9017957560353883,-2.8632651805082787e-13,3.6517109707936e-14,False,False,False,False
10.0,1.3,10.0,19,0.9500000000000001,43.48803948524248,1,1.7814183136745818,60.692303811753774,76.03901543134394,12.535611883965009,69.4526489223168,4823.670442326592,-9.094947017729282e-13,4.04435357200995e-17,True,True,True,True
10.0,1.3,10.0,19,0.9500000000000001,43.48803948524248,2,3.6624030923412803,74.72795094823624,93.06191373863945,12.535611883965009,86.53038745921162,7487.507953841287,-9.094947017729282e-13,2.5932308134199844e-17,True,True,True,True
10.0,1.3,10.0,20,1.0,45.358977189497864,0,-0.008296959618103505,-0.4753698610273601,0.00688348003485237,12.535611883965009,-0.9556200260381225,0.9132096341654063,3.0453417565468044e-13,3.8812476050583575e-14,False,False,False,False
10.0,1.3,10.0,20,1.0,45.358977189497864,1,2.54977957743046,68.58534705572727,86.66911225087414,12.535611883965009,80.1197281138416,6419.1708330359015,9.094947017729282e-13,7.50431215335241e-18,True,True,True,True
10.0,1.4,2.0,0,0.0,3.9147921311411835,0,0.2176199001660531,12.27727966402808,4.521701453968776,4.521701453968774,-2.6645352591003757e-15,5.329070518200751e-15,5.329070518200744e-15,1.31277142435035e-16,True,True,True,True
10.0,1.4,2.0,1,0.05,5.900872566285364,0,-0.044629792330361795,-2.555403008425861,0.19878589095711863,4.521701453968774,-0.3109706539479189,0.09670274761842446,1.6281281878249843e-12,1.5085155347094314e-13,False,False,False,False
10.0,1.4,2.0,1,0.05,5.900872566285364,1,0.2299429541282283,12.949660202977356,5.021852006748193,4.521701453968774,1.54953893694654,2.401070917103713,-9.700240610754918e-12,9.068587055603e-14,True,True,True,True
10.0,1.4,2.0,1,0.05,5.900872566285364,2,43.70621557910107,88.68929890518028,99.9476777633408,4.521701453968774,97.55255369744437,9516.500732892766,0.0,5.38861013692537e-17,True,True,True,True
10.0,1.4,2.0,2,0.1,7.886953001429544,0,-0.040269734983143124,-2.306039864193062,0.16190260594846403,4.521701453968774,-0.5082632415810795,0.2583315227430456,5.388467450018197e-13,5.523359547510154e-14,False,False,False,False
10.0,1.4,2.0,2,0.1,7.886953001429544,1,0.2554416712908587,14.32931018434839,6.125362123918797,4.521701453968774,3.0770673777367232,9.468343647124133,-7.421618875014246e-12,3.9081935640752574e-14,True,True,True,True
10.0,1.4,2.0,2,0.1,7.886953001429544,2,32.53184501218703,88.23933307226854,99.90559990250951,4.521701453968774,97.51046561149865,9508.290903771263,3.637978807091713e-12,1.250285154578363e-16,True,True,True,True
10.0,1.4,2.0,3,0.15000000000000002,9.873033436573724,0,-0.035894029230554736,-2.055693848546508,0.12867235438075378,4.521701453968774,-0.6374025256634854,0.40628197971888286,-3.3073543903583413e-12,3.797517855730348e-13,False,False,False,False
10.0,1.4,2.0,3,0.15000000000000002,9.873033436573724,1,0.2874732447346098,16.03852736753927,7.633266857007082,4.521701453968774,4.802423208566136,23.06326867419205,1.738698074404965e-11,5.332280704296822e-14,True,True,True,True
10.0,1.4,2.0,3,0.15000000000000002,9.873033436573724,2,25.8133827443107,87.78149405953896,99.85014926527634,4.521701453968774,97.45500148601815,9497.477314639798,-1.8189894035458565e-12,2.7128213666690086e-17,True,True,True,True
10.0,1.4,2.0,4,0.2,11.859113871717902,0,-0.03198526200776097,-1.8319959445973077,0.10220114097928587,4.521701453968774,-0.725065281004178,0.525719661715712,-1.9555468355747507e-12,2.5157653738006047e-13,False,False,False,False
10.0,1.4,2.0,4,0.2,11.859113871717902,1,0.3238659481719699,17.945373112362027,9.493183289824636,4.521701453968774,6.789382652317515,46.09571679960885,1.8829382497642655e-11,3.526514331822373e-14,True,True,True,True
10.0,1.4,2.0,4,0.2,11.859113871717902,2,21.311384709224903,87.31346486424503,99.7803043356367,4.521701453968774,97.38513954488923,9483.865404177546,-1.8189894035458565e-12,2.1690828128616465e-17,True,True,True,True
10.0,1.4,2.0,5,0.25,13.845194306862084,0,-0.028616481770642466,-1.6391562909537316,0.0818232975467532,4.521701453968774,-0.7865232614491173,0.6186188407996808,-8.75854944126786e-13,1.2589929099249275e-13,False,False,False,False
10.0,1.4,2.0,5,0.25,13.845194306862084,1,0.36372309937910163,19.98749560131218,11.683753108156857,4.521701453968774,9.060668562968267,82.09571480796393,2.4868995751603507e-12,3.0663974433536196e-15,True,True,True,True
10.0,1.4,2.0,5,0.25,13.845194306862084,2,18.07121500313515,86.83267538358945,99.6947206314172,4.521701453968774,97.29953496252926,9467.199503924458,3.637978807091713e-12,5.890372557370704e-18,True,True,True,True
10.0,1.4,2.0,6,0.30000000000000004,15.831274742006265,0,-0.025740659939724075,-1.474505573873329,0.0662142850480344,4.521701453968774,-0.8308666780813212,0.6903394367451735,-7.16315895488151e-13,1.0081862622398886e-13,False,False,False,False
10.0,1.4,2.0,6,0.30000000000000004,15.831274742006265,1,0.40668128968483064,22.130655668543874,14.191791418908883,4.521701453968774,11.623136598040162,135.09730437670513,4.490630090003833e-12,3.610579949067806e-15,True,True,True,True
10.0,1.4,2.0,6,0.30000000000000004,15.831274742006265,2,15.617105192085743,86.33621827226435,99.59166002278648,4.521701453968774,97.19644916346591,9447.149729986215,1.8189894035458565e-12,1.0632336500990032e-16,True,True,True,True
10.0,1.4,2.0,7,0.35000000000000003,17.817355177150443,0,-0.02328320629470415,-1.333788470053423,0.05418139738370793,4.521701453968774,-0.8636903358449275,0.7459609962311508,-7.72937269744034e-13,1.062210960484959e-13,False,False,False,False
10.0,1.4,2.0,7,0.35000000000000003,17.817355177150443,1,0.45266995831648416,24.354834213754792,17.006255708639035,4.521701453968774,14.475997094039538,209.55449186664407,2.8990143619012088e-12,1.7054734969985876e-15,True,True,True,True
10.0,1.4,2.0,7,0.35000000000000003,17.817355177150443,2,13.685228772850483,85.82074000466083,99.46889161865727,4.521701453968774,97.07365068203913,9423.293656738555,-1.8189894035458565e-12,9.11308627048425e-17,True,True,True,True
10.0,1.4,2.0,8,0.4,19.80343561229462,0,-0.021171612807105333,-1.2128628642410846,0.044803636229444735,4.521701453968774,-0.8885438197995355,0.7895101197025854,-1.3639089857520048e-12,1.8368062706843355e-13,False,False,False,False
10.0,1.4,2.0,8,0.4,19.80343561229462,1,0.501819288916237,26.64838053950057,20.116476486700215,4.521701453968774,17.61428545374139,310.26305204589875,1.3130829756846651e-11,5.2298393838415324e-15,True,True,True,True
10.0,1.4,2.0,8,0.4,19.80343561229462,2,12.11738402148834,85.28229555061831,99.32355187323611,4.521701453968774,96.92827523101556,9395.090539259505,0.0,1.2917709651473228e-17,True,True,True,True
10.0,1.4,2.0,9,0.45,21.789516047438802,0,-0.019343690497790167,-1.108173621322684,0.0374038404996563,4.521701453968774,-0.907743342141295,0.8239979752000397,-1.80855330711438e-12,2.400914697117381e-13,False,False,False,False
10.0,1.4,2.0,9,0.45,21.789516047438802,1,0.5544275920518871,29.005195249841,23.51172683354349,4.521701453968774,21.030657078221992,442.2885371417914,2.262368070660159e-11,6.949927819411378e-15,True,True,True,True
10.0,1.4,2.0,9,0.45,21.789516047438802,2,10.812806348788236,84.71614871712104,99.1519442861629,4.521701453968774,96.75662534700427,9361.844548540552,1.8189894035458565e-12,4.406348029078226e-17,True,True,True,True
10.0,1.4,2.0,10,0.5,23.775596482582984,0,-0.01774852197498955,-1.0168086424216787,0.031491083222525716,4.521701453968774,-0.9228401699781317,0.8516339793242633,-1.0036416142611415e-12,1.3167622271759237e-13,False,False,False,False
10.0,1.4,2.0,10,0.5,23.775596482582984,1,0.6109615725902295,31.423326979400965,27.18132225939672,4.521701453968774,24.716535989876945,610.907151338894,1.1709744285326451e-11,2.6579290880138833e-15,True,True,True,True
10.0,1.4,2.0,10,0.5,23.775596482582984,2,9.704112884471128,84.11648931594499,98.94924658056932,4.521701453968774,96.55387748784264,9322.651257937323,-3.637978807091713e-12,2.7532046353750335e-17,True,True,True,True
10.0,1.4,2.0,11,0.55,25.761676917727165,0,-0.016345152038059307,-0.9364248402203621,0.026709263761113572,4.521701453968774,-0.9348984770348161,0.8740351623608078,-1.2108092306561957e-12,1.5735640688264082e-13,False,False,False,False
10.0,1.4,2.0,11,0.55,25.761676917727165,1,0.672082979583752,33.904375929264376,31.115032158030857,4.521701453968774,28.663061135795342,821.571073674348,6.59383658785373e-12,1.2491116088400814e-15,True,True,True,True
10.0,1.4,2.0,11,0.55,25.761676917727165,2,8.744345921142893,83.47601888819797,98.70907085903463,4.521701453968774,96.3136420662481,9276.317648065355,0.0,3.148336136687653e-17,True,True,True,True
10.0,1.4,2.0,12,0.6000000000000001,27.747757352871346,0,-0.015100801191301638,-0.8651464185365968,0.02279822088793717,4.521701453968774,-0.9446645193362342,0.8923910540928675,1.0902390101819037e-13,1.4139595173873338e-14,False,False,False,False
10.0,1.4,2.0,12,0.6000000000000001,27.747757352871346,1,0.7387055507185747,36.45348790434786,35.30380227696643,4.521701453968774,32.86209920884254,1079.9175644118136,4.320099833421409e-12,6.935919394695734e-16,True,True,True,True
10.0,1.4,2.0,12,0.6000000000000001,27.747757352871346,2,7.899537833454629,82.78532033396331,98.42278005222894,4.521701453968774,96.02727970644001,9221.238447818863,-1.8189894035458565e-12,9.41743824752733e-18,True,True,True,True
10.0,1.4,2.0,13,0.65,29.73383778801552,0,-0.01398919830276446,-0.801469742327928,0.0195659379069636,4.521701453968774,-0.9526722298716996,0.9075843775674375,-1.2790879466706429e-12,1.6415052551613098e-13,False,False,False,False
10.0,1.4,2.0,13,0.65,29.73383778801552,1,0.8120968388255478,39.079942128697716,39.740932129136326,4.521701453968774,37.30758800405266,1391.8561226801446,1.0459189070388675e-11,1.3508181879472418e-15,True,True,True,True
10.0,1.4,2.0,13,0.65,29.73383778801552,2,7.14418743120914,82.0318545305221,98.07837959321368,4.521701453968774,95.68279260356579,9155.196800416987,3.637978807091713e-12,9.960922153555468e-17,True,True,True,True
10.0,1.4,2.0,14,0.7000000000000001,31.719918223159706,0,-0.01298919204194604,-0.7441840324820957,0.016869064856647933,4.521701453968774,-0.959310690340226,0.9202770006004647,-5.762057497804562e-13,7.355468782539425e-14,False,False,False,False
10.0,1.4,2.0,14,0.7000000000000001,31.719918223159706,1,0.894057950920853,41.79855946233928,44.424054852988824,4.521701453968774,41.9976154526323,1763.7997037071843,4.774847184307873e-12,5.235611663931353e-16,True,True,True,True
10.0,1.4,2.0,14,0.7000000000000001,31.719918223159706,2,6.45831919791055,81.19827271400874,97.65862175372003,4.521701453968774,95.26292831469094,9075.025511089943,-1.8189894035458565e-12,8.46700809388481e-17,True,True,True,True
10.0,1.4,2.0,15,0.75,33.70599865830388,0,-0.01208364710448162,-0.6923082858351457,0.014599321021606167,4.521701453968774,-0.9648682014590071,0.9309706461861025,-6.366018823200648e-13,8.105295309318602e-14,False,False,False,False
10.0,1.4,2.0,15,0.75,33.70599865830388,1,0.9872552715181235,44.63255392874207,49.3587032073202,4.521701453968774,46.938047512005795,2203.1803042393167,3.183231456205249e-12,2.6785318015472035e-16,True,True,True,True
10.0,1.4,2.0,15,0.75,33.70599865830388,2,5.825366439506006,80.25937249589968,97.1375324751899,4.521701453968774,94.74170557694802,8975.9907756291,-3.637978807091713e-12,8.627955133068439e-17,True,True,True,True
10.0,1.4,2.0,16,0.8,35.692079093448065,0,-0.011258584309877584,-0.6450421109101597,0.012673965568622868,4.521701453968774,-0.9695616645051701,0.9400498212777663,-2.6978419498391304e-13,3.4155321223703244e-14,False,False,False,False
10.0,1.4,2.0,16,0.8,35.692079093448065,1,1.095885469561841,47.619420160679965,54.56538304403386,4.521701453968774,52.149642472590386,2719.5852100190054,2.2737367544323206e-12,9.994402233285639e-17,True,True,True,True
10.0,1.4,2.0,16,0.8,35.692079093448065,2,5.230316986733859,79.17607505831513,96.47343634391169,4.521701453968774,94.07743721713024,8850.564193343085,3.637978807091713e-12,4.734034304268229e-17,True,True,True,True
10.0,1.4,2.0,17,0.8500000000000001,37.67815952859224,0,-0.010502515777988108,-0.6017277049078793,0.011029067229276707,4.521701453968774,-0.973556546912898,0.9478123500365213,-4.4431125445498765e-13,5.613800521530322e-14,False,False,False,False
10.0,1.4,2.0,17,0.8500000000000001,37.67815952859224,1,1.2271879709405131,50.82440428121693,60.09561594843838,4.521701453968774,57.68412376786829,3327.4581348667507,3.183231456205249e-12,1.7705078513498418e-16,True,True,True,True
10.0,1.4,2.0,17,0.8500000000000001,37.67815952859224,2,4.657387454174259,77.88185730759552,95.59301646263107,4.521701453968774,93.19678522077788,8685.640775487804,0.0,1.6626857143151442e-17,True,True,True,True
10.0,1.4,2.0,18,0.9,39.66423996373642,0,-0.009805931480345143,-0.5618204809551918,0.009614704705367348,4.521701453968774,-0.9769806915484818,0.9544912716582578,-2.9187763317395365e-13,3.688861292955272e-14,False,False,False,False
10.0,1.4,2.0,18,0.9,39.66423996373642,1,1.3956385774683426,54.377725089296774,66.07647696074773,4.521701453968774,63.6687483528309,4053.7095168161077,0.0,8.886337125702504e-17,True,True,True,True
10.0,1.4,2.0,18,0.9,39.66423996373642,2,4.085260598514911,76.24546007558084,94.3468823616702,4.521701453968774,91.9503149883212,8454.860426451485,0.0,8.383048458991734e-17,True,True,True,True
10.0,1.4,2.0,19,0.9500000000000001,41.6503203988806,0,-0.009160901690718815,-0.5248663211095957,0.008391507745583265,4.521701453968774,-0.9799340258159317,0.9602706949517635,-5.551115123125783e-14,6.9278676301804866e-15,False,False,False,False
10.0,1.4,2.0,19,0.9500000000000001,41.6503203988806,1,1.639659318756967,58.62170362137362,72.88858085217142,4.521701453968774,70.48436062216985,4968.045092316088,9.094947017729282e-13,3.96180685168403e-17,True,True,True,True
10.0,1.4,2.0,19,0.9500000000000001,41.6503203988806,2,3.469969173951217,73.9237063648027,92.33169179311284,4.521701453968774,89.934561128886,8088.225285445331,-2.7284841053187847e-12,3.183517997793018e-17,True,True,True,True
10.0,1.4,2.0,20,1.0,43.636400834024776,0,-0.008560767759837606,-0.49048388027555484,0.007328137408452575,4.521701453968774,-0.9824954924811964,0.9652973927463592,4.904965322793942e-13,6.165322650829257e-14,False,False,False,False
10.0,1.4,2.0,20,1.0,43.636400834024776,1,2.383109490825856,67.23611269731242,85.02817139379533,4.521701453968774,82.6287689641658,6827.5134605334915,1.8189894035458565e-12,6.44250020742251e-17,True,True,True,True
10.0,1.4,5.0,0,0.0,6.147346452367506,0,0.30952140094510733,17.19841528389148,8.742762534440423,8.742762534440427,1.7763568394002505e-15,-2.842170943040401e-14,-2.842170943040401e-14,7.693935511923419e-17,True,True,True,True
10.0,1.4,5.0,1,0.05,7.962266342987281,0,-0.032989257398288174,-1.8894599894987805,0.10871080137104393,8.742762534440427,-0.22124859428512011,0.04895094047691706,3.77537584528298e-12,4.729550084903167e-13,False,False,False,False
10.0,1.4,5.0,1,0.05,7.962266342987281,1,0.31825244311518475,17.653798649890195,9.196951989960695,8.742762534440427,2.031060875579339,4.125208280275842,-3.326849906670759e-11,9.61039147781307e-14,True,True,True,True
10.0,1.4,5.0,1,0.05,7.962266342987281,2,30.362089953817055,88.1135990460354,99.89164079213785,8.742762534440427,95.36553553257662,9094.585367415135,1.8189894035458565e-12,8.495531636015574e-17,True,True,True,True
10.0,1.4,5.0,2,0.1,9.777186233607058,0,-0.031117365678177578,-1.782318604030647,0.09673537673378835,8.742762534440427,-0.39058761122322805,0.1525586820411312,6.367129046225273e-14,8.43769498715119e-15,False,False,False,False
10.0,1.4,5.0,2,0.1,9.777186233607058,1,0.33843782386808474,18.69776370380128,10.27689846190727,8.742762534440427,3.9485040446852935,15.590684190887657,-8.464340339742193e-12,1.7186114202533048e-14,True,True,True,True
10.0,1.4,5.0,2,0.1,9.777186233607058,2,24.56863738298294,87.66921665892161,99.83460629777616,8.742762534440427,95.30844267202119,9083.699244565949,0.0,4.1046325290701954e-17,True,True,True,True
10.0,1.4,5.0,3,0.15000000000000002,11.592106124226834,0,-0.028927089891925384,-1.6569381051789642,0.08360769200718624,8.742762534440427,-0.516202454565005,0.2664649740991192,1.8313128791191957e-13,2.603472992745992e-14,False,False,False,False
10.0,1.4,5.0,3,0.15000000000000002,11.592106124226834,1,0.3654507503662421,20.074868744786645,11.781901998260485,8.742762534440427,5.954764946592556,35.45922556916443,-3.0198066269804258e-12,4.230954315894547e-15,True,True,True,True
10.0,1.4,5.0,3,0.15000000000000002,11.592106124226834,2,20.56089771113227,87.21555608397624,99.76401208604145,8.742762534440427,95.23777612090714,9070.234000456028,-1.8189894035458565e-12,7.747972259614865e-17,True,True,True,True
10.0,1.4,5.0,4,0.2,13.40702601484661,0,-0.02673148970666972,-1.5312368831525742,0.07140622926302426,8.742762534440427,-0.6104454734894791,0.37264367610506327,1.268984917146554e-12,1.954547634852588e-13,False,False,False,False
10.0,1.4,5.0,4,0.2,13.40702601484661,1,0.397284819711885,21.66717338585764,13.631924833532253,8.742762534440427,8.129542976001556,66.0894689986448,-1.1425527191022411e-11,1.148713896980257e-14,True,True,True,True
10.0,1.4,5.0,4,0.2,13.40702601484661,2,17.613029278748296,86.75045487658244,99.6786826506631,8.742762534440427,95.15235910329747,9053.971442922875,-1.8189894035458565e-12,4.6939531400263824e-17,True,True,True,True
10.0,1.4,5.0,5,0.25,15.221945905466384,0,-0.02466120251594983,-1.412696479461881,0.060780525762512055,8.742762534440427,-0.6821674814166139,0.46535247270114644,-1.139810468231417e-12,1.7473123610761046e-13,False,False,False,False
10.0,1.4,5.0,5,0.25,15.221945905466384,1,0.43298604434483234,23.411938231798718,15.787836571201835,8.742762534440427,10.508123509105083,110.420659682619,1.2079226507921703e-11,8.760306897082706e-15,True,True,True,True
10.0,1.4,5.0,5,0.25,15.221945905466384,2,15.345222399292197,86.27148582901859,99.57712383824632,8.742762534440427,95.05069584573641,9034.634780758692,-1.8189894035458565e-12,7.40715787362722e-18,True,True,True,True
10.0,1.4,5.0,6,0.30000000000000004,17.03686579608616,0,-0.02276221142061008,-1.3039534771857784,0.051784996123116316,8.742762534440427,-0.7375734385835515,0.5440145773044411,4.770628336814298e-13,7.019633463717102e-14,False,False,False,False
10.0,1.4,5.0,6,0.30000000000000004,17.03686579608616,1,0.47211537891983024,25.27271654975099,18.226692244271028,8.742762534440427,13.106330270014098,171.77589314668347,-4.348521542851813e-12,2.5064214993185606e-15,True,True,True,True
10.0,1.4,5.0,6,0.30000000000000004,17.03686579608616,2,13.539364549330287,85.77587751055326,99.45744877164469,8.742762534440427,94.93089741589353,9011.875284186905,3.637978807091713e-12,7.728907409743702e-17,True,True,True,True
10.0,1.4,5.0,7,0.35000000000000003,18.851785686705938,0,-0.021041887149101157,-1.2054334413232681,0.04425650642385531,8.742762534440427,-0.7810073230172425,0.6099724386066976,1.38222766565832e-13,1.967231456501907e-14,False,False,False,False
10.0,1.4,5.0,7,0.35000000000000003,18.851785686705938,1,0.514533741559259,27.227348881992725,20.932676328505696,8.742762534440427,15.930261568790169,253.77323365007516,2.1600499167107046e-12,7.12197120813761e-16,True,True,True,True
10.0,1.4,5.0,7,0.35000000000000003,18.851785686705938,2,12.061177158691057,85.26041027903693,99.31727563092709,8.742762534440427,94.79057938584502,8985.253940304188,1.8189894035458565e-12,8.654428109232344e-18,True,True,True,True
10.0,1.4,5.0,8,0.4,20.666705577325715,0,-0.019490846938518658,-1.116601886577823,0.037974885040729836,8.742762534440427,-0.815532408984897,0.6650931101045352,-1.7408297026122455e-13,2.4208571840176617e-14,False,False,False,False
10.0,1.4,5.0,8,0.4,20.666705577325715,1,0.5603097827944286,29.262336463406637,23.89343254366135,8.742762534440427,18.980742170204543,360.2685733317806,-4.547473508864641e-13,3.656714854962208e-17,True,True,True,True
10.0,1.4,5.0,8,0.4,20.666705577325715,2,10.823369982474292,84.72127662085938,99.15358488213639,8.742762534440427,94.62671889524704,8954.215928880103,0.0,2.2271949825747208e-17,True,True,True,True
10.0,1.4,5.0,9,0.45,22.481625467945488,0,-0.01809333331665597,-1.0365585339637697,0.032726157530770565,8.742762534440427,-0.8433331186259727,0.7112107489713324,-7.66053886991358e-14,1.0596856926058937e-14,False,False,False,False
10.0,1.4,5.0,9,0.45,22.481625467945488,1,0.6096840265026318,31.369994867304925,27.0985384914546,8.742762534440427,22.25567706753154,495.3151617342487,-5.684341886080801e-13,2.327099812095576e-16,True,True,True,True
10.0,1.4,5.0,9,0.45,22.481625467945488,2,9.766629933454078,84.15388850381436,98.96251634054069,8.742762534440427,94.4354514772989,8918.054495721279,3.637978807091713e-12,5.736553921251556e-17,True,True,True,True
10.0,1.4,5.0,10,0.5,24.296545358565265,0,-0.016832067667833073,-0.9643153752623514,0.02832382553363077,8.742762534440427,-0.8659873382917256,0.7499340700807013,-8.861800182558e-13,1.1976629240475513e-13,False,False,False,False
10.0,1.4,5.0,10,0.5,24.296545358565265,1,0.663065744664566,33.54699475663177,30.53897085440802,8.742762534440427,25.75151865965906,663.1407132787687,0.0,5.381671302783319e-17,True,True,True,True
10.0,1.4,5.0,10,0.5,24.296545358565265,2,8.849113013023615,83.55260387407097,98.73907409463989,8.742762534440427,94.21177563462301,8875.858668228548,1.8189894035458565e-12,2.4866601947617558e-17,True,True,True,True
10.0,1.4,5.0,11,0.55,26.11146524918504,0,-0.015690423081786253,-0.898921257915305,0.024612878219402737,8.742762534440427,-0.8846502219863748,0.7826060152595333,-1.0088596624768797e-12,1.3466018133973767e-13,False,False,False,False
10.0,1.4,5.0,11,0.55,26.11146524918504,1,0.7210559455189887,35.79371268474579,34.207136103366516,8.742762534440427,29.46439663717875,868.1506691929947,4.092726157978177e-12,6.321302811886085e-16,True,True,True,True
10.0,1.4,5.0,11,0.55,26.11146524918504,2,8.040293037820923,82.91032562699866,98.4766851823172,8.742762534440427,93.94911098961789,8826.435455739545,3.637978807091713e-12,5.814647149219963e-17,True,True,True,True
10.0,1.4,5.0,12,0.6000000000000001,27.926385139804818,0,-0.014653297574324764,-0.8395120239677489,0.021467303539436024,8.742762534440427,-0.9001787994147006,0.810321870914821,-8.707479182135103e-13,1.1519823950042551e-13,False,False,False,False
10.0,1.4,5.0,12,0.6000000000000001,27.926385139804818,1,0.7844997049743363,38.114173720083784,38.097352313440744,8.742762534440427,33.39123479860207,1114.9745613753823,8.412825991399586e-12,1.1486699514863317e-15,True,True,True,True
10.0,1.4,5.0,12,0.6000000000000001,27.926385139804818,2,7.317170193233819,82.21789120030974,98.16651624767259,8.742762534440427,93.63861411838012,8768.190054010895,-1.8189894035458565e-12,4.79929847810855e-17,True,True,True,True
10.0,1.4,5.0,13,0.65,29.74130503042459,0,-0.013707366382015529,-0.7853250589891476,0.01878565963992749,8.742762534440427,-0.9132171866056611,0.8339656299116066,-3.5227376571356217e-13,4.61503313159444e-14,False,False,False,False
10.0,1.4,5.0,13,0.65,29.74130503042459,1,0.854581325540571,40.51658180878817,42.20686246432424,8.742762534440427,37.53114744694159,1408.587028684082,1.1823431123048067e-11,1.3021080270237072e-15,True,True,True,True
10.0,1.4,5.0,13,0.65,29.74130503042459,2,6.661805482450141,81.46310109678558,97.79636918833677,8.742762534440427,93.268072852453,8698.933413610483,1.8189894035458565e-12,4.765950446338986e-17,True,True,True,True
10.0,1.4,5.0,14,0.7000000000000001,31.55622492104437,0,-0.012841048975539504,-0.7356974755889415,0.016486535372546945,8.742762534440427,-0.9242554878573341,0.854248206834603,2.042810365310288e-13,2.6392931304220287e-14,False,False,False,False
10.0,1.4,5.0,14,0.7000000000000001,31.55622492104437,1,0.9329933180842989,43.014652527781514,46.537687957518706,8.742762534440427,41.88753334765016,1754.5654499505017,-2.7284841053187847e-12,4.838477199645813e-16,True,True,True,True
10.0,1.4,5.0,14,0.7000000000000001,31.55622492104437,2,6.059599116458177,80.62908557575186,97.34879807358423,8.742762534440427,92.82002087299155,8615.556274862587,0.0,7.701543920260546e-17,True,True,True,True
10.0,1.4,5.0,15,0.75,33.371144811664145,0,-0.01204435648515334,-0.6900574267638123,0.014504548189769904,8.742762534440427,-0.9336709947963389,0.8717415265230846,-9.005018952734645e-13,1.1638986090551147e-13,False,False,False,False
10.0,1.4,5.0,15,0.75,33.371144811664145,1,1.0222489467216926,45.630347374568814,51.100074940944225,8.742762534440427,46.47167949630679,2159.6169952074674,6.366462912410498e-12,5.704269235815724e-16,True,True,True,True
10.0,1.4,5.0,15,0.75,33.371144811664145,2,5.4979318366889345,79.69136024556572,96.79766916232626,8.742762534440427,92.26829342330979,8513.437971249992,0.0,1.9256343456981333e-17,True,True,True,True
10.0,1.4,5.0,16,0.8,35.18606470228392,0,-0.01130870018108654,-0.6479131732711219,0.012787034686904519,8.742762534440427,-0.9417573547977078,0.8869069153149297,-6.460387780293786e-13,8.314175240072247e-14,False,False,False,False
10.0,1.4,5.0,16,0.8,35.18606470228392,1,1.12630912122928,48.399545744386415,55.91941116609587,8.742762534440427,51.3097878769486,2632.694331977467,5.4569682106375694e-12,4.1508209701377937e-16,True,True,True,True
10.0,1.4,5.0,16,0.8,35.18606470228392,2,4.964815544331687,78.61200396109304,96.10127231929157,8.742762534440427,91.57112996846485,8385.271843701483,1.8189894035458565e-12,5.112939048059562e-17,True,True,True,True
10.0,1.4,5.0,17,0.8500000000000001,37.0009845929037,0,-0.010626698883919206,-0.6088420787135553,0.01129139781632582,8.742762534440427,-0.9487454727949174,0.9001179721486179,-2.334799020786704e-13,2.983357656428276e-14,False,False,False,False
10.0,1.4,5.0,17,0.8500000000000001,37.0009845929037,1,1.2520078714717302,51.38504246572878,61.05196629668044,8.742762534440427,56.45880446389061,3187.596601491835,9.094947017729282e-13,1.4174806961611108e-17,True,True,True,True
10.0,1.4,5.0,17,0.8500000000000001,37.0009845929037,2,4.446957896851769,77.32655199409854,95.1866229404287,8.742762534440427,90.65545581668528,8218.411669330979,1.8189894035458565e-12,3.835680576280876e-18,True,True,True,True
10.0,1.4,5.0,18,0.9,38.81590448352347,0,-0.009992001729795641,-0.572480476342865,0.009983013151806821,8.742762534440427,-0.9548186670367234,0.9116786869213002,-4.850564394587309e-13,6.210244415274799e-14,False,False,False,False
10.0,1.4,5.0,18,0.9,38.81590448352347,1,1.4130024225604794,54.71246603802875,66.62857703799264,8.742762534440427,62.05020912868923,3850.228452914071,2.7284841053187847e-12,5.032588050859688e-17,True,True,True,True
10.0,1.4,5.0,18,0.9,38.81590448352347,2,3.9254453001678353,75.70799690862081,93.90582827741096,8.742762534440427,89.3731908812438,7987.567248295243,2.7284841053187847e-12,4.7135900872883496e-17,True,True,True,True
10.0,1.4,5.0,19,0.9500000000000001,40.63082437414325,0,-0.009399132104882524,-0.5385147429437709,0.008833588040790005,8.742762534440427,-0.9601237842379975,0.9218376810592486,-2.441380431150719e-13,3.111853506310049e-14,False,False,False,False
10.0,1.4,5.0,19,0.9500000000000001,40.63082437414325,1,1.6454995985078529,58.71218977242238,73.0288755756449,8.742762534440427,68.46451258990328,4687.389484173027,2.7284841053187847e-12,2.982240941354836e-18,True,True,True,True
10.0,1.4,5.0,19,0.9500000000000001,40.63082437414325,2,3.359747865573042,73.42481667721103,91.86191672715826,8.742762534440427,87.32684366908012,7625.977625203957,-9.094947017729282e-13,1.5976383025609634e-17,True,True,True,True
10.0,1.4,5.0,20,1.0,42.44574426476303,0,-0.00884335348395382,-0.5066736235281434,0.007819878531390672,8.742762534440427,-0.9647794407131456,0.9307993692222141,-5.558886684298159e-13,7.052768258038519e-14,False,False,False,False
10.0,1.4,5.0,20,1.0,42.44574426476303,1,2.347887735449887,66.93013012796027,84.645094746618,8.742762534440427,80.10042676750699,6416.07836833675,0.0,7.077343623929772e-17,True,True,True,True
10.0,1.4,10.0,0,0.0,8.582788355660462,0,0.43074578379715556,23.303757385610385,15.650389541134771,15.650389541134771,3.552713678800501e-15,2.842170943040401e-14,2.8421709430403995e-14,5.312411469619821e-17,True,True,True,True
10.0,1.4,10.0,1,0.05,10.17622853300979,0,-0.025016808272811275,-1.4330586253273954,0.06254492645554574,15.650389541134771,-0.1451310563800965,0.02106302352389655,-2.1061936916755286e-12,3.4783287361506154e-13,False,False,False,False
10.0,1.4,10.0,1,0.05,10.17622853300979,1,0.43675738628236527,23.593655043802894,16.0198102680718,15.650389541134771,2.4278478914192014,5.8944453838904565,2.1794122062601673e-11,2.2609822654253058e-14,True,True,True,True
10.0,1.4,10.0,1,0.05,10.17622853300979,2,21.371976770325197,87.32107039492273,99.78154557821932,15.650389541134771,91.5934556709654,8389.361121749098,-5.4569682106375694e-12,8.165863457440559e-17,True,True,True,True
10.0,1.4,10.0,2,0.1,11.769668710359118,0,-0.024276786889310564,-1.3906842661569288,0.058901523824534965,15.650389541134771,-0.2790591606162507,0.07787401512330294,-5.434541705540141e-13,9.237055564881302e-14,False,False,False,False
10.0,1.4,10.0,2,0.1,11.769668710359118,1,0.45185925834189433,24.31627214027397,16.955715402853752,15.650389541134771,4.695671250418204,22.049328492013046,8.984812893686467e-12,7.609331117513592e-15,True,True,True,True
10.0,1.4,10.0,2,0.1,11.769668710359118,2,18.33901637088106,86.87883513483716,99.70354517411351,15.650389541134771,91.51517319381132,8375.026924693282,0.0,7.119559871669572e-17,True,True,True,True
10.0,1.4,10.0,3,0.15000000000000002,13.36310888770845,0,-0.023284766315492256,-1.3338778042285455,0.05418865421361434,15.650389541134771,-0.389102063037567,0.15140041546011462,2.3869795029440866e-14,4.274358644806853e-15,False,False,False,False
10.0,1.4,10.0,3,0.15000000000000002,13.36310888770845,1,0.4733170915211016,25.328993847294356,18.302593849830743,15.650389541134771,6.955052304842319,48.372752563093314,8.668621376273222e-13,5.898235731029303e-16,True,True,True,True
10.0,1.4,10.0,3,0.15000000000000002,13.36310888770845,2,16.010188350549722,86.42593558396061,99.61138808715778,15.650389541134771,91.42268221755565,8358.106823852164,-1.8189894035458565e-12,8.205827378103497e-17,True,True,True,True
10.0,1.4,10.0,4,0.2,14.956549065057779,0,-0.022177408121481612,-1.2704636260226037,0.04915956458472207,15.650389541134771,-0.4794884975847926,0.22990921931595565,-1.6603385333269216e-13,2.8780391581465376e-14,False,False,False,False
10.0,1.4,10.0,4,0.2,14.956549065057779,1,0.499663250402568,26.5496136334684,19.97844947963482,15.650389541134771,9.283931298696572,86.19138035891655,-1.2789769243681803e-12,6.780950257741215e-16,True,True,True,True
10.0,1.4,10.0,4,0.2,14.956549065057779,2,14.159895960804999,85.96036509476578,99.50372861993087,15.650389541134771,91.31463184013013,8338.361988098508,0.0,5.106127784392253e-17,True,True,True,True
10.0,1.4,10.0,5,0.25,16.549989242407108,0,-0.021036265018544498,-1.2051114594934147,0.044232870466548765,15.650389541134771,-0.5539572026386006,0.30686858235537273,1.8912649224489542e-13,3.1102841920046405e-14,False,False,False,False
10.0,1.4,10.0,5,0.25,16.549989242407108,1,0.5300920995339466,27.92770925100792,21.93584332497467,15.650389541134771,11.724978165667679,137.47511298537677,-7.048583938740194e-12,3.042957633830733e-15,True,True,True,True
10.0,1.4,10.0,5,0.25,16.549989242407108,2,12.649320742014549,85.47984717581132,99.37890249241498,15.650389541134771,91.18935131285326,8315.497792858974,1.8189894035458565e-12,1.3883063087434775e-16,True,True,True,True
10.0,1.4,10.0,6,0.30000000000000004,18.143429419756437,0,-0.019908513157107954,-1.140523114513175,0.03961918659180295,15.650389541134771,-0.6156155148101252,0.37898246207500697,7.144285163462882e-14,1.1265209791362262e-14,False,False,False,False
10.0,1.4,10.0,6,0.30000000000000004,18.143429419756437,1,0.5641847675188907,29.4310292307748,24.144988014074194,15.650389541134771,14.302419584763676,204.5592059786207,-1.0857093002414331e-11,3.825238927906113e-15,True,True,True,True
10.0,1.4,10.0,6,0.30000000000000004,18.143429419756437,2,11.388297150154793,84.98176095724271,99.23484990559322,15.650389541134771,91.04477278545353,8289.150651554866,5.4569682106375694e-12,5.737251374538257e-17,True,True,True,True
10.0,1.4,10.0,7,0.35000000000000003,19.736869597105763,0,-0.018820211352226224,-1.0781913934567573,0.03540749418722358,15.650389541134771,-0.6669709218247355,0.44485021055967633,-6.111777750561487e-14,9.283370486874842e-15,False,False,False,False
10.0,1.4,10.0,7,0.35000000000000003,19.736869597105763,1,0.6017757745633991,31.038509975427107,26.585788242910525,15.650389541134771,17.030192720820537,290.0274641082856,-3.240074875066057e-12,9.526496783050095e-16,True,True,True,True
10.0,1.4,10.0,7,0.35000000000000003,19.736869597105763,2,10.315649332647997,84.46304288483118,99.06901070911883,15.650389541134771,90.87832603634804,8258.870143168777,1.8189894035458565e-12,3.042467612059123e-17,True,True,True,True
10.0,1.4,10.0,8,0.4,21.330309774455095,0,-0.017784596801543984,-1.0188749255061278,0.03161918744699987,15.650389541134771,-0.7100188922976953,0.5041268274190963,-5.500044863993026e-13,8.138459205213201e-14,False,False,False,False
10.0,1.4,10.0,8,0.4,21.330309774455095,1,0.642888273378531,32.73648832971608,29.243881182336075,15.650389541134771,19.91627179752111,396.6578823127375,2.8421709430404007e-12,6.009912580731904e-16,True,True,True,True
10.0,1.4,10.0,8,0.4,21.330309774455095,2,9.388333463443683,83.92005406005579,98.87817930573677,15.650389541134771,90.68679276663559,8224.09438229871,0.0,6.993475710092646e-17,True,True,True,True
10.0,1.4,10.0,9,0.45,22.923749951804425,0,-0.016807222177344983,-0.9628922361242348,0.028240294336781567,15.650389541134771,-0.7463387035127815,0.5570214603605178,-6.218359160925502e-13,8.997974699492723e-14,False,False,False,False
10.0,1.4,10.0,9,0.45,22.923749951804425,1,0.6877072846922654,34.51658691213854,32.10863232598325,15.650389541134771,22.965192086715174,527.4000475797257,4.547473508864641e-13,1.9933782740181297e-16,True,True,True,True
10.0,1.4,10.0,9,0.45,22.923749951804425,2,8.57509771136735,83.34839675089859,98.6582998380436,15.650389541134771,90.46610091737476,8184.115415192629,-5.4569682106375694e-12,1.4026457077618184e-17,True,True,True,True
10.0,1.4,10.0,10,0.5,24.51719012915375,0,-0.015889120151093117,-0.9103029237093051,0.025240041712183706,15.650389541134771,-0.7771794083739929,0.6040078327998888,-6.608047442568932e-13,9.36568620352855e-14,False,False,False,False
10.0,1.4,10.0,10,0.5,24.51719012915375,1,0.7365784653195391,36.374560511996194,35.17218870370597,15.650389541134771,26.179706562952415,685.377035722294,2.2737367544323206e-13,1.166324881425988e-16,True,True,True,True
10.0,1.4,10.0,10,0.5,24.51719012915375,2,7.852599472213875,82.74265353799645,98.40417005610297,15.650389541134771,90.21102726768868,8138.029440691673,2.7284841053187847e-12,1.5223683364661746e-17,True,True,True,True
10.0,1.4,10.0,11,0.55,26.110630306503083,0,-0.015028745566028068,-0.8610188720559588,0.02258121906259501,15.650389541134771,-0.8035310717874196,0.64566218332786,2.0761170560490427e-14,2.774849536818991e-15,False,False,False,False
10.0,1.4,10.0,11,0.55,26.110630306503083,1,0.7900293634611675,38.30977145093216,38.429195607121976,15.650389541134771,29.562065480442172,873.915715469955,4.320099833421409e-12,5.864879091887557e-16,True,True,True,True
10.0,1.4,10.0,11,0.55,26.110630306503083,2,7.202922202623245,82.09600465578951,98.10900054638668,15.650389541134771,89.91475475405562,8084.663122481969,9.094947017729282e-13,1.2414411974354326e-17,True,True,True,True
10.0,1.4,10.0,12,0.6000000000000001,27.704070483852412,0,-0.014223161963324849,-0.8148722056963497,0.020225741989543477,15.650389541134771,-0.8261815734037721,0.6825759922319158,-1.6653345369377348e-14,2.114298269946147e-15,False,False,False,False
10.0,1.4,10.0,12,0.6000000000000001,27.704070483852412,1,0.8488171760472916,40.325169147985136,41.8770436201544,15.650389541134771,33.115237490430346,1096.6189540476025,-9.094947017729282e-13,2.5165918282895323e-17,True,True,True,True
10.0,1.4,10.0,12,0.6000000000000001,27.704070483852412,2,6.611915260339699,81.399645608435,97.76373519817263,15.650389541134771,89.56818995881606,8022.460652498563,4.547473508864641e-12,4.43782650829011e-17,True,True,True,True
10.0,1.4,10.0,13,0.65,29.297510661201738,0,-0.013468760978188055,-0.7716565001464682,0.018137461956721973,15.650389541134771,-0.8457610231068782,0.715311708206315,-4.7839510131098e-13,6.479900538584066e-14,False,False,False,False
10.0,1.4,10.0,13,0.65,29.297510661201738,1,0.9140157594715768,42.42780384142859,45.51670025735077,15.650389541134771,36.844369579380725,1357.5075697020038,7.958078640513122e-12,8.517792398406611e-16,True,True,True,True
10.0,1.4,10.0,13,0.65,29.297510661201738,2,6.068020576980921,80.6418607160326,97.35595743415955,15.650389541134771,89.15886448813524,7949.303116813665,2.7284841053187847e-12,1.938353010695237e-17,True,True,True,True
10.0,1.4,10.0,14,0.7000000000000001,30.89095083855107,0,-0.012761692792833568,-0.7311514462250072,0.01628342836164845,15.650389541134771,-0.8627761612125899,0.7443827043561619,-5.70987701564718e-13,7.664092860268216e-14,False,False,False,False
10.0,1.4,10.0,14,0.7000000000000001,30.89095083855107,1,0.9871704670103085,44.6300931939919,49.35440877062151,15.650389541134771,40.75890558413468,1661.2883844164062,9.094947017729282e-13,2.1229736126083081e-16,True,True,True,True
10.0,1.4,10.0,14,0.7000000000000001,30.89095083855107,2,5.561367640366791,79.80646654798545,96.86803235379237,15.650389541134771,88.66906876192621,7862.2037551072,9.094947017729282e-13,1.5436313701038721e-18,True,True,True,True
10.0,1.4,10.0,15,0.75,32.48439101590039,0,-0.012098117883819093,-0.6931372792273541,0.014634303691174796,15.650389541134771,-0.8776369029456557,0.7702465334117788,-2.6334490144108713e-13,3.504935889307594e-14,False,False,False,False
10.0,1.4,10.0,15,0.75,32.48439101590039,1,1.070584818421712,46.95241782937062,53.40497465734134,15.650389541134771,44.87616614442036,2013.8702878216213,1.1368683772161603e-12,1.1416283860211794e-16,True,True,True,True
10.0,1.4,10.0,15,0.75,32.48439101590039,2,5.0829573732092665,78.87000809342422,96.27372551446814,15.650389541134771,88.07245537012172,7756.757394922082,9.094947017729282e-13,8.609598636242821e-17,True,True,True,True
10.0,1.4,10.0,16,0.8,34.07783119324973,0,-0.011474348460669415,-0.6574028891028292,0.013164334034613367,15.650389541134771,-0.8906768176126652,0.7933051934323649,-2.5979218776228663e-13,3.4464360112255415e-14,False,False,False,False
10.0,1.4,10.0,16,0.8,34.07783119324973,1,1.1678955589439157,49.428508105848394,57.69845834071159,15.650389541134771,49.22826459723191,2423.4220352550774,4.547473508864641e-13,1.8702332410895562e-16,True,True,True,True
10.0,1.4,10.0,16,0.8,34.07783119324973,2,4.623706113241094,77.79621943701193,95.53145684563981,15.650389541134771,87.32726171978601,7626.050639476001,-1.8189894035458565e-12,1.398956661365081e-18,True,True,True,True
10.0,1.4,10.0,17,0.8500000000000001,35.67127137059905,0,-0.010886922161978285,-0.6237500492073632,0.011851102763263491,15.650389541134771,-0.9021689607748857,0.8139088337854221,-2.1516122217235534e-13,2.8072146720657458e-14,False,False,False,False
10.0,1.4,10.0,17,0.8500000000000001,35.67127137059905,1,1.2853796967824742,52.11778936057093,62.295466548950735,15.650389541134771,53.87760566781432,2902.7963924965,2.2737367544323206e-12,2.1224201234363247e-16,True,True,True,True
10.0,1.4,10.0,17,0.8500000000000001,35.67127137059905,2,4.172859681488911,76.52356487725876,94.56898306995069,15.650389541134771,86.36092020823982,7458.208539213967,2.7284841053187847e-12,2.0138478876784827e-17,True,True,True,True
10.0,1.4,10.0,18,0.9,37.26471154794839,0,-0.010332634564071741,-0.591995284574716,0.010675193984131763,15.650389541134771,-0.91233815630206,0.8323609114445284,-1.1379786002407855e-13,1.4884243879802212e-14,False,False,False,False
10.0,1.4,10.0,18,0.9,37.26471154794839,1,1.4355735720675826,55.13948301887165,67.32956590086988,15.650389541134771,58.95959980202103,3476.234408814482,3.183231456205249e-12,1.8710159019096218e-16,True,True,True,True
10.0,1.4,10.0,18,0.9,37.26471154794839,2,3.7141669408072437,74.9310518878521,93.24097625945831,15.650389541134771,85.02743270613792,7229.664312596808,-3.637978807091713e-12,6.179952348883812e-18,True,True,True,True
10.0,1.4,10.0,19,0.9500000000000001,38.858151725297716,0,-0.009808547087509334,-0.5619703297938117,0.009619834095676828,15.650389541134771,-0.921370565898858,0.8489237197045354,-2.4646951146678475e-13,3.2175662321334147e-14,False,False,False,False
10.0,1.4,10.0,19,0.9500000000000001,38.858151725297716,1,1.6516665140493048,58.807228863493165,73.17598202466195,15.650389541134771,64.85226330911416,4205.816056314675,0.0,8.907311565433966e-17,True,True,True,True
10.0,1.4,10.0,19,0.9500000000000001,38.858151725297716,2,3.211329762026597,72.70354299721645,91.16032948544334,15.650389541134771,82.93784545400194,6878.686208551911,-9.094947017729282e-13,1.3106198906881037e-17,True,True,True,True
10.0,1.4,10.0,20,1.0,40.45159190264704,0,-0.009311980650818175,-0.5335217694677836,0.008670546515163078,15.650389541134771,-0.9294211817783888,0.8638237331385947,2.5779378631796135e-13,3.333453458264439e-14,False,False,False,False
10.0,1.4,10.0,20,1.0,40.45159190264704,1,2.297692212813238,66.48039487486086,84.07488499905928,15.650389541134771,75.81826642263798,5748.409523334111,-1.8189894035458565e-12,4.5872780368750274e-17,True,True,True,True
