M,gamma,Q,index,xi,comparison_kind,theta_deg,beta_closed_deg,beta_numeric_deg,beta_abs_error_deg,theta_back_error_deg,original_ratio_rel_residual,raw_radical_rel_residual,cubic_rel_residual,u,u_minus_u_cj,R,D,D_minus_R2,real_root_count,accepted_root_count
5.0,1.2,2.0,0,0.0,CJ endpoint,6.113892974867445,20.78823826975871,20.78823826975871,0.0,0.0,0.0,1.0801375743360683e-08,1.1558377919938697e-16,3.1491173721063546,8.881784197001252e-16,8.881784197001252e-16,3.552713678800501e-15,3.5527136788005e-15,1,1
5.0,1.2,2.0,1,0.05,same-theta Brent root,8.200465293042985,21.252341850294382,21.2523418502927,1.679332871812737e-12,4.295339097316479e-12,3.408046349670445e-13,3.408046349670445e-13,5.489620957847053e-14,3.284723655599036,0.13560628349268233,0.6343244340031173,0.402367487575237,1.8618440122963875e-12,3,2
5.0,1.2,2.0,2,0.1,same-theta Brent root,10.287037611218523,22.29116133677455,22.29116133677451,4.134721085902572e-14,7.792358969585616e-14,6.6798367265178274e-15,6.6798367265178274e-15,1.4039289757887798e-15,3.596966929252814,0.44784955714646024,1.2118934505125711,1.4686857353953293,6.350475700855895e-14,3,2
5.0,1.2,2.0,3,0.15000000000000002,same-theta Brent root,12.373609929394062,23.646907601571957,23.64690760157189,6.997220299219736e-14,9.859719512536902e-14,9.097597897578127e-15,9.097597897578127e-15,1.8665425199415605e-15,4.022012545957776,0.8728951738514223,1.7982235939545088,3.2336080938547953,1.2523315717771766e-13,3,2
5.0,1.2,2.0,4,0.2,same-theta Brent root,14.4601822475696,25.210888686026188,25.210888686026905,7.188053580107548e-13,9.128191935800294e-13,8.686247362172205e-14,8.686247362172205e-14,1.8792453328576917e-14,4.535861477932372,1.386744105826018,2.4186193493038495,5.849719556825284,-1.6919798895287386e-12,3,2
5.0,1.2,2.0,5,0.25,same-theta Brent root,16.54675456574514,26.9278008885098,26.927800888509392,4.1029155390879367e-13,4.86624866263918e-13,4.7728989751347806e-14,4.7728989751347806e-14,9.916221915295534e-15,5.1272214017946975,1.9781040296883439,3.084482416354284,9.514031776799968,1.20614629395277e-12,3,2
5.0,1.2,2.0,6,0.30000000000000004,same-theta Brent root,18.63332688392068,28.765761334887266,28.76576133488753,2.608054838800084e-13,2.8943047601318e-13,2.920246580405023e-14,2.920246580405023e-14,5.993320439845719e-15,5.789556066384836,2.6404386942784828,3.801118048111671,14.448498415679362,-9.166001291305292e-13,3,2
5.0,1.2,2.0,7,0.35000000000000003,same-theta Brent root,20.71989920209622,30.704942588852333,30.704942588852166,1.6538884343610288e-13,1.7493050748049342e-13,1.7773198671448534e-14,1.7773198671448534e-14,3.281233092237387e-15,6.518245332729486,3.3691279606231324,4.570660608437269,20.89093839752084,6.963318810448982e-13,3,2
5.0,1.2,2.0,8,0.4,same-theta Brent root,22.806471520271757,32.732655720130424,32.732655720130325,9.54166404439055e-14,9.859719512536902e-14,9.913973356852999e-15,9.913973356852999e-15,1.8143289639726907e-15,7.30944894886289,4.160331576756537,5.393386775793816,29.08862091330812,5.009326287108706e-13,3,2
5.0,1.2,2.0,9,0.45,same-theta Brent root,24.893043838447294,34.84103627069153,34.84103627069171,1.7811106216195694e-13,1.7493050748049342e-13,1.7903516795200115e-14,1.7903516795200115e-14,3.5076402667555515e-15,8.159636329546844,5.010518957440491,6.268406955096273,39.2929257546983,-1.0231815394945443e-12,3,2
5.0,1.2,2.0,10,0.5,same-theta Brent root,26.979616156622836,37.025940507497296,37.025940507497204,9.54166404439055e-14,1.6538884343610288e-13,1.6689151578498587e-14,1.6689151578498587e-14,2.990020071296958e-15,9.065414678410654,5.916297306304301,7.1940928828022015,51.75497240638642,1.1297629498585593e-12,3,2
5.0,1.2,2.0,11,0.55,same-theta Brent root,29.066188474798377,39.28651406943686,39.28651406943683,3.180554681463517e-14,3.180554681463517e-14,2.9360892034215356e-15,2.9360892034215356e-15,4.029020943079951e-16,10.023515263217986,6.874397891111633,8.168394700682706,66.72267198614158,2.7000623958883807e-13,3,2
5.0,1.2,2.0,12,0.6000000000000001,same-theta Brent root,31.152760792973915,41.62524931373889,41.62524931373889,0.0,6.3611093629270335e-15,3.6949702993463847e-16,3.6949702993463847e-16,5.98067187266144e-17,11.030890561434534,7.881773189328181,9.189130860172382,84.44012596537243,1.4210854715202004e-14,3,2
5.0,1.2,2.0,13,0.65,same-theta Brent root,33.23933311114945,44.04854787275205,44.048547872752025,3.180554681463517e-14,3.180554681463517e-14,2.8048762769689785e-15,2.8048762769689785e-15,3.9182850458554576e-16,12.08492700898395,8.935809636877597,10.254318464984648,105.1510471813254,2.984279490192421e-13,3,2
5.0,1.2,2.0,14,0.7000000000000001,same-theta Brent root,35.32590542932499,46.5680057462954,46.56800574629535,5.088887490341627e-14,3.81666561775622e-14,3.6769625501347335e-15,3.6769625501347335e-15,5.024366313700141e-16,13.18383002056881,10.034712648462456,11.362633054884142,129.10942993994618,4.547473508864641e-13,3,2
5.0,1.2,2.0,15,0.75,same-theta Brent root,37.412477747500525,49.20299529737046,49.20299529737041,4.4527765540489235e-14,3.81666561775622e-14,3.0402518751593378e-15,3.0402518751593378e-15,4.3094105066824503e-16,14.327330771605434,11.17821339949908,12.514165055278735,156.6043270307598,3.979039320256561e-13,3,2
5.0,1.2,2.0,16,0.8,same-theta Brent root,39.49905006567607,51.98599704796512,51.98599704796516,3.81666561775622e-14,1.2722218725854067e-14,1.0762511825997953e-15,1.0762511825997953e-15,1.4989590795795274e-16,15.518094884874255,12.368977512767902,13.711863716810939,188.01520658839644,1.4210854715202004e-13,3,2
5.0,1.2,2.0,17,0.8500000000000001,same-theta Brent root,41.585622383851614,54.97481829790618,54.97481829790606,1.2086107789561363e-13,2.5444437451708134e-14,2.074439816625915e-15,2.074439816625915e-15,1.7646485540785258e-16,16.76492518371224,13.615807811605887,14.96476892945336,223.94430911193314,4.831690603168681e-13,3,2
5.0,1.2,2.0,18,0.9,same-theta Brent root,43.67219470202715,58.28640004851279,58.28640004851279,0.0,0.0,1.431078066731732e-16,1.431078066731732e-16,4.186835458366447e-17,18.091681968369937,14.942564596263583,16.29696676136266,265.5911256209594,5.684341886080802e-14,3,2
5.0,1.2,2.0,19,0.9500000000000001,same-theta Brent root,45.75876702020268,62.23057778158984,62.230577781589815,2.5444437451708134e-14,1.2722218725854067e-14,8.296932910354951e-16,8.296932910354951e-16,1.0406565127956549e-16,19.57309224340002,16.423974871293666,17.78349103873756,316.25255352485925,2.2737367544323206e-13,3,2
5.0,1.2,2.0,20,1.0,detachment endpoint,47.845339338378224,70.15419210167491,70.15419228212562,1.8045070363007894e-07,1.2722218725854067e-14,7.891900610532522e-16,7.891900610532522e-16,1.1222586954019083e-16,22.118662736895132,18.96954536478878,20.336106078777142,413.5572104472768,1.7053025658242404e-13,2,1
5.0,1.2,5.0,0,0.0,CJ endpoint,9.506333054362042,27.92872863164051,27.92872863164051,0.0,0.0,0.0,0.0,2.6409206362307867e-17,5.484328953431143,-8.881784197001252e-16,1.7763568394002505e-15,-7.105427357601002e-15,-7.105427357601005e-15,1,1
5.0,1.2,5.0,1,0.05,same-theta Brent root,11.257208840478485,28.195296858794517,28.195296858794432,8.587497639951495e-14,3.021526947390341e-13,1.9047486360300975e-14,1.9047486360300975e-14,1.9335910899806584e-15,5.5808964629528335,0.09656750952169002,0.7220286514166405,0.5213253734667269,1.942890293094024e-13,3,2
5.0,1.2,5.0,2,0.1,same-theta Brent root,13.008084626594927,28.86258240219252,28.862582402191887,6.297498269297763e-13,1.3469649075997994e-12,8.94689055809745e-14,8.94689055809745e-14,1.4316917833397242e-14,5.825236856024348,0.34090790259320425,1.3869783384434973,1.9237089113131276,1.6431300764452317e-12,3,2
5.0,1.2,5.0,3,0.15000000000000002,same-theta Brent root,14.758960412711373,29.802713411970007,29.802713411970036,2.5444437451708134e-14,5.088887490341627e-14,3.542561868868216e-15,3.542561868868216e-15,7.046029192457809e-16,6.175599149329959,0.6912701958988157,2.035426983952484,4.142963007001814,-9.14823772291129e-14,3,2
5.0,1.2,5.0,4,0.2,same-theta Brent root,16.509836198827813,30.942254624081496,30.942254624081478,1.90833280887811e-14,2.2263882770244617e-14,1.525171763808024e-15,1.525171763808024e-15,3.5000632226185873e-16,6.609370501257069,1.1250415478259255,2.688992174730836,7.230678915763729,5.861977570020827e-14,3,2
5.0,1.2,5.0,5,0.25,same-theta Brent root,18.260711984944255,32.23613762125563,32.23613762125539,2.4172215579122726e-13,3.0851380410196113e-13,2.2959067368172026e-14,2.2959067368172026e-14,4.669354294738401e-15,7.113152539365983,1.62882358593484,3.3599218232791106,11.289074658548166,9.43245481721533e-13,3,2
5.0,1.2,5.0,6,0.30000000000000004,same-theta Brent root,20.0115877710607,33.65536174545224,33.65536174545224,0.0,6.3611093629270335e-15,4.857178338237785e-16,4.857178338237785e-16,2.1554521437484476e-16,7.678332835858857,2.1940038824277135,4.055396700902985,16.446242401694793,-2.4868995751603507e-14,3,2
5.0,1.2,5.0,7,0.35000000000000003,same-theta Brent root,21.762463557177142,35.18074948565866,35.18074948565871,4.4527765540489235e-14,5.406942958487979e-14,4.208296017141574e-15,4.208296017141574e-15,7.893781409748296e-16,8.298943399423866,2.8146144459927225,4.779656432921997,22.845115616772382,-2.4513724383723456e-13,3,2
5.0,1.2,5.0,8,0.4,same-theta Brent root,23.513339343293588,36.79960288423895,36.79960288423886,8.905553108097847e-14,9.54166404439055e-14,7.28931175208906e-15,7.28931175208906e-15,1.2402893104845886e-15,8.9705655652128,3.4862366117816563,5.535146040552315,30.63784169024244,4.654054919228656e-13,3,2
5.0,1.2,5.0,9,0.45,same-theta Brent root,25.264215129410026,38.50386694359771,38.50386694359775,4.4527765540489235e-14,4.134721085902572e-14,3.1520830990289224e-15,3.1520830990289224e-15,7.572794047893916e-16,9.689755874073901,4.205426920642758,6.323191621277806,39.98275227939757,-2.7000623958883807e-13,3,2
5.0,1.2,5.0,10,0.5,same-theta Brent root,27.01509091552647,40.289151440187695,40.289151440187624,6.997220299219736e-14,6.679164831073386e-14,5.190495564344312e-15,5.190495564344312e-15,1.06501633452278e-15,10.453755602989514,4.96942664955837,7.144442440813248,51.04305779009407,5.115907697472721e-13,3,2
5.0,1.2,5.0,11,0.55,same-theta Brent root,28.765966701642913,42.154311421482184,42.154311421482134,5.088887490341627e-14,5.088887490341627e-14,3.969822874656608e-15,3.969822874656608e-15,6.132168293393815e-16,11.260375053240997,5.776046099809854,7.99920335854053,63.98725437128654,4.405364961712621e-13,3,2
5.0,1.2,5.0,12,0.6000000000000001,same-theta Brent root,30.516842487759362,44.10147728509214,44.10147728509211,2.5444437451708134e-14,2.5444437451708134e-14,1.9931411227878696e-15,1.9931411227878696e-15,2.33473108482691e-16,12.108009781201476,6.6236808277703325,8.887735675348475,78.99184543486226,2.4158453015843406e-13,3,2
5.0,1.2,5.0,13,0.65,same-theta Brent root,32.2677182738758,46.13656794944786,46.13656794944778,7.63333123551244e-14,5.724998426634331e-14,4.425910636576404e-15,4.425910636576404e-15,8.509005196758438e-16,12.995791235565155,7.511462282134012,9.810594927773526,96.24777283685623,5.968558980384842e-13,3,2
5.0,1.2,5.0,14,0.7000000000000001,same-theta Brent root,34.01859405999224,48.27049565542803,48.27049565542799,3.180554681463517e-14,2.5444437451708134e-14,2.0121072253806396e-15,2.0121072253806396e-15,4.3353202144096744e-16,13.923925239580193,8.43959628614905,10.769097039823267,115.97345105313056,3.126388037344441e-13,3,2
5.0,1.2,5.0,15,0.75,same-theta Brent root,35.76946984610869,50.52160392619508,50.52160392619498,1.0177774980683254e-13,3.81666561775622e-14,2.5043480553908874e-15,2.5043480553908874e-15,4.3072944080494154e-16,14.894365063023042,9.410036109591898,11.766082976369143,138.44070860680415,3.979039320256561e-13,3,2
5.0,1.2,5.0,16,0.8,same-theta Brent root,37.52034563222513,52.92070818032005,52.92070818031998,6.997220299219736e-14,1.90833280887811e-14,1.6640031977919606e-15,1.6640031977919606e-15,2.3293045295315635e-16,15.912196461357324,10.42786750792618,12.807376114716373,164.0288829438077,2.5579538487363607e-13,3,2
5.0,1.2,5.0,17,0.8500000000000001,same-theta Brent root,39.27122141834157,55.52263814385288,55.52263814385286,1.90833280887811e-14,1.2722218725854067e-14,8.889468589889652e-16,8.889468589889652e-16,1.1897878546678298e-16,16.988819647201336,11.504490693770192,13.905035598815502,193.35001500432654,1.4210854715202004e-13,3,2
5.0,1.2,5.0,18,0.9,same-theta Brent root,41.022097204458014,58.43812753748159,58.438127537481584,1.2722218725854067e-14,6.3611093629270335e-15,5.134418019183536e-16,5.134418019183536e-16,7.223423288644455e-17,18.150813567318664,12.666484613887521,15.0863323223623,227.59742294075355,1.1368683772161603e-13,3,2
5.0,1.2,5.0,19,0.9500000000000001,same-theta Brent root,42.772972990574466,61.9597711217948,61.95977112179476,3.81666561775622e-14,1.2722218725854067e-14,4.938368917103565e-16,4.938368917103565e-16,7.926372970939467e-17,19.475352177651715,13.991023224220571,16.429516530831645,269.9290134368704,1.1368683772161603e-13,3,2
5.0,1.2,5.0,20,1.0,detachment endpoint,44.5238487766909,69.23222208145376,69.23222194479402,1.3665973266487884e-07,1.2722218725854067e-14,4.649329126485804e-16,4.649329126485804e-16,2.326001620787856e-17,21.856804710601722,16.372475757170577,18.8378524642267,354.86468546397185,-5.684341886080802e-14,2,1
5.0,1.2,10.0,0,0.0,CJ endpoint,12.949712107928777,37.40545308129814,37.40545308129814,0.0,0.0,0.0,9.876562033633805e-09,9.987711836381944e-17,9.224931443725781,1.7763568394002505e-15,1.7763568394002505e-15,1.4210854715202004e-14,1.4210854715202e-14,1,1
5.0,1.2,10.0,1,0.05,same-theta Brent root,14.251656145892092,37.53276372387265,37.5327637238723,3.434999055980598e-13,1.9894369532554298e-12,9.551139244262747e-14,9.551139244262747e-14,6.5221527172867334e-15,9.278572800435699,0.05364135670991921,0.7013561213229202,0.49190040891865294,1.5221157667610896e-12,3,2
5.0,1.2,10.0,2,0.1,same-theta Brent root,15.553600183855409,37.87869537888669,37.87869537888661,7.63333123551244e-14,2.2899993706537323e-13,1.1252806957592921e-14,1.1252806957592921e-14,1.291826271821536e-15,9.424646663461147,0.1997152197353671,1.3640366095227456,1.8605958721186369,3.2951419370874646e-13,3,2
5.0,1.2,10.0,3,0.15000000000000002,same-theta Brent root,16.855544221818725,38.40116799283969,38.401167992839454,2.353610464283002e-13,5.216109677600168e-13,2.676698760290585e-14,2.676698760290585e-14,4.092285221030371e-15,9.64611029394287,0.4211788502170908,2.0042657157778994,4.017081059443825,1.1297629498585593e-12,3,2
5.0,1.2,10.0,4,0.2,same-theta Brent root,18.15748825978204,39.06989472468027,39.06989472468019,8.269442171805144e-14,1.4312496066585825e-13,7.316032302800778e-15,7.316032302800778e-15,1.329739620884235e-15,9.930942457339638,0.7060110136138587,2.633404986417279,6.934821822487777,3.872457909892546e-13,3,2
5.0,1.2,10.0,5,0.25,same-theta Brent root,19.459432297745355,39.8628181294796,39.862818129479436,1.5902773407317584e-13,2.480832651541543e-13,1.3253938465613488e-14,1.3253938465613488e-14,2.6875360431497684e-15,10.270475368268361,1.0455439245425815,3.2595849714907263,10.62489418636909,8.917311333789257e-13,3,2
5.0,1.2,10.0,6,0.30000000000000004,same-theta Brent root,20.761376335708675,40.76380763183855,40.76380763183855,0.0,6.3611093629270335e-15,5.625609316664029e-16,5.625609316664029e-16,1.430094904795838e-17,10.65834111488598,1.4334096711602005,3.8887510740167546,15.122384915666444,-1.7763568394002505e-14,3,2
5.0,1.2,10.0,7,0.35000000000000003,same-theta Brent root,22.06332037367199,41.76116017558926,41.76116017558922,4.4527765540489235e-14,4.770832022195275e-14,2.4928575480118947e-15,2.4928575480118947e-15,5.486225890985035e-16,11.08979817824072,1.8648667345149406,4.5253553050779995,20.478840637197806,2.0961010704922955e-13,3,2
5.0,1.2,10.0,8,0.4,same-theta Brent root,23.365264411635305,42.84663163653506,42.84663163653503,2.5444437451708134e-14,2.8624992133171654e-14,1.5243605175560565e-15,1.5243605175560565e-15,2.7462562674379585e-16,11.561300332412989,2.3363688886872094,5.17283245495779,26.758195607064806,1.6697754290362354e-13,3,2
5.0,1.2,10.0,9,0.45,same-theta Brent root,24.66720844959862,44.01483904423767,44.0148390442376,6.997220299219736e-14,7.63333123551244e-14,4.196115555002315e-15,4.196115555002315e-15,1.065074296902123e-15,12.070227159701684,2.8452957159759045,5.833946365561708,34.03493019625114,4.760636329592671e-13,3,2
5.0,1.2,10.0,10,0.5,same-theta Brent root,25.969152487561935,45.26294639204556,45.26294639204556,0.0,3.180554681463517e-14,1.6944774520472366e-15,1.6944774520472366e-15,3.43813507935467e-16,12.614730396491026,3.389798952765247,6.511062837630391,42.39393927557175,2.3447910280083306e-13,3,2
5.0,1.2,10.0,11,0.55,same-theta Brent root,27.27109652552525,46.59060094745166,46.59060094745162,4.4527765540489235e-14,4.134721085902572e-14,2.3563967589981234e-15,2.3563967589981234e-15,6.014783809029148e-16,13.19367405919302,3.9687426154672405,7.206391419734356,51.932077294421305,3.623767952376511e-13,3,2
5.0,1.2,10.0,12,0.6000000000000001,same-theta Brent root,28.57304056348857,48.0001392166791,48.00013921667916,5.088887490341627e-14,3.180554681463517e-14,1.692297040715517e-15,1.692297040715517e-15,3.478692979858069e-16,13.806666202799823,4.581734759074044,7.9222354006136655,62.76181374273652,1.5631940186722204e-13,3,2
5.0,1.2,10.0,13,0.65,same-theta Brent root,29.874984601451885,49.49715244262288,49.497152442622856,1.90833280887811e-14,1.90833280887811e-14,1.0818989897372053e-15,1.0818989897372053e-15,2.0810218135196917e-16,14.454203619054802,5.229272175329022,8.661299083658603,75.01810181658546,9.947598300641403e-14,3,2
5.0,1.2,10.0,14,0.7000000000000001,same-theta Brent root,31.1769286394152,51.0916293959025,51.09162939590242,7.63333123551244e-14,1.2722218725854067e-14,5.194328180423759e-16,5.194328180423759e-16,4.04882036774382e-17,15.137989963333457,5.913058519607677,9.42713285180276,88.8708338055389,5.684341886080802e-14,3,2
5.0,1.2,10.0,15,0.75,same-theta Brent root,32.47887267737851,52.80017618518012,52.80017618518011,6.3611093629270335e-15,0.0,0.0,0.0,5.834618264327817e-17,15.86157180102615,6.6366403573003705,10.224877661347863,104.54812318953056,1.4210854715202004e-14,3,2
5.0,1.2,10.0,16,0.8,same-theta Brent root,33.78081671534183,54.650541314020536,54.650541314020536,6.3611093629270335e-15,1.2722218725854067e-14,7.205963257447478e-16,7.205963257447478e-16,1.2929922227271534e-16,16.63165282716585,7.406721383440072,11.062690271500832,122.38311604315925,8.526512829121202e-14,3,2
5.0,1.2,10.0,17,0.8500000000000001,same-theta Brent root,35.08276075330515,56.69191650155012,56.691916501550104,1.2722218725854067e-14,6.3611093629270335e-15,2.3117288244668714e-16,2.3117288244668714e-16,1.9813684926307838e-17,17.4611114307421,8.236179987016321,11.954916940037663,142.92003904319952,5.684341886080802e-14,3,2
5.0,1.2,10.0,18,0.9,same-theta Brent root,36.38470479126846,59.0233035697524,59.02330356975238,2.5444437451708134e-14,6.3611093629270335e-15,3.335443708802436e-16,3.335443708802436e-16,5.2545658920444144e-17,18.377370492134656,9.152439048408876,12.930801274937476,167.20562161192476,8.526512829121202e-14,3,2
5.0,1.2,10.0,19,0.9500000000000001,same-theta Brent root,37.68664882923178,61.905272845190154,61.905272845190154,0.0,6.3611093629270335e-15,4.265427469667095e-16,4.265427469667095e-16,9.90858695488086e-18,19.455606932511355,10.230675488785575,14.06893657704606,197.93497640894458,8.526512829121202e-14,3,2
5.0,1.2,10.0,20,1.0,detachment endpoint,38.988592867195095,68.11993641609574,68.11993641879728,2.7015377019976596e-09,0.0,0.0,0.0,1.819571844685584e-17,21.52802155211236,12.30309010838658,16.233530447661888,263.5275107951656,0.0,2,1
5.0,1.3,2.0,0,0.0,CJ endpoint,6.989967998058091,23.151039203186624,23.151039203186624,0.0,0.0,0.0,3.0097262559103397e-16,4.024065408426142e-17,3.8642976879473485,0.0,8.881784197001252e-16,-1.7763568394002505e-15,-1.7763568394002513e-15,1,1
5.0,1.3,2.0,1,0.05,same-theta Brent root,8.757749399595742,23.493992335460003,23.493992335461108,1.106833029149304e-12,3.153519966671077e-12,2.2396975923540536e-13,2.2396975923540536e-13,3.158816857445538e-14,3.9731035613147654,0.10880587336741687,0.6357203019268711,0.4041403022804211,-1.571076602147059e-12,3,2
5.0,1.3,2.0,2,0.1,same-theta Brent root,10.525530801133392,24.307269782050316,24.30726978204908,1.237235771089308e-12,2.2359299410688523e-12,1.6869754132170483e-13,1.6869754132170483e-13,3.399978787362977e-14,4.235981332519618,0.3716836445722693,1.2158375593623632,1.478260970758404,2.176037128265307e-12,3,2
5.0,1.3,2.0,3,0.15000000000000002,same-theta Brent root,12.293312202671045,25.40924655053194,25.40924655053167,2.7034714792439894e-13,3.9597905784220783e-13,3.1366496919179524e-14,3.1366496919179524e-14,6.995330596537093e-15,4.602760694996578,0.7384630070492291,1.791052654563483,3.207869611419488,5.88418203051333e-13,3,2
5.0,1.3,2.0,4,0.2,same-theta Brent root,14.061093604208693,26.710568539587687,26.710568539587005,6.838192565146561e-13,8.794233694246623e-13,7.190214780768174e-14,7.190214780768174e-14,1.6728479297767058e-14,5.050891678744482,1.1865939907971335,2.3845946885824922,5.686291828817614,1.780797731498751e-12,3,2
5.0,1.3,2.0,5,0.25,same-theta Brent root,15.828875005746346,28.16179986165605,28.16179986165606,1.2722218725854067e-14,1.5902773407317584e-14,1.2695946901444096e-15,1.2695946901444096e-15,1.924347350268684e-16,5.568728694790975,1.7044310068436266,3.008395337022627,9.05044250381945,-3.375077994860476e-14,3,2
5.0,1.3,2.0,6,0.30000000000000004,same-theta Brent root,17.596656407283998,29.733286694965624,29.733286694965763,1.3994440598439473e-13,1.5902773407317584e-13,1.3710902844426085e-14,1.3710902844426085e-14,3.080573506887429e-15,6.149488064931201,2.285190376983852,3.6689768507687575,13.461391131476484,-5.453415496958769e-13,3,2
5.0,1.3,2.0,7,0.35000000000000003,same-theta Brent root,19.36443780882165,31.40636996203458,31.406369962034702,1.2086107789561363e-13,1.176805232141501e-13,1.0085407810504635e-14,1.0085407810504635e-14,2.2491321746486713e-15,6.788748114887297,2.9244504269399485,4.369962274243629,19.096570278312043,-5.044853423896711e-13,3,2
5.0,1.3,2.0,8,0.4,same-theta Brent root,21.132219210359295,33.169192647801474,33.169192647801346,1.2722218725854067e-13,1.2722218725854067e-13,1.086577540776985e-14,1.086577540776985e-14,2.5712187634131134e-15,7.4833220183290665,3.619024330381718,5.113296012190373,26.14579610828261,6.359357485052897e-13,3,2
5.0,1.3,2.0,9,0.45,same-theta Brent root,22.90000061189695,35.0145942930082,35.01459429300822,2.5444437451708134e-14,2.5444437451708134e-14,2.040919258670006e-15,2.040919258670006e-15,2.9585381676165574e-16,8.230732689488084,4.366435001540736,5.899916659899924,34.80901659376457,-1.0658141036401503e-13,3,2
5.0,1.3,2.0,10,0.5,same-theta Brent root,24.667782013434596,36.93907064172111,36.93907064172109,1.90833280887811e-14,1.5902773407317584e-14,1.4131546446417402e-15,1.4131546446417402e-15,3.6595464199343806e-16,9.028985291550612,5.164687603603263,6.730183838547347,45.29537450064399,7.815970093361102e-14,3,2
5.0,1.3,2.0,11,0.55,same-theta Brent root,26.43556341497225,38.94236859027728,38.942368590277276,6.3611093629270335e-15,6.3611093629270335e-15,6.094859336272324e-16,6.094859336272324e-16,1.4446851933649026e-16,9.876512204112407,6.012214516165058,7.604201060513708,57.823873768717846,4.973799150320701e-14,3,2
5.0,1.3,2.0,12,0.6000000000000001,same-theta Brent root,28.2033448165099,41.02756424153267,41.02756424153264,3.81666561775622e-14,2.8624992133171654e-14,2.4397828783852718e-15,2.4397828783852718e-15,5.450499283097371e-16,10.772247163112077,6.907949475164728,8.522118589603624,72.62650525526793,2.7000623958883807e-13,3,2
5.0,1.3,2.0,13,0.65,same-theta Brent root,29.97112621804755,43.2016497528437,43.20164975284369,1.2722218725854067e-14,1.90833280887811e-14,1.5565023883030108e-15,1.5565023883030108e-15,3.3107581799721934e-16,11.715836927218056,7.851539239270708,9.484489339759989,89.95553803602101,1.4210854715202004e-13,3,2
5.0,1.3,2.0,14,0.7000000000000001,same-theta Brent root,31.738907619585202,45.47685022395728,45.476850223957264,1.2722218725854067e-14,6.3611093629270335e-15,6.4065969359066e-16,6.4065969359066e-16,3.310174757329013e-16,12.70805555344275,8.843757865495402,10.492777771391502,110.09838535980776,1.4210854715202004e-13,3,2
5.0,1.3,2.0,15,0.75,same-theta Brent root,33.506689021122845,47.87325006505972,47.87325006505978,5.724998426634331e-14,1.90833280887811e-14,1.4402410057187068e-15,1.4402410057187068e-15,5.795381477887656e-16,13.75159105645869,9.88729336851134,11.55021163631206,133.4073888435988,2.8421709430404007e-13,3,2
5.0,1.3,2.0,16,0.8,same-theta Brent root,35.2744704226605,50.424192915838425,50.42419291583839,3.81666561775622e-14,0.0,3.9753618415832347e-16,3.9753618415832347e-16,1.2313482800320284e-16,14.852634768347052,10.988337080399702,12.663419913342917,160.36220390165,5.684341886080802e-14,3,2
5.0,1.3,2.0,17,0.8500000000000001,same-theta Brent root,37.04225182419815,53.18862020314016,53.18862020314016,0.0,0.0,0.0,0.0,1.6067120545593452e-16,16.024504580427333,12.160206892479984,13.84609988440197,191.71448200883617,-5.684341886080802e-14,3,2
5.0,1.3,2.0,18,0.9,same-theta Brent root,38.8100332257358,56.2851337779145,56.285133777914524,1.90833280887811e-14,0.0,0.0,0.0,1.2917635163132225e-16,17.2977023792707,13.43340469132335,15.129135801479325,228.8907500996034,-8.526512829121202e-14,3,2
5.0,1.3,2.0,19,0.9500000000000001,same-theta Brent root,40.577814627273455,60.026501504177645,60.02650150417766,1.2722218725854067e-14,6.3611093629270335e-15,1.8087844175668351e-16,1.8087844175668351e-16,2.615881376264801e-17,18.760011576679496,14.895713888732146,16.600875385011648,275.58906354868554,-5.684341886080802e-14,3,2
5.0,1.3,2.0,20,1.0,detachment endpoint,42.3455960288111,67.77091969389949,67.77091957634337,1.1755609991501127e-07,1.90833280887811e-14,6.902181487435196e-16,6.902181487435196e-16,1.3621822122650982e-16,21.422026093365798,17.557728405418448,19.276372597398534,371.57854051373687,-2.2737367544323206e-13,2,1
5.0,1.3,5.0,0,0.0,CJ endpoint,10.731637475954475,32.37575071864986,32.37575071864986,0.0,0.0,0.0,1.155280664241666e-08,1.5115034706736508e-16,7.16818701892688,8.881784197001252e-16,-1.7763568394002505e-15,1.4210854715202004e-14,1.4210854715202e-14,1,1
5.0,1.3,5.0,1,0.05,same-theta Brent root,12.105564706255876,32.544502360278805,32.54450236027853,2.7352770260586246e-13,9.096386388985659e-13,4.862560234697962e-14,4.862560234697962e-14,4.350559675618995e-15,7.234876614592811,0.06668959566593191,0.6878862150228233,0.47318744481907515,6.492584248007915e-13,3,2
5.0,1.3,5.0,2,0.1,same-theta Brent root,13.479491936557277,32.98969148032057,32.98969148032033,2.353610464283002e-13,5.756803973448965e-13,3.187454817929256e-14,3.187454817929256e-14,4.7882328912566045e-15,7.411683217925595,0.24349619899871566,1.3306944368231406,1.7707476841928482,7.929212841872868e-13,3,2
5.0,1.3,5.0,3,0.15000000000000002,same-theta Brent root,14.85341916685868,33.644726953909576,33.64472695390951,6.361109362927034e-14,1.176805232141501e-13,6.81140304378822e-15,6.81140304378822e-15,1.3724575784405025e-15,7.674051976669925,0.5058649577430456,1.952296888767071,3.811463141889817,2.313704783318826e-13,3,2
5.0,1.3,5.0,4,0.2,same-theta Brent root,16.227346397160076,34.46554238517939,34.465542385179184,2.0355549961366507e-13,3.0851380410196113e-13,1.8121706781751635e-14,1.8121706781751635e-14,3.956413215651872e-15,8.006367520007185,0.8381805010803056,2.5678493972410283,6.59385052691195,8.375522497772181e-13,3,2
5.0,1.3,5.0,5,0.25,same-theta Brent root,17.60127362746148,35.42214563481539,35.422145634815514,1.2722218725854067e-13,1.8129161684342046e-13,1.063807392727475e-14,1.063807392727475e-14,2.2961824695484285e-15,8.3982935160541,1.2301064971272204,3.1873482798066153,10.159189056785593,-5.968558980384842e-13,3,2
5.0,1.3,5.0,6,0.30000000000000004,same-theta Brent root,18.975200857762882,36.49376497646786,36.49376497646776,9.54166404439055e-14,1.176805232141501e-13,7.200398213880083e-15,7.200398213880083e-15,1.6726252747340493e-15,8.842752110061827,1.674565091134948,3.817610942261357,14.574153306474152,5.044853423896711e-13,3,2
5.0,1.3,5.0,7,0.35000000000000003,same-theta Brent root,20.349128088064283,37.66597412552647,37.66597412552643,3.81666561775622e-14,3.498610149609868e-14,2.3317901384832046e-15,2.3317901384832046e-15,6.368390029657339e-16,9.334768067943584,2.1665810490167043,4.463438369474355,19.922282078096075,1.8474111129762605e-13,3,2
5.0,1.3,5.0,8,0.4,same-theta Brent root,21.723055318365684,38.92896238651469,38.92896238651466,2.5444437451708134e-14,2.2263882770244617e-14,1.5322741325322104e-15,1.5322741325322104e-15,5.217702255121967e-16,9.870793216812032,2.702606197885153,5.128336871515323,26.299839067743704,1.3500311979441904e-13,3,2
5.0,1.3,5.0,9,0.45,same-theta Brent root,23.096982548667082,40.27650844387099,40.2765084438709,8.905553108097847e-14,8.905553108097847e-14,5.508917116918836e-15,5.508917116918836e-15,1.4833631930119107e-15,10.448313671507675,3.2801266525807957,5.814997603832747,33.814197132581164,5.684341886080801e-13,3,2
5.0,1.3,5.0,10,0.5,same-theta Brent root,24.470909778968487,41.70542537505541,41.7054253750553,1.1449996853268662e-13,4.4527765540489235e-14,2.782637396618417e-15,2.782637396618417e-15,7.717776541064645e-16,11.065637222606377,3.8974502036794973,6.525645955074268,42.584055130977454,3.055333763768431e-13,3,2
5.0,1.3,5.0,11,0.55,same-theta Brent root,25.844837009269888,43.21536802538712,43.21536802538712,6.3611093629270335e-15,6.3611093629270335e-15,5.914139843328108e-16,5.914139843328108e-16,6.882180358710405e-17,11.72181095265716,4.553623933730281,7.262331876117839,52.74146427887719,-6.394884621840902e-14,3,2
5.0,1.3,5.0,12,0.6000000000000001,same-theta Brent root,27.21876423957129,44.80898383173155,44.80898383173154,1.90833280887811e-14,2.5444437451708134e-14,1.5590504333066887e-15,1.5590504333066887e-15,4.235370625143811e-16,12.41665409105511,5.24846707212823,8.027216904284803,64.43621122843592,2.2737367544323206e-13,3,2
5.0,1.3,5.0,13,0.65,same-theta Brent root,28.592691469872687,46.49248239351664,46.492482393516575,6.997220299219736e-14,2.5444437451708134e-14,1.4976567705591635e-15,1.4976567705591635e-15,3.807212321653193e-16,13.150923751290172,5.982736732363293,8.822918518035655,77.84389117589669,2.1316282072803006e-13,3,2
5.0,1.3,5.0,14,0.7000000000000001,same-theta Brent root,29.96661870017409,48.27684710229996,48.276847102299946,1.2722218725854067e-14,6.3611093629270335e-15,2.6207991260985083e-16,2.6207991260985083e-16,2.8937689459967217e-16,13.926678506329262,6.758491487402383,9.653004341978052,93.18049282624729,1.5631940186722204e-13,3,2
5.0,1.3,5.0,15,0.75,same-theta Brent root,31.340545930475493,50.180222771893256,50.180222771893256,0.0,6.3611093629270335e-15,2.526665904111744e-16,2.526665904111744e-16,1.518975409033614e-16,14.74800110397821,7.57981408505133,10.522817224563163,110.72968234156325,7.105427357601002e-14,3,2
5.0,1.3,5.0,16,0.8,same-theta Brent root,32.71447316077689,52.23280525214818,52.23280525214817,1.90833280887811e-14,1.2722218725854067e-14,6.098164751518929e-16,6.098164751518929e-16,1.889167932165651e-16,15.622485839546746,8.454298820619867,11.441055205275026,130.89774421015082,5.684341886080802e-14,3,2
5.0,1.3,5.0,17,0.8500000000000001,same-theta Brent root,34.088400391078295,54.4879899115362,54.48798991153619,6.3611093629270335e-15,6.3611093629270335e-15,2.3570756914704137e-16,2.3570756914704137e-16,1.9255893071088605e-18,16.56464668744899,9.396459668522112,12.423291782072216,154.338178702503,-5.684341886080802e-14,3,2
5.0,1.3,5.0,18,0.9,same-theta Brent root,35.46232762137969,57.053093905781175,57.053093905781175,0.0,6.3611093629270335e-15,3.4169538769135646e-16,3.4169538769135646e-16,8.752064091719837e-17,17.60536302472595,10.43717600579907,13.501638096263253,182.2942312824672,0.0,3,2
5.0,1.3,5.0,19,0.9500000000000001,same-theta Brent root,36.8362548516811,60.21045030105914,60.210450301059176,3.81666561775622e-14,6.3611093629270335e-15,4.395078230365202e-16,4.395078230365202e-16,5.261839457924821e-17,18.829354523880035,11.661167504953156,14.762976074389343,217.94546257299203,-1.4210854715202004e-13,3,2
5.0,1.3,5.0,20,1.0,detachment endpoint,38.210182081982495,66.9763863265097,66.97638602084741,3.056622841634044e-07,6.3611093629270335e-15,4.144207382690242e-16,4.144207382690242e-16,3.9333022700088973e-17,21.175815029763992,14.007628010837113,17.16591977065771,294.6688015726571,-1.1368683772161603e-13,2,1
5.0,1.3,10.0,0,0.0,CJ endpoint,14.04996574336338,45.08161653647549,45.08161653647549,0.0,0.0,0.0,0.0,1.422252215937258e-16,12.535611883965009,0.0,0.0,0.0,0.0,1,1
5.0,1.3,10.0,1,0.05,same-theta Brent root,14.897487945946288,45.14086700724832,45.14086700724827,5.088887490341627e-14,4.325554366790383e-13,1.7262307862446546e-14,1.7262307862446546e-14,9.646414774418317e-16,12.561464579408007,0.02585269544299784,0.568054027324024,0.32268537795940233,3.593236819199319e-13,3,2
5.0,1.3,10.0,2,0.1,same-theta Brent root,15.745010148529191,45.30969018789303,45.309690187893054,1.90833280887811e-14,2.2263882770244617e-14,7.476214581166755e-16,7.476214581166755e-16,1.192793418603801e-16,12.635125204149254,0.0995133201842453,1.1177767266519822,1.2494248106448254,5.10702591327572e-15,3,2
5.0,1.3,10.0,3,0.15000000000000002,same-theta Brent root,16.5925323511121,45.57663639444718,45.576636394447185,6.3611093629270335e-15,1.1131941385122308e-13,4.701434071087237e-15,4.701434071087237e-15,6.277307677166481e-16,12.751588102341985,0.21597621837697645,1.654330911209378,2.7368107637830974,2.4646951146678475e-13,3,2
5.0,1.3,10.0,4,0.2,same-theta Brent root,17.440054553695003,45.93249808790255,45.93249808790258,2.5444437451708134e-14,6.997220299219736e-14,2.9165478490996076e-15,2.9165478490996076e-15,5.551661739841036e-16,12.906807201709997,0.3711953177449878,2.182048380748043,4.76133513592535,1.9451107391432743e-13,3,2
5.0,1.3,10.0,5,0.25,same-theta Brent root,18.28757675627791,46.36996284069027,46.36996284069024,2.5444437451708134e-14,1.2722218725854067e-13,5.421065822488553e-15,5.421065822488553e-15,1.157565628954884e-15,13.097531252987903,0.5619193690228936,2.704612847438911,7.3149306545320485,4.3431924723336124e-13,3,2
5.0,1.3,10.0,6,0.30000000000000004,same-theta Brent root,19.13509895886082,46.88335787666186,46.88335787666185,1.2722218725854067e-14,6.043053894780682e-14,2.625046203693492e-15,2.625046203693492e-15,5.680160806199323e-16,13.32117808408464,0.7855662001196304,3.225213246769366,10.402000487136803,2.078337502098293e-13,3,2
5.0,1.3,10.0,7,0.35000000000000003,same-theta Brent root,19.982621161443728,47.468474562418564,47.468474562418535,2.5444437451708134e-14,4.770832022195275e-14,1.907478875433697e-15,1.907478875433697e-15,4.1088780085090374e-16,13.575742904449905,1.0401310204848961,3.7466754901522368,14.037577228507729,2.255973186038318e-13,3,2
5.0,1.3,10.0,8,0.4,same-theta Brent root,20.830143364026632,48.122467191868985,48.12246719186898,6.3611093629270335e-15,9.54166404439055e-15,4.108600376245311e-16,4.108600376245311e-16,1.603219270133991e-16,13.859737352916445,1.3241254689514363,4.271580751498638,18.246402116573705,3.907985046680551e-14,3,2
5.0,1.3,10.0,9,0.45,same-theta Brent root,21.677665566609537,48.843827452338665,48.84382745233857,9.54166404439055e-14,3.498610149609868e-14,1.593625004088765e-15,1.593625004088765e-15,5.311565722111673e-16,14.172158281660838,1.6365463976958292,4.8023788696007585,23.062842807188048,1.8829382497642655e-13,3,2
5.0,1.3,10.0,10,0.5,same-theta Brent root,22.525187769192442,49.632445431998065,49.63244543199806,6.3611093629270335e-15,6.3611093629270335e-15,1.9324510636750744e-16,1.9324510636750744e-16,9.979746881777257e-18,14.512488440040796,1.976876556075787,5.341507027504505,28.531697324879985,-3.197442310920451e-14,3,2
5.0,1.3,10.0,11,0.55,same-theta Brent root,23.37270997177535,50.489782617167805,50.4897826171678,6.3611093629270335e-15,3.1805546814635168e-15,1.8753782535750723e-16,1.8753782535750723e-16,2.6360007388725955e-16,14.880736025538326,2.345124141573317,5.891527504779917,34.71009633957834,6.394884621840902e-14,3,2
5.0,1.3,10.0,12,0.6000000000000001,same-theta Brent root,24.22023217435826,51.41920761439625,51.41920761439626,6.3611093629270335e-15,9.54166404439055e-15,5.461831564914609e-16,5.461831564914609e-16,2.8358572451097944e-17,15.277528229142744,2.741916345177735,6.455305895867516,41.67097420922187,-4.973799150320701e-14,3,2
5.0,1.3,10.0,13,0.65,same-theta Brent root,25.067754376941163,52.42659372609526,52.426593726095255,6.3611093629270335e-15,6.3611093629270335e-15,3.5358359991196915e-16,3.5358359991196915e-16,1.1052871995858026e-16,15.704289327303039,3.16867744333803,7.036267000365781,49.509053300436534,7.105427357601002e-14,3,2
5.0,1.3,10.0,14,0.7000000000000001,same-theta Brent root,25.91527657952407,53.521379086894086,53.52137908689411,1.90833280887811e-14,6.3611093629270335e-15,1.717030005310627e-16,1.717030005310627e-16,3.2219063948689267e-18,16.163566070845484,3.6279541868804746,7.638799996510617,58.351265386690415,-1.8474111129762605e-13,3,2
5.0,1.3,10.0,15,0.75,same-theta Brent root,26.762798782106973,54.71852568696939,54.71852568696936,3.81666561775622e-14,3.1805546814635168e-15,0.0,0.0,4.2640869347797523e-17,16.659637684255554,4.1240258002905446,8.26896552362074,68.37579083082844,2.842170943040401e-14,3,2
5.0,1.3,10.0,16,0.8,same-theta Brent root,27.61032098468988,56.04243114344243,56.04243114344241,1.90833280887811e-14,9.54166404439055e-15,3.238396069332963e-16,3.238396069332963e-16,7.200992808351984e-17,17.199743230345913,4.664131346380904,8.935871029348982,79.8497910531585,5.684341886080802e-14,3,2
5.0,1.3,10.0,17,0.8500000000000001,same-theta Brent root,28.45784318727279,57.535753488787385,57.53575348878736,2.5444437451708134e-14,1.2722218725854067e-14,4.71328938601285e-16,4.71328938601285e-16,8.33995808947041e-17,17.79686292017215,5.26125103620714,9.65474283003693,93.21405911414968,1.5631940186722204e-13,3,2
5.0,1.3,10.0,18,0.9,same-theta Brent root,29.30536538985569,59.283606552996055,59.28360655299607,1.2722218725854067e-14,0.0,0.0,0.0,1.3147284603254704e-16,18.477367040890897,5.941755156925888,10.455333608418787,109.31400086333139,-2.842170943040401e-14,3,2
5.0,1.3,10.0,19,0.9500000000000001,same-theta Brent root,30.1528875924386,61.50861957560226,61.50861957560227,1.2722218725854067e-14,1.2722218725854067e-14,4.406173558179728e-16,4.406173558179728e-16,2.904414719139196e-17,19.31114186894991,6.775529984984901,11.415021605045249,130.30271824364976,-5.684341886080802e-14,3,2
5.0,1.3,10.0,20,1.0,detachment endpoint,31.000409795021504,66.57095468414758,66.57095413300287,5.511447079767761e-07,0.0,1.3762528515243245e-16,1.3762528515243245e-16,2.86385542647835e-17,21.047595909560332,8.511984025595323,13.35955747559931,178.4777759438412,-1.9895196601282805e-13,2,1
5.0,1.4,2.0,0,0.0,CJ endpoint,7.558918142626177,25.168758418667387,25.168758418667387,0.0,0.0,0.0,5.749611513521039e-09,6.21648107416645e-17,4.521701453968774,0.0,8.881784197001252e-16,-3.552713678800501e-15,-3.552713678800502e-15,1,1
5.0,1.4,2.0,1,0.05,same-theta Brent root,9.08213480442894,25.434922018069663,25.434922018070367,7.029025846034372e-13,2.1961730075505584e-12,1.4179014626944303e-13,1.4179014626944303e-13,1.8337739918886722e-14,4.6114478816160425,0.08974642764726859,0.627704580695581,0.3940130406250013,-1.213862343973915e-12,3,2
5.0,1.4,2.0,2,0.1,same-theta Brent root,10.605351466231703,26.091539470455,26.091539470454855,1.4312496066585825e-13,2.7034714792439894e-13,1.8341466746672686e-14,1.8341466746672686e-14,3.556071627867728e-15,4.835745225326075,0.31404377135730144,1.2038202113640324,1.4491831012888365,2.928768338961163e-13,3,2
5.0,1.4,2.0,3,0.15000000000000002,same-theta Brent root,12.128568128034468,27.007109442172435,27.00710944217245,1.5902773407317584e-14,1.90833280887811e-14,1.2731808912167445e-15,1.2731808912167445e-15,2.8276847192763535e-16,5.155194207475991,0.633492753507217,1.7679586101068052,3.1256776470507415,-4.4853010194856324e-14,3,2
5.0,1.4,2.0,4,0.2,same-theta Brent root,13.651784789837231,28.109680877605633,28.10968087760536,2.7352770260586246e-13,3.5781240166464564e-13,2.5936891427380717e-14,2.5936891427380717e-14,6.176416795367615e-15,5.549815347857574,1.0281138938887997,2.340612960570418,5.478469031190993,7.762679388179095e-13,3,2
5.0,1.4,2.0,5,0.25,same-theta Brent root,15.175001451639995,29.356681834363517,29.356681834363478,3.81666561775622e-14,4.134721085902572e-14,3.192197312900388e-15,3.192197312900388e-15,7.641602820947488e-16,6.008502453049792,1.4868009990810185,2.93336546495376,8.604632950983504,1.1368683772161603e-13,3,2
5.0,1.4,2.0,6,0.30000000000000004,same-theta Brent root,16.69821811344276,30.721530457983054,30.721530457982855,1.9719439025073803e-13,2.1627771833951915e-13,1.6051360246271485e-14,1.6051360246271485e-14,4.0347606553961825e-15,6.524601618434095,2.002900164465321,3.5531919296577055,12.62517288898539,7.407408020299044e-13,3,2
5.0,1.4,2.0,7,0.35000000000000003,same-theta Brent root,18.221434775245523,32.18715016342791,32.18715016342785,5.724998426634331e-14,6.043053894780682e-14,4.562106807119429e-15,4.562106807119429e-15,1.2290329394653515e-15,7.093872289841126,2.5721708358723525,4.204497735067316,17.677801204186444,2.5224267119483557e-13,3,2
5.0,1.4,2.0,8,0.4,same-theta Brent root,19.744651437048287,33.74262999230869,33.742629992308686,6.3611093629270335e-15,6.3611093629270335e-15,4.9719368925532e-16,4.9719368925532e-16,1.440546434248709e-16,7.713486267368756,3.191784813399982,4.890184756976568,23.913906957366006,2.842170943040401e-14,3,2
5.0,1.4,2.0,9,0.45,same-theta Brent root,21.267868098851046,35.38145619146561,35.3814561914655,1.0177774980683254e-13,8.905553108097847e-14,6.760798885095661e-15,6.760798885095661e-15,1.7134090754633502e-15,8.381526580058544,3.8598251260897705,5.6122726772627205,31.497604603950215,5.506706202140776e-13,3,2
5.0,1.4,2.0,10,0.5,same-theta Brent root,22.79108476065381,37.10061356747831,37.10061356747823,8.905553108097847e-14,2.5444437451708134e-14,1.9470597707423625e-15,1.9470597707423625e-15,4.3955508635355326e-16,9.096754517117441,4.575053063148667,6.372310068285123,40.606335606368134,1.8474111129762605e-13,3,2
5.0,1.4,2.0,11,0.55,same-theta Brent root,24.314301422456577,38.90024466428742,38.90024466428745,2.5444437451708134e-14,1.5902773407317584e-14,1.1457129758303709e-15,1.1457129758303709e-15,2.6830768264206674e-16,9.858544388373687,5.336842934404913,7.171696437173154,51.43322978696198,-1.3500311979441904e-13,3,2
5.0,1.4,2.0,12,0.6000000000000001,same-theta Brent root,25.83751808425934,40.783759880465894,40.78375988046588,1.2722218725854067e-14,9.54166404439055e-15,5.496663910976182e-16,5.496663910976182e-16,1.4152292221265919e-16,10.666952365036815,6.145250911068041,8.011993605896892,64.19204154093276,8.526512829121202e-14,3,2
5.0,1.4,2.0,13,0.65,same-theta Brent root,27.360734746062104,42.758441813758466,42.75844181375846,6.3611093629270335e-15,3.1805546814635168e-15,1.3226800083848096e-16,1.3226800083848096e-16,1.4271480241249048e-16,11.522933427248029,7.001231973279255,8.895300312901153,79.12636765669937,2.842170943040401e-14,3,2
5.0,1.4,2.0,14,0.7000000000000001,same-theta Brent root,28.883951407864863,44.83677117901856,44.836771179018626,6.361109362927034e-14,1.2722218725854067e-14,1.1490321775884945e-15,1.1490321775884945e-15,2.9833711594294132e-16,12.428778376356723,7.907076922387949,9.824795755093355,96.52661162930059,1.8474111129762605e-13,3,2
5.0,1.4,2.0,15,0.75,same-theta Brent root,30.40716806966763,47.0390536196486,47.039053619648556,4.4527765540489235e-14,2.5444437451708134e-14,1.6059750344256006e-15,1.6059750344256006e-15,3.624652523040868e-16,13.388953953059682,8.867252499090908,10.80565555926607,116.76219206549798,2.7000623958883807e-13,3,2
5.0,1.4,2.0,16,0.8,same-theta Brent root,31.930384731470394,49.39880413706024,49.39880413706021,2.5444437451708134e-14,1.90833280887811e-14,1.0780809921371423e-15,1.0780809921371423e-15,3.493069036516487e-16,14.411807300597683,9.89010584662891,11.84681587906388,140.34704647244027,1.7053025658242404e-13,3,2
5.0,1.4,2.0,17,0.8500000000000001,same-theta Brent root,33.45360139327316,51.97502769978919,51.975027699789166,1.90833280887811e-14,6.3611093629270335e-15,1.1634011789099221e-16,1.1634011789099221e-16,1.5958719537398407e-16,15.51344999025666,10.991748536287886,12.964916255169118,168.0890535035485,8.526512829121202e-14,3,2
5.0,1.4,2.0,18,0.9,same-theta Brent root,34.976818055075924,54.886075597990555,54.88607559799053,1.90833280887811e-14,6.3611093629270335e-15,4.523923844707757e-16,4.523923844707757e-16,1.7164544114701887e-17,16.728507025325904,12.20680557135713,14.19514100887959,201.50202826197525,1.9895196601282805e-13,3,2
5.0,1.4,2.0,19,0.9500000000000001,same-theta Brent root,36.50003471687869,58.44317282902959,58.44317282902958,1.2722218725854067e-14,0.0,0.0,0.0,5.199595345813906e-17,18.15277711652124,13.631075662552465,15.634170538672999,244.42728843231075,-2.842170943040401e-14,3,2
5.0,1.4,2.0,20,1.0,detachment endpoint,38.023251378681444,65.9755286829949,65.9755286769729,6.021998622789393e-09,6.3611093629270335e-15,2.100794548880883e-16,2.100794548880883e-16,5.12185882598981e-17,20.85619450613098,16.334493052162205,18.359272812160796,337.06289819134685,2.8421709430404007e-13,2,1
5.0,1.4,5.0,0,0.0,CJ endpoint,11.422562094275685,36.25380882506192,36.25380882506192,0.0,0.0,0.0,1.4010832519195925e-16,2.6580233074623715e-16,8.742762534440425,-1.7763568394002505e-15,0.0,-2.1316282072803006e-14,-2.1316282072803006e-14,1,1
5.0,1.4,5.0,1,0.05,same-theta Brent root,12.513427427398732,36.3666854856944,36.36668548569444,3.81666561775622e-14,6.202081628853858e-14,2.9332673445382558e-15,2.9332673445382558e-15,1.6908052954482154e-16,8.789765760464292,0.04700322602386464,0.6385695753598881,0.4077711025752606,-4.723998969780041e-14,3,2
5.0,1.4,5.0,2,0.1,same-theta Brent root,13.604292760521776,36.674962230778284,36.674962230778185,1.0177774980683254e-13,2.671665932429354e-13,1.2953883957794477e-14,1.2953883957794477e-14,1.7655502572135532e-15,8.918427301929524,0.17566476748909743,1.2436080031780907,1.5465608655690133,4.1522341120980855e-13,3,2
5.0,1.4,5.0,3,0.15000000000000002,same-theta Brent root,14.695158093644823,37.142939274946286,37.142939274946265,1.90833280887811e-14,3.498610149609868e-14,1.6955280331366337e-15,1.6955280331366337e-15,2.7045234822441394e-16,9.114528645680233,0.37176611123980585,1.8291938504748053,3.3459501426149174,7.283063041541027e-14,3,2
5.0,1.4,5.0,4,0.2,same-theta Brent root,15.786023426767867,37.74475349503279,37.74475349503272,6.997220299219736e-14,1.0495830448829606e-13,5.319721270880136e-15,5.319721270880136e-15,1.0460377553483588e-15,9.368033699216758,0.6252711647763309,2.4054194281183516,5.786042625169543,3.2507330161024584e-13,3,2
5.0,1.4,5.0,5,0.25,same-theta Brent root,16.876888759890914,38.46150931942404,38.461509319423946,9.54166404439055e-14,1.335832966214677e-13,6.8564799295767885e-15,6.8564799295767885e-15,1.4812795733538965e-15,9.67175008373636,0.9289875492959325,2.979710977933511,8.878677512017973,4.920508445138694e-13,3,2
5.0,1.4,5.0,6,0.30000000000000004,same-theta Brent root,17.96775409301396,39.27940639117741,39.279406391177375,3.81666561775622e-14,4.134721085902572e-14,2.118220036331933e-15,2.118220036331933e-15,5.325191155135467e-16,10.020475503876451,1.277712969436024,3.557688335064439,12.657146289453735,1.545430450278218e-13,3,2
5.0,1.4,5.0,7,0.35000000000000003,same-theta Brent root,19.058619426137003,40.18851316392629,40.188513163926245,4.4527765540489235e-14,5.406942958487979e-14,2.641269481620863e-15,2.641269481620863e-15,7.561953377620239e-16,10.410448944954512,1.6676864105140847,4.143743925853769,17.17061372305028,2.7000623958883807e-13,3,2
5.0,1.4,5.0,8,0.4,same-theta Brent root,20.149484759260048,41.181976232163315,41.181976232163294,1.90833280887811e-14,1.2722218725854067e-14,5.855404557337298e-16,5.855404557337298e-16,1.3087865328888806e-16,10.839000181269325,2.0962376468288983,4.74145039997854,22.48135189545674,8.881784197001252e-14,3,2
5.0,1.4,5.0,9,0.45,same-theta Brent root,21.240350092383096,42.25554226284582,42.255542262845815,6.3611093629270335e-15,6.3611093629270335e-15,3.7556989725744704e-16,3.7556989725744704e-16,1.4321716739212325e-16,11.304335251041413,2.5615727166009865,5.353866195977243,28.66388324442788,4.263256414560601e-14,3,2
5.0,1.4,5.0,10,0.5,same-theta Brent root,22.33121542550614,43.40732772374098,43.40732772374096,1.2722218725854067e-14,1.2722218725854067e-14,5.428098173909245e-16,5.428098173909245e-16,1.9288533179595142e-16,11.805423547645802,3.062661013205375,5.9837866179145145,35.8057022887329,7.815970093361102e-14,3,2
5.0,1.4,5.0,11,0.55,same-theta Brent root,23.42208075862919,44.63781759581075,44.63781759581073,2.5444437451708134e-14,9.54166404439055e-15,5.237536493393413e-16,5.237536493393413e-16,1.0567256425251318e-16,12.34197232363294,3.5992097891925123,6.63397835600939,44.00966882800114,9.237055564881302e-14,3,2
5.0,1.4,5.0,12,0.6000000000000001,same-theta Brent root,24.51294609175223,45.95012213109609,45.950122131096094,6.3611093629270335e-15,3.1805546814635168e-15,1.6867991994419115e-16,1.6867991994419115e-16,8.082231508896008e-18,12.914492990298603,4.171730455858176,7.3074359288212065,53.398619853827,-4.973799150320701e-14,3,2
5.0,1.4,5.0,13,0.65,same-theta Brent root,25.60381142487528,47.350589714226345,47.35058971422625,9.54166404439055e-14,0.0,0.0,0.0,4.8813385141758045e-17,13.524487803792267,4.78172526935184,8.007711895857108,64.12344980705143,-1.4210854715202004e-14,3,2
5.0,1.4,5.0,14,0.7000000000000001,same-theta Brent root,26.694676757998323,48.85000264927195,48.85000264927195,0.0,6.3611093629270335e-15,3.160447062917219e-16,3.160447062917219e-16,4.3863572737979395e-17,14.174828463268511,5.432065928828084,8.739409664755575,76.37728128842322,5.684341886080802e-14,3,2
5.0,1.4,5.0,15,0.75,same-theta Brent root,27.785542091121368,50.46586980410408,50.46586980410408,0.0,6.3611093629270335e-15,3.0634444013078077e-16,3.0634444013078077e-16,3.7336139672158133e-17,14.870492255637105,6.127729721196678,9.509020226119445,90.42146566074878,8.526512829121202e-14,3,2
5.0,1.4,5.0,16,0.8,same-theta Brent root,28.876407424244412,52.22707409965781,52.22707409965781,0.0,6.3611093629270335e-15,4.457064300387545e-16,4.457064300387545e-16,8.862487927796473e-17,15.620064367470373,6.8773018330299465,10.326532298088535,106.63726930346577,8.526512829121202e-14,3,2
5.0,1.4,5.0,17,0.8500000000000001,same-theta Brent root,29.96727275736746,54.18442411028369,54.184424110283686,6.3611093629270335e-15,1.2722218725854067e-14,4.3242183365452037e-16,4.3242183365452037e-16,1.280502724114393e-16,16.439163567107407,7.69640103266698,11.209017736639682,125.64207862030308,9.947598300641403e-14,3,2
5.0,1.4,5.0,18,0.9,same-theta Brent root,31.058138090490502,56.43966953812678,56.439669538126765,1.2722218725854067e-14,1.2722218725854067e-14,4.1932308962831193e-16,4.1932308962831193e-16,1.1128207999883259e-16,17.359896804188473,8.617134269748046,12.190444252451096,148.60693107211813,1.7053025658242404e-13,3,2
5.0,1.4,5.0,19,0.9500000000000001,same-theta Brent root,32.14900342361355,59.25969935622555,59.25969935622558,2.5444437451708134e-14,1.2722218725854067e-14,4.056324843208013e-16,4.056324843208013e-16,6.796465754855503e-17,18.468203440602146,9.725440906161719,13.360352620169813,178.4990221352785,1.1368683772161603e-13,3,2
5.0,1.4,5.0,20,1.0,detachment endpoint,33.2398687567366,65.4847215478147,65.48472156030077,1.2486068901864763e-08,6.3611093629270335e-15,1.2775904530545165e-16,1.2775904530545165e-16,1.0831564138065873e-16,20.695705438237827,11.9529429037974,15.684623170178044,246.00740399048607,1.1368683772161603e-13,2,1
5.0,1.4,10.0,0,0.0,CJ endpoint,14.019793418381303,52.29886928925279,52.29886928925279,0.0,0.0,1.3543760309106897e-16,7.3585062727407e-09,2.487639542150935e-16,15.650389541134771,0.0,0.0,2.842170943040401e-14,2.842170943040401e-14,1,1
5.0,1.4,10.0,1,0.05,same-theta Brent root,14.5390845830341,52.32611212737411,52.326112127374095,1.90833280887811e-14,1.5584717939171232e-13,5.716040672148064e-15,5.716040672148064e-15,1.884378249621922e-16,15.661891324905442,0.01150178377067057,0.42356199958367213,0.17940476749143386,1.1518563880486e-13,3,2
5.0,1.4,10.0,2,0.1,same-theta Brent root,15.058375747686897,52.40615019306799,52.406150193067944,3.81666561775622e-14,2.0355549961366507e-13,7.436310091731418e-15,7.436310091731418e-15,3.344448887703929e-16,15.695666398197785,0.045276857063013765,0.8412832020913044,0.7077574261213044,3.0597746558669314e-13,3,2
5.0,1.4,10.0,3,0.15000000000000002,same-theta Brent root,15.577666912339698,52.53677631830146,52.536776318301456,6.3611093629270335e-15,1.90833280887811e-14,6.40151579419047e-16,6.40151579419047e-16,9.911448866615466e-17,15.750735311845277,0.10034577071050599,1.2546345935705432,1.574107963384023,1.0080825063596421e-13,3,2
5.0,1.4,10.0,4,0.2,same-theta Brent root,16.096958076992497,52.71621794182738,52.71621794182739,6.3611093629270335e-15,3.1805546814635168e-15,1.2563829362390504e-16,1.2563829362390504e-16,3.048896960826994e-17,15.826273272660139,0.17588373152536718,1.665036246443801,2.772345701971659,-3.1086244689504383e-15,3,2
5.0,1.4,10.0,5,0.25,same-theta Brent root,16.616249241645296,52.94314121971306,52.94314121971303,3.81666561775622e-14,5.088887490341627e-14,1.7260018470760357e-15,1.7260018470760357e-15,2.29116619147972e-16,15.921611925138123,0.27122238400335164,2.073877400209888,4.3009674711014725,1.4921397450962104e-13,3,2
5.0,1.4,10.0,6,0.30000000000000004,same-theta Brent root,17.13554040629809,53.2166675409641,53.21666754096407,3.180554681463517e-14,6.043053894780682e-14,2.0565365198743675e-15,2.0565365198743675e-15,2.228999441757593e-16,16.036244306868134,0.3858547657333631,2.4825403616753157,6.163006647347174,1.6697754290362354e-13,3,2
5.0,1.4,10.0,7,0.35000000000000003,same-theta Brent root,17.65483157095089,53.536406318018805,53.53640631801878,3.180554681463517e-14,4.4527765540489235e-14,1.6617740636641242e-15,1.6617740636641242e-15,3.2554629129497637e-16,16.169834496792628,0.5194449556578569,2.8924295010167427,8.366148418352225,2.611244553918368e-13,3,2
5.0,1.4,10.0,8,0.4,same-theta Brent root,18.17412273560369,53.90250990585335,53.902509905853336,1.2722218725854067e-14,3.180554681463517e-14,1.1646064912478946e-15,1.1646064912478946e-15,1.3028495795165976e-16,16.322234024757922,0.6718444836231505,3.3050075035442035,10.923074598483623,1.3500311979441904e-13,3,2
5.0,1.4,10.0,9,0.45,same-theta Brent root,18.693413900256488,54.315759810115935,54.31575981011598,3.81666561775622e-14,2.2263882770244617e-14,7.998069319215205e-16,7.998069319215205e-16,2.7070191079803136e-16,16.493508105718607,0.8431185645838362,3.7218423971543615,13.852110829255878,1.545430450278218e-13,3,2
5.0,1.4,10.0,10,0.5,same-theta Brent root,19.212705064909287,54.77769900358542,54.77769900358541,6.3611093629270335e-15,2.5444437451708134e-14,7.846138957704921e-16,7.846138957704921e-16,4.3420990836689356e-17,16.683976525338373,1.0335869842036018,4.14467112427981,17.178298728438904,3.907985046680551e-14,3,2
5.0,1.4,10.0,11,0.55,same-theta Brent root,19.731996229562082,55.29083523156223,55.29083523156221,1.2722218725854067e-14,1.5902773407317584e-14,4.397818829709636e-16,4.397818829709636e-16,8.121586155809283e-18,16.894277185997506,1.2438876448627347,4.575489372756984,20.935103000212195,9.947598300641403e-14,3,2
5.0,1.4,10.0,12,0.6000000000000001,same-theta Brent root,20.251287394214884,55.858958958192424,55.85895895819242,6.3611093629270335e-15,1.5902773407317584e-14,4.313051598686029e-16,4.313051598686029e-16,7.188573401468587e-17,17.12546629615452,1.4750767550197494,5.016684711299078,25.167125492582045,1.3145040611561853e-13,3,2
5.0,1.4,10.0,13,0.65,same-theta Brent root,20.77057855886768,56.487656753697955,56.487656753697934,1.90833280887811e-14,2.5444437451708134e-14,8.45785732000848e-16,8.45785732000848e-16,1.1055918367652788e-16,17.379181037271188,1.7287914961364166,5.471244577449497,29.934517226270742,2.2026824808563106e-13,3,2
5.0,1.4,10.0,14,0.7000000000000001,same-theta Brent root,21.28986972352048,57.185179964084355,57.18517996408432,3.180554681463517e-14,1.5902773407317584e-14,4.1450662790631333e-16,4.1450662790631333e-16,1.2147064366712564e-16,17.65791578214318,2.00752624100841,5.943101551367626,35.3204560498684,1.2079226507921703e-13,3,2
5.0,1.4,10.0,15,0.75,same-theta Brent root,21.809160888173277,57.964012729602736,57.964012729602715,2.5444437451708134e-14,1.2722218725854067e-14,4.060910826394171e-16,4.060910826394171e-16,1.1882012208212403e-17,17.965521783425572,2.315132242290801,6.4377504331688264,41.444630639765506,9.237055564881302e-14,3,2
5.0,1.4,10.0,16,0.8,same-theta Brent root,22.328452052826076,58.84396684169475,58.84396684169472,2.5444437451708134e-14,6.3611093629270335e-15,3.975611205867893e-16,3.975611205867893e-16,7.29448176342337e-17,18.30819467772119,2.6578051365864184,6.96346108475251,48.4897902788627,9.947598300641403e-14,3,2
5.0,1.4,10.0,17,0.8500000000000001,same-theta Brent root,22.84774321747887,59.85912313722781,59.859123137227805,1.2722218725854067e-14,1.2722218725854067e-14,3.8877292823603653e-16,3.8877292823603653e-16,1.700338133320663e-17,18.696690819769852,3.046301278635081,7.533996692097762,56.76110615654011,8.526512829121202e-14,3,2
5.0,1.4,10.0,18,0.9,same-theta Brent root,23.36703438213167,61.07680403228954,61.076804032289516,2.5444437451708134e-14,1.2722218725854067e-14,5.691658725372618e-16,5.691658725372618e-16,3.968770766622266e-17,19.152386820186354,3.501997279051583,8.17605297849271,66.84784230711966,1.5631940186722204e-13,3,2
5.0,1.4,10.0,19,0.9500000000000001,same-theta Brent root,23.88632554678447,62.67196364427577,62.67196364427575,2.5444437451708134e-14,3.1805546814635168e-15,1.8441743126793995e-16,1.8441743126793995e-16,5.491670129605782e-18,19.731039593070488,4.0806500519357165,8.958500422387768,80.25472981792188,5.684341886080802e-14,3,2
5.0,1.4,10.0,20,1.0,detachment endpoint,24.40561671143727,66.48827214918232,66.48827194725409,2.0192823878309726e-07,6.3611093629270335e-15,3.4893324515497245e-16,3.4893324515497245e-16,2.5960114166118354e-17,21.021236273913075,5.370846732778304,10.609366692121728,112.55866160790202,8.526512829121202e-14,2,1
7.0,1.2,2.0,0,0.0,CJ endpoint,4.438325738409667,14.68535813189869,14.68535813189869,0.0,0.0,0.0,1.0801375743360683e-08,5.49978325320816e-17,3.149117372106353,-8.881784197001252e-16,8.881784197001252e-16,-8.881784197001252e-16,-8.88178419700126e-16,1,1
7.0,1.2,2.0,1,0.05,same-theta Brent root,6.809862925851362,15.396920657975414,15.396920657974553,8.619303186766131e-13,1.7174995279902991e-12,2.030868118752202e-13,2.030868118752202e-13,3.7343326172100176e-14,3.4541341879329392,0.3050168158265856,0.9781161161869445,0.9567111367462902,1.6578960426727463e-12,3,2
7.0,1.2,2.0,2,0.1,same-theta Brent root,9.181400113293057,16.844697984691887,16.84469798468659,5.295623544636756e-12,7.598345134016342e-12,1.0033620009448057e-12,1.0033620009448057e-12,2.0284756547105287e-13,4.114608501634831,0.9654911295284774,1.9146871762012259,3.6660269827248824,1.545830130567083e-11,3,2
7.0,1.2,2.0,3,0.15000000000000002,same-theta Brent root,11.552937300734751,18.6366341875192,18.636634187523846,4.646790389618198e-12,5.764755360152624e-12,8.22104537386027e-13,8.22104537386027e-13,1.5628449024753638e-13,5.003975032873266,1.8548576607669127,2.9483304906920926,8.692652682325019,-1.9657164784803172e-11,3,2
7.0,1.2,2.0,4,0.2,same-theta Brent root,13.924474488176445,20.640643176876157,20.640643176878317,2.159596628713728e-12,2.455388214089835e-12,3.688738258393875e-13,3.688738258393875e-13,6.429093711910063e-14,6.088748337280026,2.9396309651736723,4.118882786894068,16.965195412159524,-1.2722267683784594e-11,3,2
7.0,1.2,2.0,5,0.25,same-theta Brent root,16.29601167561814,22.79408601654032,22.794086016539648,6.71097037788802e-13,7.188053580107548e-13,1.1157898742326922e-13,1.1157898742326922e-13,1.789984983605491e-14,7.354634930176062,4.205517558069708,5.440090734373539,29.594587198222168,5.332623231879552e-12,3,2
7.0,1.2,2.0,6,0.30000000000000004,same-theta Brent root,18.66754886305984,25.0613370303901,25.061337030390344,2.449027104726908e-13,2.480832651541543e-13,3.916303632770663e-14,3.916303632770663e-14,5.834125165443461e-15,8.791923350311475,5.642805978205121,6.915146316842587,47.81924858333903,-2.5650592760939617e-12,3,2
7.0,1.2,2.0,7,0.35000000000000003,same-theta Brent root,21.039086050501528,27.420317258950924,27.42031725895052,4.0711099922733015e-13,4.007498898644031e-13,6.299096642656993e-14,6.299096642656993e-14,8.756472746324809e-15,10.391610146429535,7.242492774323182,8.54173945562317,72.96131292775488,5.286437954055145e-12,3,2
7.0,1.2,2.0,8,0.4,same-theta Brent root,23.410623237943224,29.85704820660128,29.857048206601384,1.0177774980683254e-13,9.859719512536902e-14,1.5209690085663824e-14,1.5209690085663824e-14,2.088014583477606e-15,12.144277885268274,8.99516051316192,10.314229104446973,106.38332201901937,-1.6342482922482304e-12,3,2
7.0,1.2,2.0,9,0.45,same-theta Brent root,25.78216042538492,32.36306133311382,32.36306133311363,1.90833280887811e-13,2.4172215579122726e-13,3.6865428092905393e-14,3.6865428092905393e-14,4.897013620842352e-15,14.03983221788096,10.890714845774607,12.22478917408895,149.4454703509275,5.087485988042317e-12,3,2
7.0,1.2,2.0,10,0.5,same-theta Brent root,28.153697612826612,34.93408190872507,34.93408190872514,6.997220299219736e-14,5.088887490341627e-14,7.559150403782428e-15,7.559150403782428e-15,9.387583578219844e-16,16.067554581170203,12.91843720906385,14.264131741451873,203.46545433749355,-1.2789769243681803e-12,3,2
7.0,1.2,2.0,11,0.55,same-theta Brent root,30.525234800268315,37.5694315352733,37.56943153527323,6.997220299219736e-14,6.361109362927034e-14,9.416274287633773e-15,9.416274287633773e-15,1.0856510688271609e-15,18.216307320211296,15.067189948104943,16.422057940698213,269.6839870076512,1.9326762412674725e-12,3,2
7.0,1.2,2.0,12,0.6000000000000001,same-theta Brent root,32.896771987710004,40.27196424426358,40.271964244263344,2.353610464283002e-13,1.2722218725854067e-13,1.7504591994718038e-14,1.7504591994718038e-14,2.2909955813239176e-15,20.47486130147636,17.325743929370006,18.687975442413187,349.24042613624283,4.490630090003833e-12,3,2
7.0,1.2,2.0,13,0.65,same-theta Brent root,35.26830917515169,43.04854895311313,43.04854895311303,1.0177774980683254e-13,8.905553108097847e-14,1.1562396194094348e-14,1.1562396194094348e-14,1.6249650190907534e-15,22.83238730279468,19.683269930688326,21.051499565631765,443.1656339617981,3.694822225952521e-12,3,2
7.0,1.2,2.0,14,0.7000000000000001,same-theta Brent root,37.63984636259339,45.911312268313,45.91131226831295,5.088887490341627e-14,4.4527765540489235e-14,5.503347919827855e-15,5.503347919827855e-15,6.963441438845802e-16,25.279233143512023,22.13011577140567,23.503296650183493,552.4049534265284,1.8189894035458565e-12,3,2
7.0,1.2,2.0,15,0.75,same-theta Brent root,40.01138355003509,48.880219100768905,48.88021910076887,3.180554681463517e-14,3.180554681463517e-14,3.629524662940191e-15,3.629524662940191e-15,5.504366661023115e-16,27.80827040151734,24.659153029410987,26.036472469697394,677.897898665312,1.7053025658242404e-12,3,2
7.0,1.2,2.0,16,0.8,same-theta Brent root,42.38292073747678,51.988465570713835,51.98846557071385,1.2722218725854067e-14,6.3611093629270335e-15,1.0573719567735823e-15,1.0573719567735823e-15,1.0834324483780769e-16,30.417514601467655,27.2683972293613,28.64922006929235,820.7778105787435,-1.1368683772161603e-13,3,2
7.0,1.2,2.0,17,0.8500000000000001,same-theta Brent root,44.754457924918476,55.29490029209186,55.29490029209184,1.90833280887811e-14,1.2722218725854067e-14,1.2590057754873846e-15,1.2590057754873846e-15,1.6623544852609297e-16,33.11603778669294,29.96692041458659,31.35075269212004,982.8696943624726,6.821210263296962e-13,3,2
7.0,1.2,2.0,18,0.9,same-theta Brent root,47.125995112360165,58.91848837509896,58.91848837509896,0.0,0.0,2.2355229794025773e-16,2.2355229794025773e-16,1.321432100123967e-16,35.940456831523086,32.79133945941673,34.177812299443055,1168.122853575961,0.0,3,2
7.0,1.2,2.0,19,0.9500000000000001,same-theta Brent root,49.49753229980187,63.17497614001162,63.17497614001164,1.2722218725854067e-14,0.0,2.1860157161025587e-16,2.1860157161025587e-16,3.9448473317100477e-17,39.02153189588982,35.87241452378347,37.26131113630055,1388.4053075961954,0.0,3,2
7.0,1.2,2.0,20,1.0,detachment endpoint,51.869069487243564,71.4927645414592,71.49276440756456,1.338946347581268e-07,1.2722218725854067e-14,4.2401653874167374e-16,4.2401653874167374e-16,1.6132749536065447e-16,44.062845433358575,40.91372806125222,42.30582879677147,1789.783150181739,6.821210263296962e-13,2,1
7.0,1.2,5.0,0,0.0,CJ endpoint,6.970515969420319,19.545301238443194,19.545301238443194,0.0,0.0,1.395184688219785e-16,0.0,6.803377566490469e-17,5.484328953431143,-8.881784197001252e-16,2.6645352591003757e-15,-7.105427357601002e-15,-7.105427357601008e-15,1,1
7.0,1.2,5.0,1,0.05,same-theta Brent root,9.126369201696434,20.032091395295296,20.03209139529923,3.93434614097037e-12,9.813601469655682e-12,9.219261299228062e-13,9.219261299228062e-13,1.2216032306602567e-13,5.749564173180863,0.2652352197497194,1.2151644059612003,1.476624533500047,-1.499000923388394e-11,3,2
7.0,1.2,5.0,2,0.1,same-theta Brent root,11.282222433972548,21.140828399033584,21.140828399030127,3.4572629387508427e-12,5.6756998290716455e-12,5.871678130641014e-13,5.871678130641014e-13,1.0060954735279253e-13,6.373760222398241,0.8894312689670976,2.346666737953785,5.506844779036044,1.738520438721025e-11,3,2
7.0,1.2,5.0,3,0.15000000000000002,same-theta Brent root,13.438075666248665,22.599689143617262,22.599689143616278,9.827913965722266e-13,1.3406037982368723e-12,1.4883374565157718e-13,1.4883374565157718e-13,2.646507566161669e-14,7.2362732190169154,1.751944265585772,3.5154092022350882,12.35810185916558,6.439293542825908e-12,3,2
7.0,1.2,5.0,4,0.2,same-theta Brent root,15.593928898524776,24.286102578692137,24.28610257869184,2.9897214005757057e-13,3.625832336868409e-13,4.258128020655498e-14,4.258128020655498e-14,7.326710245498871e-15,8.288945962126064,2.8046170086949207,4.768220986663944,22.735931377664958,2.48334686148155e-12,3,2
7.0,1.2,5.0,5,0.25,same-theta Brent root,17.74978213080089,26.13516061433353,26.13516061433313,3.975693351829396e-13,4.4527765540489233e-13,5.390024227099144e-14,5.390024227099144e-14,9.102815393013674e-15,9.507548257746212,4.023219304315068,6.125142208918394,37.517367079477836,4.135358722123783e-12,3,2
7.0,1.2,5.0,6,0.30000000000000004,same-theta Brent root,19.90563536307701,28.10873113807606,28.10873113807537,6.901803658775831e-13,7.347081314180724e-13,9.084816355603648e-14,9.084816355603648e-14,1.484944277182865e-14,10.876962987775732,5.392634034344589,7.5942215032245715,57.67220024004737,8.895995051716454e-12,3,2
7.0,1.2,5.0,7,0.35000000000000003,same-theta Brent root,22.061488595353126,30.183031645681652,30.18303164568132,3.3077768687220577e-13,3.3395824155366924e-13,4.1623100604714057e-14,4.1623100604714057e-14,6.479969624388732e-15,12.385808691391142,6.901479737959999,9.177254910294188,84.22200768852389,5.101696842757519e-12,3,2
7.0,1.2,5.0,8,0.4,same-theta Brent root,24.217341827629237,32.34293920098246,32.3429392009822,2.5444437451708134e-13,2.512638198356178e-13,3.144133973767061e-14,3.144133973767061e-14,4.683391095606051e-15,14.024273384901612,8.539944431470468,10.872412862838338,118.20936146001725,4.703792910731863e-12,3,2
7.0,1.2,5.0,9,0.45,same-theta Brent root,26.373195059905353,34.57914722006482,34.57914722006467,1.4630551534732177e-13,1.3676385130293123e-13,1.6908802584124176e-14,1.6908802584124176e-14,2.585917985364928e-15,15.783210482061113,10.29888152862997,12.675627810462135,160.67154038936417,3.069544618483633e-12,3,2
7.0,1.2,5.0,10,0.5,same-theta Brent root,28.529048292181468,36.88670406715495,36.88670406715478,1.717499527990299e-13,1.5584717939171232e-13,1.877823729577856e-14,1.877823729577856e-14,2.946721498485699e-15,17.653799299991505,12.169470346560361,14.581441413354549,212.61843369109533,4.234834705130197e-12,3,2
7.0,1.2,5.0,11,0.55,same-theta Brent root,30.68490152445758,39.2643406062803,39.2643406062803,6.3611093629270335e-15,8.269442171805144e-14,9.671400508800239e-15,9.671400508800239e-15,1.4925941309727116e-15,19.627504258860434,14.14317530542929,16.583618401845822,275.016399298042,2.6716406864579767e-12,3,2
7.0,1.2,5.0,12,0.6000000000000001,same-theta Brent root,32.8407547567337,41.714364345078536,41.71436434507862,8.905553108097847e-14,7.63333123551244e-14,9.022288321322939e-15,9.022288321322939e-15,1.3501465022968643e-15,21.696243304508926,16.21191435107778,18.67569529637118,348.78159480289776,-2.8990143619012088e-12,3,2
7.0,1.2,5.0,13,0.65,same-theta Brent root,34.99660798900981,44.243109401622235,44.24310940162214,8.905553108097847e-14,6.997220299219736e-14,8.017108019650192e-15,8.017108019650192e-15,1.1510296320968133e-15,23.85277388659426,18.36844493316312,20.85159714252818,434.7891033942923,2.8990143619012088e-12,3,2
7.0,1.2,5.0,14,0.7000000000000001,same-theta Brent root,37.15246122128593,46.86213956326056,46.86213956326057,6.3611093629270335e-15,1.2722218725854067e-14,1.5664307736215215e-15,1.5664307736215215e-15,1.6797945353489865e-16,26.09140166219556,20.607072708764413,23.10649182832061,533.9099646122463,-7.958078640513122e-13,3,2
7.0,1.2,5.0,15,0.75,same-theta Brent root,39.30831445356204,49.590762114181125,49.590762114181075,5.088887490341627e-14,3.81666561775622e-14,3.84092089565696e-15,3.84092089565696e-15,6.0666846885318e-16,28.409290178220644,22.9249612247895,25.438195508993132,647.1017907537604,2.0463630789890885e-12,3,2
7.0,1.2,5.0,16,0.8,same-theta Brent root,41.464167685838156,52.46128666988632,52.461286669886306,1.2722218725854067e-14,6.3611093629270335e-15,9.283716525602238e-16,9.283716525602238e-16,1.6251652518528653e-16,30.809080876639356,25.32475192320821,27.8498594759294,775.6146728290153,6.821210263296962e-13,3,2
7.0,1.2,5.0,17,0.8500000000000001,same-theta Brent root,43.62002091811428,55.53113280171704,55.53113280171703,1.2722218725854067e-14,6.3611093629270335e-15,3.858335978184395e-16,3.858335978184395e-16,1.7774340068899242e-17,33.3048662697871,27.820537316355953,30.35599679996703,921.4865417196088,2.2737367544323206e-13,3,2
7.0,1.2,5.0,18,0.9,same-theta Brent root,45.775874150390386,58.916392604144576,58.916392604144576,0.0,0.0,1.2499930350663396e-16,1.2499930350663396e-16,1.1018254490536873e-17,35.9388718822839,30.454542928852753,32.99922582180186,1088.948904838274,-4.547473508864641e-13,3,2
7.0,1.2,5.0,19,0.9500000000000001,same-theta Brent root,47.9317273826665,62.92476240903567,62.92476240903566,1.2722218725854067e-14,0.0,0.0,0.0,9.041977515660494e-17,38.848633655065086,33.36430470163394,35.91760124906386,1290.0740794867536,0.0,3,2
7.0,1.2,5.0,20,1.0,detachment endpoint,50.08758061494262,70.88577690517761,70.88577709766597,1.9248836521073226e-07,6.3611093629270335e-15,4.676542179500621e-16,4.676542179500621e-16,7.221999944778871e-18,43.745969343902374,38.26164039047123,40.82665805029274,1666.816007555533,-2.2737367544323206e-13,2,1
7.0,1.2,10.0,0,0.0,CJ endpoint,9.732465150310379,25.71493119033155,25.71493119033155,0.0,0.0,0.0,9.876562033633805e-09,0.0,9.224931443725781,1.7763568394002505e-15,0.0,1.4210854715202004e-14,1.4210854715202004e-14,1,1
7.0,1.2,10.0,1,0.05,same-theta Brent root,11.603986679419075,26.023808496808954,26.023808496807895,1.0591247089273511e-12,3.466804602795233e-12,2.508259330757438e-13,2.508259330757438e-13,2.4734767007100022e-14,9.432343982147719,0.20741253842193963,1.3906482292460982,1.933902497512932,7.6234574208911e-12,3,2
7.0,1.2,10.0,2,0.1,same-theta Brent root,13.475508208527772,26.79055848851833,26.79055848851961,1.2817635366297973e-12,2.553985409215204e-12,1.987838868420313e-13,1.987838868420313e-13,2.907422383768694e-14,9.954738962899699,0.7298075191739191,2.6806586564537564,7.185930832409511,-1.0947687201223744e-11,3,2
7.0,1.2,10.0,3,0.15000000000000002,same-theta Brent root,15.347029737636468,27.86225057757992,27.86225057758033,4.0711099922733015e-13,6.392914909741669e-13,5.277232008518134e-14,5.277232008518134e-14,8.89612074573421e-15,10.702267956808221,1.4773365130824416,3.956097212630743,15.650705155780614,-4.121147867408581e-12,3,2
7.0,1.2,10.0,4,0.2,same-theta Brent root,17.218551266745163,29.151946132612874,29.151946132612593,2.7988881196878945e-13,3.721248977312315e-13,3.213848719194659e-14,3.213848719194659e-14,5.5231824198818644e-15,11.62736062987509,2.402429186149311,5.260559159601305,27.673482671668424,3.232969447708456e-12,3,2
7.0,1.2,10.0,5,0.25,same-theta Brent root,19.09007279585386,30.606631433168562,30.606631433168868,3.053332494204976e-13,3.784860070941585e-13,3.365136558632557e-14,3.365136558632557e-14,6.151923401034091e-15,12.702005078431347,3.477073634705567,6.617317100895761,43.788885613803146,-4.334310688136611e-12,3,2
7.0,1.2,10.0,6,0.30000000000000004,same-theta Brent root,20.961594324962558,32.192336260003174,32.192336260003444,2.7352770260586246e-13,3.0851380410196113e-13,2.815376708114538e-14,2.815376708114538e-14,5.2467694950824296e-15,13.907988817050306,4.683057373324527,8.038921402115955,64.62425730939353,-4.419575816427823e-12,3,2
7.0,1.2,10.0,7,0.35000000000000003,same-theta Brent root,22.833115854071256,33.88665180232715,33.88665180232713,1.90833280887811e-14,1.5902773407317584e-14,1.2916693028835758e-15,1.2916693028835758e-15,7.197788041926954e-17,15.232332424815045,6.0074009810892655,9.531815941106458,90.85551513513137,1.7053025658242404e-13,3,2
7.0,1.2,10.0,8,0.4,same-theta Brent root,24.70463738317995,35.67473375531243,35.67473375531229,1.4630551534732177e-13,1.4948607002878528e-13,1.402910608853843e-14,1.402910608853843e-14,2.4478139709565648e-15,16.66502060438811,7.440089160662332,11.09877107778401,123.18271943705794,3.112177182629239e-12,3,2
7.0,1.2,10.0,9,0.45,same-theta Brent root,26.576158912288644,37.54709060862624,37.547090608626135,1.0813885916975958e-13,1.0813885916975958e-13,9.968166718480548e-15,9.968166718480548e-15,1.7114802341505466e-15,18.19784211689745,8.972910673171672,12.74028772387609,162.31493128715047,2.6716406864579767e-12,3,2
7.0,1.2,10.0,10,0.5,same-theta Brent root,28.447680441397342,39.49837507409254,39.49837507409245,9.54166404439055e-14,9.223608576244199e-14,8.417442426689397e-15,8.417442426689397e-15,1.3842154299766936e-15,19.823815497620593,10.598884053894814,14.455496632973482,208.96138290591017,2.5011104298755527e-12,3,2
7.0,1.2,10.0,11,0.55,same-theta Brent root,30.31920197050604,41.52681612000953,41.526816120009485,4.4527765540489235e-14,4.4527765540489235e-14,4.173315527172302e-15,4.173315527172302e-15,7.885777207260025e-16,21.536964898633542,12.312033454907763,16.24281947993406,263.82918465772696,1.5916157281026244e-12,3,2
7.0,1.2,10.0,12,0.6000000000000001,same-theta Brent root,32.19072349961474,43.6341508576705,43.63415085767041,8.905553108097847e-14,8.269442171805144e-14,7.354296570577285e-15,7.354296570577285e-15,1.2422795120192004e-15,23.33235281582073,14.10742137209495,18.10055418049241,327.6300616409442,2.9558577807620168e-12,3,2
7.0,1.2,10.0,13,0.65,same-theta Brent root,34.06224502872343,45.82607317135823,45.82607317135817,6.997220299219736e-14,5.724998426634331e-14,5.211500889727834e-15,5.211500889727834e-15,8.814671044724486e-16,25.206369240291348,15.981437796565569,20.02752116551583,401.10160403518665,2.1600499167107046e-12,3,2
7.0,1.2,10.0,14,0.7000000000000001,same-theta Brent root,35.93376655783213,48.113399533834034,48.11339953383402,1.2722218725854067e-14,1.2722218725854067e-14,1.2034548964599255e-15,1.2034548964599255e-15,6.481964557028127e-17,27.15737633150751,17.93244488778173,22.023947045213923,485.05424345038756,4.547473508864641e-13,3,2
7.0,1.2,10.0,15,0.75,same-theta Brent root,37.80528808694083,50.51449240580134,50.51449240580133,1.90833280887811e-14,1.90833280887811e-14,1.485336615321134e-15,1.485336615321134e-15,1.6311134035694423e-16,29.186986143750055,19.962054700024275,24.092909527088175,580.4682894804572,1.0231815394945443e-12,3,2
7.0,1.2,10.0,16,0.8,same-theta Brent root,39.676809616049525,53.06032022466809,53.06032022466806,3.180554681463517e-14,1.90833280887811e-14,1.4300586292192623e-15,1.4300586292192623e-15,1.7194319129329464e-16,31.302688375833398,22.07775693210762,26.24309194270795,688.6998747134236,6.821210263296962e-13,3,2
7.0,1.2,10.0,17,0.8500000000000001,same-theta Brent root,41.548331145158215,55.806091092777976,55.806091092777976,6.3611093629270335e-15,0.0,0.0,0.0,3.107410242502913e-17,33.52389470211948,24.298963258393698,28.494943974543027,811.961832112346,0.0,3,2
7.0,1.2,10.0,18,0.9,same-theta Brent root,43.41985267426691,58.8634558763086,58.86345587630859,1.2722218725854067e-14,0.0,1.4823166150965353e-16,1.4823166150965353e-16,1.3659621690581153e-16,35.89881763517152,26.67388619144574,30.897726070727284,954.6694763417008,3.410605131648481e-13,3,2
7.0,1.2,10.0,19,0.9500000000000001,same-theta Brent root,45.29137420337562,62.52785345590268,62.527853455902665,1.2722218725854067e-14,1.2722218725854067e-14,8.596539010566283e-16,8.596539010566283e-16,1.5298869613874777e-17,38.57212873145373,29.34719728772795,33.597657359538275,1128.8025800489368,4.547473508864641e-13,3,2
7.0,1.2,10.0,20,1.0,detachment endpoint,47.1628957324843,69.98232492652173,69.9823248233799,1.031418260986186e-07,1.2722218725854067e-14,6.807499595923316e-16,6.807499595923316e-16,2.0923185381319963e-16,43.25836895678629,34.03343751306051,38.32155669947981,1468.5417078714465,9.094947017729282e-13,2,1
7.0,1.3,2.0,0,0.0,CJ endpoint,5.0930284499428335,16.309506577990213,16.309506577990213,0.0,0.0,0.0,6.996968361211017e-09,2.511167738265178e-16,3.8642976879473503,1.7763568394002505e-15,0.0,7.105427357601002e-15,7.105427357601002e-15,1,1
7.0,1.3,2.0,1,0.05,same-theta Brent root,7.144350478259049,16.86417158012011,16.864171580121127,1.0177774980683254e-12,2.1826556501543385e-12,2.2885022971682524e-13,2.2885022971682524e-13,3.890175708692017e-14,4.123851047223379,0.2595533592760306,1.0015949144611778,1.003192372672041,-2.452926750606821e-12,3,2
7.0,1.3,2.0,2,0.1,same-theta Brent root,9.195672506575264,18.062703724891204,18.062703724891634,4.293748819975748e-13,6.361109362927034e-13,7.286446798972943e-14,7.286446798972943e-14,1.4929135062199815e-14,4.710651037566177,0.8463533496188287,1.9410967549473925,3.767856612065831,-1.4668266601347568e-12,3,2
7.0,1.3,2.0,3,0.15000000000000002,same-theta Brent root,11.24699453489148,19.59300354221094,19.593003542211232,2.9261103069464353e-13,3.641735110275727e-13,4.4293926588436025e-14,4.4293926588436025e-14,9.0912015097121e-15,5.510078877267474,1.6457811893201253,2.9398112474299127,8.64249017051406,-1.3589129821411916e-12,3,2
7.0,1.3,2.0,4,0.2,same-theta Brent root,13.298316563207694,21.33328161727473,21.333281617274135,5.915831707522141e-13,6.663262057666067e-13,8.394858541276952e-14,8.394858541276952e-14,1.6868610259491014e-14,6.4848993277246345,2.620601639777286,4.039329217097966,16.316180524104922,3.6557423754857155e-12,3,2
7.0,1.3,2.0,5,0.25,same-theta Brent root,15.349638591523906,23.22329739323615,23.22329739323643,2.76708257287326e-13,2.8943047601318e-13,3.735686187188766e-14,3.735686187188766e-14,7.0228777565707355e-15,7.6187553050282775,3.754457617080929,5.256683195434812,27.632718217164545,-2.2026824808563106e-12,3,2
7.0,1.3,2.0,6,0.30000000000000004,same-theta Brent root,17.400960619840127,25.228738592381063,25.22873859238128,2.1627771833951915e-13,2.1627771833951915e-13,2.7987852464608186e-14,2.7987852464608186e-14,5.1096716567090835e-15,8.902057449040075,5.037759761092727,6.598693748763458,43.54275918996773,-2.2097879082139116e-12,3,2
7.0,1.3,2.0,7,0.35000000000000003,same-theta Brent root,19.452282648156334,27.328568472256205,27.32856847225601,1.9719439025073803e-13,1.876527262063475e-13,2.401434974268925e-14,2.401434974268925e-14,4.41320467478581e-15,10.327533599745133,6.463235911797784,8.06701523467332,65.07673479645395,2.5011104298755527e-12,3,2
7.0,1.3,2.0,8,0.4,same-theta Brent root,21.503604676472552,29.509668304478915,29.50966830447896,4.4527765540489235e-14,3.81666561775622e-14,4.8556320910256714e-15,4.8556320910256714e-15,8.221501486783039e-16,11.888655322627411,8.024357634680062,9.660346006903527,93.32228497309636,-5.684341886080801e-13,3,2
7.0,1.3,2.0,9,0.45,same-theta Brent root,23.554926704788766,31.7642862111716,31.764286211171278,3.2441657750927873e-13,2.862499213317165e-13,3.5595580948524555e-14,3.5595580948524555e-14,6.1064514676681344e-15,13.579089003782311,9.714791315834962,11.37558920077256,129.40402966473923,5.9685589803848416e-12,3,2
7.0,1.3,2.0,10,0.5,same-theta Brent root,25.60624873310498,34.08877500068806,34.088775000688095,3.81666561775622e-14,0.0,0.0,0.0,1.181825065263214e-16,15.392575498997667,11.52827781105032,13.20858083465846,174.46660766570676,0.0,3,2
7.0,1.3,2.0,11,0.55,same-theta Brent root,27.657570761421198,36.48305556933703,36.483055569336926,1.0177774980683254e-13,8.269442171805144e-14,9.883384172892134e-15,9.883384172892134e-15,1.79798443927866e-15,17.323036609729556,13.458738921782206,15.154648953335583,229.66338489883782,2.5295321393059567e-12,3,2
7.0,1.3,2.0,12,0.6000000000000001,same-theta Brent root,29.708892789737412,38.950615474369435,38.95061547436946,1.90833280887811e-14,1.2722218725854067e-14,1.4302311282051402e-15,1.4302311282051402e-15,3.478796442637614e-17,19.36485987666768,15.50056218872033,17.209154283894,296.15499116686703,-2.2737367544323206e-13,3,2
7.0,1.3,2.0,13,0.65,same-theta Brent root,31.760214818053623,41.499058496673605,41.49905849667367,6.361109362927034e-14,5.088887490341627e-14,5.169196944412507e-15,5.169196944412507e-15,7.008741659231344e-16,21.513401905593035,17.649104217645686,19.368145254973335,375.12505061774425,-1.8758328224066645e-12,3,2
7.0,1.3,2.0,14,0.7000000000000001,same-theta Brent root,33.81153684636984,44.141430045547764,44.14143004554778,1.2722218725854067e-14,6.3611093629270335e-15,6.672561864797528e-16,6.672561864797528e-16,5.4213015704545846e-17,23.76585115620956,19.90155346826221,21.629314568882183,467.8272487196586,-4.547473508864641e-13,3,2
7.0,1.3,2.0,15,0.75,same-theta Brent root,35.862858874686054,46.898918426737225,46.89891842673722,6.3611093629270335e-15,6.3611093629270335e-15,8.10534092786079e-16,8.10534092786079e-16,2.528457739215853e-16,26.12278761851476,22.25848993056741,23.99361936360769,575.6937701656902,4.547473508864641e-13,3,2
7.0,1.3,2.0,16,0.8,same-theta Brent root,37.91418090300227,49.80645634329971,49.80645634329975,3.81666561775622e-14,0.0,1.5802788070813013e-16,1.5802788070813013e-16,1.9992062973473136e-16,28.59127840528611,24.726980717338762,26.468418174391857,700.5771606544771,-1.1368683772161603e-13,3,2
7.0,1.3,2.0,17,0.8500000000000001,same-theta Brent root,39.96550293131848,52.92556993012777,52.9255699301277,6.997220299219736e-14,6.3611093629270335e-15,7.722166590133143e-16,7.722166590133143e-16,2.7873709428939434e-16,31.19190488117318,27.32760719322583,29.074530209683168,845.3283069137797,5.684341886080801e-13,3,2
7.0,1.3,2.0,18,0.9,same-theta Brent root,42.0168249596347,56.37992997889614,56.37992997889615,6.3611093629270335e-15,6.3611093629270335e-15,1.5122292790920842e-16,1.5122292790920842e-16,5.2076038725814595e-17,33.97830657939156,30.114008891444207,31.865814696323103,1015.4301462604013,-1.1368683772161603e-13,3,2
7.0,1.3,2.0,19,0.9500000000000001,same-theta Brent root,44.06814698795092,60.49598563019831,60.49598563019833,1.2722218725854067e-14,6.3611093629270335e-15,2.9637093795031045e-16,2.9637093795031045e-16,9.946437731801819e-17,37.115489940743025,33.251192252795676,35.007564517944196,1225.5295734780254,0.0,3,2
7.0,1.3,2.0,20,1.0,detachment endpoint,46.119469016267125,68.79239696156385,68.79239643022146,5.313423964189221e-07,6.3611093629270335e-15,4.3192083167398214e-16,4.3192083167398214e-16,8.741603041467281e-17,42.58777075611133,38.72347306816398,40.48611568384004,1639.1255631652787,2.2737367544323206e-13,2,1
7.0,1.3,5.0,0,0.0,CJ endpoint,7.962346983992167,22.487269348089526,22.487269348089526,0.0,0.0,1.389714709267013e-16,2.7794294185340266e-16,2.534414301441508e-17,7.168187018926877,-2.6645352591003757e-15,1.7763568394002505e-15,-1.4210854715202004e-14,-1.4210854715202007e-14,1,1
7.0,1.3,5.0,1,0.05,same-theta Brent root,9.762851880072773,22.8334527117699,22.83345271176765,2.2518327144761697e-12,6.415178792511913e-12,5.082300190718837e-13,5.082300190718837e-13,6.022968766312021e-14,7.378700287424869,0.2105132684979898,1.2344823208334628,1.5239466004621036,1.1731060567399254e-11,3,2
7.0,1.3,5.0,2,0.1,same-theta Brent root,11.563356776153379,23.66941706041654,23.669417060416688,1.4948607002878528e-13,2.6239576122074014e-13,2.238281295063363e-14,2.238281295063363e-14,3.739384702546798e-15,7.897295667701117,0.729108648774238,2.378291836730831,5.656272060659589,-9.2192919964873e-13,3,2
7.0,1.3,5.0,3,0.15000000000000002,same-theta Brent root,13.363861672233984,24.814510233429512,24.814510233428088,1.4248884972956555e-12,2.033964718795919e-12,1.8248420044090312e-13,1.8248420044090312e-13,3.4660563208638116e-14,8.630514629945559,1.4623276110186794,3.5237249332225193,12.416637405025227,1.1178613590345776e-11,3,2
7.0,1.3,5.0,4,0.2,same-theta Brent root,15.16436656831459,26.17386054764806,26.173860547648758,6.997220299219737e-13,8.746525374024671e-13,8.138959977377569e-14,8.138959977377569e-14,1.5986146984268425e-14,9.533738267967689,2.3655512490408093,4.714078866304522,22.222539557732276,-6.654232720393338e-12,3,2
7.0,1.3,5.0,5,0.25,same-theta Brent root,16.964871464395195,27.692651149954173,27.692651149954425,2.5444437451708134e-13,2.862499213317165e-13,2.7251451753460792e-14,2.7251451753460792e-14,5.40699052500958e-15,10.582655440209367,3.4144684212824874,5.971415779429501,35.65780641081674,-2.8919089345436078e-12,3,2
7.0,1.3,5.0,6,0.30000000000000004,same-theta Brent root,18.7653763604758,29.337070942822663,29.337070942822518,1.4630551534732177e-13,1.526666247102488e-13,1.5041971137848628e-14,1.5041971137848628e-14,3.0225482915601548e-15,11.762335239095101,4.594148220168222,7.3073253335008275,53.397003529624975,1.9966250874858815e-12,3,2
7.0,1.3,5.0,7,0.35000000000000003,same-theta Brent root,20.565881256556406,31.08547375114134,31.085473751141468,1.2722218725854067e-13,1.2404163257707715e-13,1.2173489827421586e-14,1.2173489827421586e-14,2.2404584599663847e-15,13.062539620431837,5.894352601504957,8.727709953487095,76.17292103219577,-1.9326762412674725e-12,3,2
7.0,1.3,5.0,8,0.4,same-theta Brent root,22.366386152637013,32.923930721700096,32.92393072170012,1.90833280887811e-14,1.90833280887811e-14,1.7895292507861447e-15,1.7895292507861447e-15,1.0914584753317872e-16,14.47555646285946,7.307369443932581,10.235175733529385,104.75882229622852,-2.5579538487363607e-13,3,2
7.0,1.3,5.0,9,0.45,same-theta Brent root,24.166891048717616,34.843879544696414,34.84387954469635,6.997220299219736e-14,6.997220299219736e-14,6.614874847660013e-15,6.614874847660013e-15,1.346369237568285e-15,15.99516755461312,8.826980535686241,11.830368641807015,139.95762220105237,1.6200374375330284e-12,3,2
7.0,1.3,5.0,10,0.5,same-theta Brent root,25.967395944798223,36.840888738476764,36.840888738476785,2.5444437451708134e-14,9.54166404439055e-15,1.0247410816176634e-15,1.0247410816176634e-15,3.399680531672784e-16,17.616187124565283,10.448000105638403,13.512822564758459,182.5963736666456,2.2737367544323206e-13,3,2
7.0,1.3,5.0,11,0.55,same-theta Brent root,27.76790084087883,38.91410598469837,38.914105984698345,2.5444437451708134e-14,2.2263882770244617e-14,2.1676770662140493e-15,2.1676770662140493e-15,4.744039436825869e-16,19.334334266414608,12.166147247487729,15.281594018047446,233.52711573242425,7.673861546209082e-13,3,2
7.0,1.3,5.0,12,0.6000000000000001,same-theta Brent root,29.568405736959438,41.066228349167815,41.066228349167815,0.0,0.0,0.0,0.0,1.5795037077060217e-16,21.1463561137666,13.978169094839721,17.13584876747982,293.63731298193966,-5.684341886080802e-14,3,2
7.0,1.3,5.0,13,0.65,same-theta Brent root,31.368910633040038,43.30400963487988,43.30400963487983,4.4527765540489235e-14,3.180554681463517e-14,2.589516854882442e-15,2.589516854882442e-15,5.922517353699227e-16,23.050416911022005,15.882229892095125,19.075543646830923,363.87636542215296,1.3642420526593924e-12,3,2
7.0,1.3,5.0,14,0.7000000000000001,same-theta Brent root,33.16941552912065,45.63951687109958,45.63951687109955,2.5444437451708134e-14,2.5444437451708134e-14,2.1128989613055225e-15,2.1128989613055225e-15,3.9105997065969893e-16,25.046876652454625,17.878689633527745,21.102397072333158,445.3111621984158,7.389644451905042e-13,3,2
7.0,1.3,5.0,15,0.75,same-theta Brent root,34.96992042520125,48.09270681200976,48.092706812009794,3.180554681463517e-14,6.3611093629270335e-15,3.71660163674768e-16,3.71660163674768e-16,4.6169773014259994e-17,27.139783393800606,19.971596374873727,23.22151279144197,539.238656323103,-1.1368683772161603e-13,3,2
7.0,1.3,5.0,16,0.8,same-theta Brent root,36.770425321281856,50.69677646492152,50.696776464921506,1.2722218725854067e-14,6.3611093629270335e-15,5.408440566598956e-16,5.408440566598956e-16,2.6362698004921536e-16,29.33990239340384,22.17171537447696,25.44450615409432,647.422893425744,2.2737367544323206e-13,3,2
7.0,1.3,5.0,17,0.8500000000000001,same-theta Brent root,38.570930217362466,53.5104348532016,53.510434853201595,6.3611093629270335e-15,6.3611093629270335e-15,1.752905749816308e-16,1.752905749816308e-16,0.0,31.6716403584947,24.50345333956782,27.796514176746356,772.6462003780612,0.0,3,2
7.0,1.3,5.0,18,0.9,same-theta Brent root,40.37143511344306,56.65183081896507,56.65183081896507,0.0,0.0,1.707008372303029e-16,1.707008372303029e-16,3.712980569865279e-18,34.19230283860179,27.02411581967491,30.33556897390784,920.2467449707199,-1.1368683772161603e-13,3,2
7.0,1.3,5.0,19,0.9500000000000001,same-theta Brent root,42.17194000952368,60.43261713848332,60.43261713848331,1.2722218725854067e-14,0.0,0.0,0.0,2.892146292569543e-17,37.06900234984533,29.900815330918448,33.22983707283329,1104.2220718870456,-2.2737367544323206e-13,3,2
7.0,1.3,5.0,20,1.0,detachment endpoint,43.97244490560428,68.20187031763297,68.20187018838696,1.2924599964679337e-07,0.0,0.0,0.0,4.431149594923912e-18,42.243313625477,35.07512660655012,38.429108863309324,1476.7964080280788,-4.547473508864641e-13,2,1
7.0,1.3,10.0,0,0.0,CJ endpoint,11.005497063396898,30.38415569288409,30.38415569288409,0.0,0.0,1.332048221888689e-16,0.0,6.698248362500095e-17,12.535611883965005,-3.552713678800501e-15,0.0,-2.842170943040401e-14,-2.842170943040401e-14,1,1
7.0,1.3,10.0,1,0.05,same-theta Brent root,12.474369645763684,30.577167949521453,30.57716794952114,3.1169435878342465e-13,1.052763599564424e-12,6.216222100316508e-14,6.216222100316508e-14,5.313810999102723e-15,12.679927770563024,0.1443158865980152,1.348481570413071,1.8184025457464372,2.7349233988616106e-12,3,2
7.0,1.3,10.0,2,0.1,same-theta Brent root,13.943242228130469,31.083201973198715,31.08320197319848,2.353610464283002e-13,5.391040185080661e-13,3.3510487376645446e-14,3.3510487376645446e-14,4.754184757414585e-15,13.060821507711971,0.5252096237469619,2.6110863148572445,6.817771743637479,2.69384514695048e-12,3,2
7.0,1.3,10.0,3,0.15000000000000002,same-theta Brent root,15.412114810497256,31.82315286943737,31.823152869437084,2.862499213317165e-13,4.993470849897721e-13,3.2035730309612274e-14,3.2035730309612274e-14,5.4232348533129494e-15,13.624177292703346,1.0885654087383365,3.8397877919707426,14.743970287371212,3.661071446003916e-12,3,2
7.0,1.3,10.0,4,0.2,same-theta Brent root,16.880987392864043,32.745041298523695,32.74504129852338,3.1169435878342465e-13,4.579998741307465e-13,3.0220762021295185e-14,3.0220762021295185e-14,5.882496293043613e-15,14.336156800072436,1.8005449161074267,5.066483973810957,25.669259856887777,4.511946372076636e-12,3,2
7.0,1.3,10.0,5,0.25,same-theta Brent root,18.349859975230828,33.813651263555954,33.813651263555826,1.335832966214677e-13,1.6856939811756638e-13,1.1555683374057119e-14,1.1555683374057119e-14,2.3948151024097916e-15,15.174570650732425,2.6389587667674164,6.311461740496494,39.83454930175316,2.1245227799226996e-12,3,2
7.0,1.3,10.0,6,0.30000000000000004,same-theta Brent root,19.818732557597613,35.004643724394136,35.00464372439398,1.526666247102488e-13,1.90833280887811e-13,1.3080968351721651e-14,1.3080968351721651e-14,2.7362660989934566e-15,16.124238461663847,3.5886265776988377,7.587990257276948,57.57759614453266,2.7853275241795927e-12,3,2
7.0,1.3,10.0,7,0.35000000000000003,same-theta Brent root,21.2876051399644,36.30109500047821,36.301095000478036,1.7811106216195694e-13,1.9401383556927451e-13,1.361941409154366e-14,1.361941409154366e-14,3.155230388929229e-15,17.17439419994031,4.6387823159753,8.904955236634377,79.29822776646552,3.495870259939693e-12,3,2
7.0,1.3,10.0,8,0.4,same-theta Brent root,22.756477722331184,37.69141769131596,37.69141769131586,1.0177774980683254e-13,1.0177774980683254e-13,7.205465396153665e-15,7.205465396153665e-15,1.6197244499946283e-15,18.31719831722591,5.7815864332609,10.26845910273303,105.44125234450291,2.1032064978498966e-12,3,2
7.0,1.3,10.0,9,0.45,same-theta Brent root,24.22535030469797,39.16811782125302,39.16811782125298,3.81666561775622e-14,3.498610149609868e-14,2.473205282760008e-15,2.473205282760008e-15,6.662919318162387e-16,19.54688488887534,7.011273004910331,11.682860863381464,136.48923795313107,7.958078640513122e-13,3,2
7.0,1.3,10.0,10,0.5,same-theta Brent root,25.694222887064754,40.72710105799577,40.72710105799574,2.5444437451708134e-14,3.1805546814635168e-15,1.3852752511504408e-16,1.3852752511504408e-16,2.0449371294299743e-16,20.85930225865097,8.323690374685961,13.151515879027727,172.96236991631838,-5.684341886080802e-14,3,2
7.0,1.3,10.0,11,0.55,same-theta Brent root,27.163095469431543,42.36738976329021,42.367389763290156,5.724998426634331e-14,4.4527765540489235e-14,3.1758215467916066e-15,3.1758215467916066e-15,8.213177937721591e-16,22.251729364282554,9.716117480317545,14.677374949676828,215.42533541340217,1.2789769243681803e-12,3,2
7.0,1.3,10.0,12,0.6000000000000001,same-theta Brent root,28.631968051798328,44.09121621090406,44.09121621090402,3.180554681463517e-14,2.8624992133171654e-14,2.028415056293922e-15,2.028415056293922e-15,4.844605241835915e-16,23.72292814960803,11.187316265643021,16.263562253732253,264.5034571810253,7.389644451905042e-13,3,2
7.0,1.3,10.0,13,0.65,same-theta Brent root,30.10084063416511,45.904559753327035,45.904559753327064,3.180554681463517e-14,6.3611093629270335e-15,3.6536467793646055e-16,3.6536467793646055e-16,6.2163091759679e-18,25.273461216179037,12.737849332214028,17.914056158268608,320.9134080416011,-3.410605131648481e-13,3,2
7.0,1.3,10.0,14,0.7000000000000001,same-theta Brent root,31.569713216531902,47.81835027314277,47.81835027314277,0.0,0.0,1.1728330204745145e-16,1.1728330204745145e-16,1.8979016131257611e-16,26.90639901599077,14.370787132025763,19.634656498293502,385.5197358059794,1.7053025658242404e-13,3,2
7.0,1.3,10.0,15,0.75,same-theta Brent root,33.03858579889868,49.8508793635102,49.85087936351017,3.81666561775622e-14,0.0,1.1318883638292024e-16,1.1318883638292024e-16,3.0238255859094516e-16,28.628731087451328,16.093119203486317,21.43459330052672,459.4417899589852,2.2737367544323206e-13,3,2
7.0,1.3,10.0,16,0.8,same-theta Brent root,34.50745838126547,52.03277064594333,52.032770645943344,1.2722218725854067e-14,6.3611093629270335e-15,2.1887132354173195e-16,2.1887132354173195e-16,1.5867650198113718e-17,30.45427589932247,17.918664015357464,23.329606016798966,544.2705168990622,-3.410605131648481e-13,3,2
7.0,1.3,10.0,17,0.8500000000000001,same-theta Brent root,35.97633096363226,54.41834433840736,54.418344338407366,6.3611093629270335e-15,6.3611093629270335e-15,2.119014830290073e-16,2.119014830290073e-16,1.4886680112732224e-16,32.410359217862414,19.874747333897403,25.348811364140307,642.5622375747686,-2.2737367544323206e-13,3,2
7.0,1.3,10.0,18,0.9,same-theta Brent root,37.44520354599904,57.11697736260094,57.116977362600906,3.180554681463517e-14,6.3611093629270335e-15,4.105593895402108e-16,4.105593895402108e-16,9.776898628669761e-18,34.55635584917739,22.020743965212382,27.55358433364901,759.2000096315078,-3.410605131648481e-13,3,2
7.0,1.3,10.0,19,0.9500000000000001,same-theta Brent root,38.91407612836583,60.4168124013604,60.416812401360424,2.5444437451708134e-14,6.3611093629270335e-15,1.9864177119517304e-16,1.9864177119517304e-16,3.881905861903745e-17,37.05739828786328,24.52178640389827,30.11241331441972,906.7574356184416,-3.410605131648481e-13,3,2
7.0,1.3,10.0,20,1.0,detachment endpoint,40.38294871073261,67.40169047358289,67.4016905899965,1.1641361922899212e-07,0.0,1.8851485790718376e-16,1.8851485790718376e-16,1.334349118652194e-16,41.76456394909863,29.22895206513362,34.905626542817465,1218.4027643466432,0.0,2,1
7.0,1.4,2.0,0,0.0,CJ endpoint,5.530236022219216,17.684516861858107,17.684516861858107,0.0,0.0,0.0,5.749611513521039e-09,3.008971526657095e-17,4.521701453968776,1.7763568394002505e-15,-1.7763568394002505e-15,5.329070518200751e-15,5.329070518200748e-15,1,1
7.0,1.4,2.0,1,0.05,same-theta Brent root,7.336391560165667,18.1357243730359,18.13572437303871,2.8116103384137488e-12,6.362699640267765e-12,6.033649305279921e-13,6.033649305279921e-13,9.766972746230196e-14,4.747531838487337,0.22583038451856297,1.0110357394017733,1.0221932663395865,-8.103961945948868e-12,3,2
7.0,1.4,2.0,2,0.1,same-theta Brent root,9.14254709811212,19.15328056695786,19.153280566954642,3.218721337641079e-12,4.845575057209668e-12,4.939440309580928e-13,4.939440309580928e-13,1.0424053682070848e-13,5.274717886443536,0.7530164324747624,1.9507473894074323,3.805415377292313,1.2400747095853148e-11,3,2
7.0,1.4,2.0,3,0.15000000000000002,same-theta Brent root,10.948702636058572,20.485809916332624,20.485809916332382,2.3854160110976374e-13,2.9897214005757057e-13,3.175329655171566e-14,3.175329655171566e-14,7.096719265795504e-15,6.0016559354543775,1.4799544814856036,2.924872175862185,8.554877245133998,1.20614629395277e-12,3,2
7.0,1.4,2.0,4,0.2,same-theta Brent root,12.754858174005024,22.02400424040282,22.02400424040186,9.573469591205185e-13,1.0702566503124733e-12,1.1753576621444836e-13,1.1753576621444836e-13,2.6130568921225937e-14,6.890441508968167,2.3687400549993933,3.974645199292169,15.797804460262498,6.210143510543276e-12,3,2
7.0,1.4,2.0,5,0.25,same-theta Brent root,14.561013711951475,23.711233090374325,23.711233090374844,5.184304130785532e-13,5.343331864858708e-13,5.944574774520816e-14,5.944574774520816e-14,1.2956622586956144e-14,7.923611456446973,3.401910002478199,5.118892587201626,26.203061319303504,-4.249045559845399e-12,3,2
7.0,1.4,2.0,6,0.30000000000000004,same-theta Brent root,16.367169249897927,25.514730255342965,25.514730255342993,2.8624992133171654e-14,2.5444437451708134e-14,2.846657666371872e-15,2.846657666371872e-15,5.666218907179095e-16,9.091442538758473,4.569741084789699,6.36670356241921,40.53491425172121,-2.4868995751603507e-13,3,2
7.0,1.4,2.0,7,0.35000000000000003,same-theta Brent root,18.17332478784438,27.414376262780163,27.414376262780248,8.587497639951495e-14,8.269442171805144e-14,8.91553481690126e-15,8.91553481690126e-15,1.737262961332299e-15,10.387456618068041,5.865755164099268,7.722242690768266,59.63303217512285,-1.0658141036401503e-12,3,2
7.0,1.4,2.0,8,0.4,same-theta Brent root,19.97948032579083,29.397699927904377,29.39769992790442,4.4527765540489235e-14,3.81666561775622e-14,3.9223223237655926e-15,3.9223223237655926e-15,9.033243410230775e-16,11.806655768944896,7.2849543149761224,9.18693848892898,84.399838799364,-6.963318810448982e-13,3,2
7.0,1.4,2.0,9,0.45,same-theta Brent root,21.785635863737284,31.45744762131976,31.457447621319865,1.0813885916975958e-13,9.859719512536902e-14,1.0515551180874164e-14,1.0515551180874164e-14,2.1066035468588274e-15,13.344820173524473,8.8231187195557,10.7606528511779,115.7916497835611,-1.9753088054130785e-12,3,2
7.0,1.4,2.0,10,0.5,same-theta Brent root,23.591791401683732,33.590383614936655,33.59038361493669,3.180554681463517e-14,2.8624992133171654e-14,2.947108749367392e-15,2.947108749367392e-15,4.766104022315942e-16,14.998287226145102,10.476585772176328,12.442422835477071,154.81388601680203,7.389644451905042e-13,3,2
7.0,1.4,2.0,11,0.55,same-theta Brent root,25.397946939630188,35.79679909345629,35.79679909345639,1.0177774980683254e-13,7.63333123551244e-14,7.458718592161475e-15,7.458718592161475e-15,1.5761617226219617e-15,16.764001140961827,12.242299686993054,14.2310390239046,202.52247169989334,-2.2453150450019166e-12,3,2
7.0,1.4,2.0,12,0.6000000000000001,same-theta Brent root,27.20410247757664,38.080550237756064,38.08055023775601,5.724998426634331e-14,4.4527765540489235e-14,4.138198607868781e-15,4.138198607868781e-15,9.347325460237244e-16,18.639778122830688,14.118076668861914,16.125617000822515,260.0355236572177,1.5916157281026244e-12,3,2
7.0,1.4,2.0,13,0.65,same-theta Brent root,29.01025801552309,40.44964655383309,40.4496465538331,6.3611093629270335e-15,6.3611093629270335e-15,8.432170304256153e-16,8.432170304256153e-16,1.822254085267422e-16,20.624828885835687,16.103127431866913,18.12630545832797,328.56294956861007,-2.8421709430404007e-13,3,2
7.0,1.4,2.0,14,0.7000000000000001,same-theta Brent root,30.81641355346955,42.91762052962481,42.91762052962478,3.81666561775622e-14,1.90833280887811e-14,1.6383932559179527e-15,1.6383932559179527e-15,3.973988457222289e-16,22.72069331658816,18.198991862619387,20.235337956140146,409.46890219920726,1.1937117960769683e-12,3,2
7.0,1.4,2.0,15,0.75,same-theta Brent root,32.62256909141599,45.50628936395829,45.5062893639583,1.2722218725854067e-14,6.3611093629270335e-15,7.983818886173519e-16,7.983818886173519e-16,2.0366788614560543e-16,24.93296186349596,20.411260409527188,22.458831470485663,504.39911101967743,2.2737367544323206e-13,3,2
7.0,1.4,2.0,16,0.8,same-theta Brent root,34.42872462936245,48.2514557211311,48.251455721131066,3.180554681463517e-14,1.2722218725854067e-14,9.75182928240376e-16,9.75182928240376e-16,1.073811131019978e-16,27.274715680229,22.753014226260227,24.810280839884847,615.5500353539579,7.958078640513122e-13,3,2
7.0,1.4,2.0,17,0.8500000000000001,same-theta Brent root,36.2348801673089,51.215952681563344,51.21595268156333,1.2722218725854067e-14,6.3611093629270335e-15,3.8196892639455523e-16,3.8196892639455523e-16,3.1315889698927726e-18,29.774339355191017,25.252637901222243,27.31841587562237,746.2958459534565,1.1368683772161603e-13,3,2
7.0,1.4,2.0,18,0.9,same-theta Brent root,38.041035705255354,54.52567749224981,54.525677492249805,6.3611093629270335e-15,0.0,0.0,0.0,6.689371567788783e-17,32.49717986499177,27.975478411022998,30.048913749622248,902.9372175322371,1.1368683772161603e-13,3,2
7.0,1.4,2.0,19,0.9500000000000001,same-theta Brent root,39.847191243201806,58.511930072050234,58.51193007205022,1.2722218725854067e-14,1.2722218725854067e-14,7.350729268320828e-16,7.350729268320828e-16,1.022534925712308e-16,35.631856980410305,31.11015552644153,33.19084850496611,1101.6324244796115,2.2737367544323206e-13,3,2
7.0,1.4,2.0,20,1.0,detachment endpoint,41.65334678114825,66.73038451158779,66.7303844041462,1.0744157980583296e-07,0.0,1.7873267692624744e-16,1.7873267692624744e-16,6.453162787080506e-17,41.352514715613985,36.83081326164521,38.921734333287574,1514.9014035110163,-4.547473508864641e-13,2,1
7.0,1.4,5.0,0,0.0,CJ endpoint,8.600202014655572,24.986349552218275,24.986349552218275,0.0,0.0,0.0,1.4010832519195925e-16,5.615815457384073e-17,8.742762534440425,-1.7763568394002505e-15,-3.552713678800501e-15,-2.1316282072803006e-14,-2.1316282072803018e-14,1,1
7.0,1.4,5.0,1,0.05,same-theta Brent root,10.131882589740224,25.246210216684048,25.246210216684076,2.8624992133171654e-14,8.428469905878319e-14,5.723110050408249e-15,5.723110050408249e-15,5.028770113087788e-16,8.913582853636369,0.17082031919594165,1.2260026855615092,1.5030825850038667,-1.6586731987899839e-13,3,2
7.0,1.4,5.0,2,0.1,same-theta Brent root,11.663563164824875,25.89922093293813,25.8992209329378,3.3077768687220577e-13,6.377012136334351e-13,4.6754936933373727e-14,4.6754936933373727e-14,7.624151468894622e-15,9.348470728842814,0.6057081944023874,2.364987151518827,5.593164226851698,2.5632829192545614e-12,3,2
7.0,1.4,5.0,3,0.15000000000000002,same-theta Brent root,13.195243739909527,26.821448174692634,26.82144817469274,1.0813885916975958e-13,1.6697912077683462e-13,1.2774940258226733e-14,1.2774940258226733e-14,2.277298172738983e-15,9.976005294732195,1.233242760291768,3.4873740266093094,12.161777601468202,-1.0267342531733448e-12,3,2
7.0,1.4,5.0,4,0.2,same-theta Brent root,14.726924314994177,27.94059324812905,27.940593248129,5.088887490341627e-14,6.997220299219736e-14,5.504758747311358e-15,5.504758747311358e-15,1.0394244232603902e-15,10.757683826471233,2.014921292030806,4.630919870532129,21.445418847289858,5.506706202140776e-13,3,2
7.0,1.4,5.0,5,0.25,same-theta Brent root,16.25860489007883,29.211857363106688,29.211857363106706,1.90833280887811e-14,2.5444437451708134e-14,2.009450086666827e-15,2.009450086666827e-15,2.8320955493040383e-16,11.670983383797832,2.9282208493574053,5.817240413739777,33.840286031247174,-1.5631940186722204e-13,3,2
7.0,1.4,5.0,6,0.30000000000000004,same-theta Brent root,17.79028546516348,30.606312886167757,30.606312886167725,3.180554681463517e-14,3.180554681463517e-14,2.561721027540706e-15,2.561721027540706e-15,5.749527023250693e-16,12.701766320935192,3.9590037864947654,7.059285291661917,49.8335088290747,4.263256414560601e-13,3,2
7.0,1.4,5.0,7,0.35000000000000003,same-theta Brent root,19.321966040248128,32.10489493708696,32.104894937086925,3.180554681463517e-14,3.81666561775622e-14,3.0511621886608176e-15,3.0511621886608176e-15,6.90455437894023e-16,13.840607140564051,5.0978446061236244,8.365056565610582,69.97417134586529,5.826450433232822e-13,3,2
7.0,1.4,5.0,8,0.4,same-theta Brent root,20.85364661533278,33.6951356743421,33.69513567434196,1.335832966214677e-13,1.2722218725854067e-13,1.0171948968517426e-14,1.0171948968517426e-14,2.3559699355923303e-15,15.08092415167287,6.338161617232442,9.739629029865823,94.8603736394075,2.4300561562995426e-12,3,2
7.0,1.4,5.0,9,0.45,same-theta Brent root,22.38532719041743,35.36934826689863,35.369348266898506,1.2722218725854067e-13,1.1131941385122308e-13,8.943376918705923e-15,8.943376918705923e-15,2.038194321029976e-15,16.41801616367153,7.675253629231104,11.186355088144573,125.13454015806042,2.4300561562995426e-12,3,2
7.0,1.4,5.0,10,0.5,same-theta Brent root,23.91700776550208,37.12365239213552,37.12365239213552,0.0,9.54166404439055e-15,6.883906245670443e-16,6.883906245670443e-16,2.903540815467399e-17,17.848599766091645,9.105837231651218,12.707671528721791,161.4849156818865,5.684341886080802e-14,3,2
7.0,1.4,5.0,11,0.55,same-theta Brent root,25.448688340586735,38.95755967634703,38.95755967634695,7.63333123551244e-14,6.679164831073386e-14,4.882142802770872e-15,4.882142802770872e-15,1.2055185402382999e-15,19.370666874420277,10.62790433997985,14.305732117403004,204.6539714148977,1.8758328224066645e-12,3,2
7.0,1.4,5.0,12,0.6000000000000001,same-theta Brent root,26.980368915671388,40.87402046159977,40.87402046159982,5.088887490341627e-14,3.81666561775622e-14,2.919369675081716e-15,2.919369675081716e-15,7.385178714562061e-16,20.983601720090842,12.240839185650415,15.98301545563814,255.45678305516623,-1.4495071809506044e-12,3,2
7.0,1.4,5.0,13,0.65,same-theta Brent root,28.512049490756034,42.879975450008835,42.87997545000882,1.2722218725854067e-14,9.54166404439055e-15,6.125189038010635e-16,6.125189038010635e-16,3.0188646312586465e-16,22.68858537818045,13.945822843740022,17.743051162129824,314.81586454195684,3.410605131648481e-13,3,2
7.0,1.4,5.0,14,0.7000000000000001,same-theta Brent root,30.043730065840688,44.987636652529694,44.98763665252971,1.2722218725854067e-14,1.2722218725854067e-14,9.486291621742702e-16,9.486291621742702e-16,3.042969157261823e-16,24.489426725451878,15.746664191011451,19.591469325816703,383.8256703444173,5.115907697472721e-13,3,2
7.0,1.4,5.0,15,0.75,same-theta Brent root,31.575410640925337,47.21707187072073,47.21707187072071,1.90833280887811e-14,6.3611093629270335e-15,3.452141547076317e-16,3.452141547076317e-16,2.621763184992056e-16,26.39417288183702,17.65141034739659,21.537766882983572,463.8754023057443,3.979039320256561e-13,3,2
7.0,1.4,5.0,16,0.8,same-theta Brent root,33.10709121600999,49.60154032622123,49.601540326221226,6.3611093629270335e-15,1.2722218725854067e-14,5.59539156620814e-16,5.59539156620814e-16,1.3657716150265352e-16,28.418389451773773,19.675626917333346,23.59871021662846,556.8991238884049,3.410605131648481e-13,3,2
7.0,1.4,5.0,17,0.8500000000000001,same-theta Brent root,34.63877179109464,52.19969670346443,52.199696703464426,6.3611093629270335e-15,1.2722218725854067e-14,6.540917316794108e-16,6.540917316794108e-16,1.5850442764934427e-16,30.5926510015453,21.849888467104872,25.805945342167742,665.9468150029494,3.410605131648481e-13,3,2
7.0,1.4,5.0,18,0.9,same-theta Brent root,36.17045236617929,55.129274052040714,55.12927405204069,2.5444437451708134e-14,1.2722218725854067e-14,8.504654961078376e-16,8.504654961078376e-16,1.453833999325656e-16,32.98329709763098,24.240534563190554,28.226939492925705,796.7601131372894,5.684341886080801e-13,3,2
7.0,1.4,5.0,19,0.9500000000000001,same-theta Brent root,37.70213294126394,58.69998941831679,58.699989418316775,1.2722218725854067e-14,0.0,2.072715250583313e-16,2.072715250583313e-16,1.8349195900342227e-16,35.77488669285132,27.03212415841089,31.04801500498328,963.9792357496672,2.2737367544323206e-13,3,2
7.0,1.4,5.0,20,1.0,detachment endpoint,39.23381351634859,66.22661194149252,66.22661192579332,1.5699192463266468e-08,6.3611093629270335e-15,1.992851463711066e-16,1.992851463711066e-16,1.2214205058412276e-16,41.03720774802507,32.29444521358464,36.353541894457294,1321.580008272061,-6.821210263296962e-13,2,1
7.0,1.4,10.0,0,0.0,CJ endpoint,11.735365948639075,34.41278087762817,34.41278087762817,0.0,0.0,0.0,1.0406499409009707e-08,3.703203678291961e-17,15.650389541134773,1.7763568394002505e-15,7.105427357601002e-15,0.0,-5.048709793414476e-29,1,1
7.0,1.4,10.0,1,0.05,same-theta Brent root,12.904010846614877,34.540900465710564,34.54090046571059,2.5444437451708134e-14,3.021526947390341e-14,1.5355211374465487e-15,1.5355211374465487e-15,1.1186612233516718e-16,15.752649455252229,0.10225991411745738,1.2666217127609833,1.6043305632376246,5.750955267558311e-14,3,2
7.0,1.4,10.0,2,0.1,same-theta Brent root,14.072655744590682,34.88908215445532,34.88908215445537,5.088887490341627e-14,1.224513552363454e-13,6.2952206779740305e-15,6.2952206779740305e-15,9.100377862079199e-16,16.031431968515157,0.3810424273803861,2.4666391302234487,6.084308598748805,-6.865619184281968e-13,3,2
7.0,1.4,10.0,3,0.15000000000000002,same-theta Brent root,15.241300642566483,35.41496478277153,35.41496478277152,6.3611093629270335e-15,2.2263882770244617e-14,1.1473165013444427e-15,1.1473165013444427e-15,6.67053987760725e-17,16.454854431375608,0.8044648902408369,3.6312464025654734,13.18595043614485,1.580957587066223e-13,3,2
7.0,1.4,10.0,4,0.2,same-theta Brent root,16.409945540542285,36.088003969464296,36.08800396946424,5.724998426634331e-14,8.905553108097847e-14,5.0113710018025825e-15,5.0113710018025825e-15,9.900342165466889e-16,17.000697655361982,1.3503081142272109,4.782248474356397,22.86990047048502,9.343636975245317e-13,3,2
7.0,1.4,10.0,5,0.25,same-theta Brent root,17.578590438518088,36.88594066234225,36.88594066234231,5.724998426634331e-14,8.269442171805144e-14,4.561071269378787e-15,4.561071269378787e-15,8.31458218905589e-16,17.65317243773726,2.00278289660249,5.935276039606805,35.22750166632963,-1.0089706847793423e-12,3,2
7.0,1.4,10.0,6,0.30000000000000004,same-theta Brent root,18.74723533649389,37.792513698387616,37.79251369838758,3.81666561775622e-14,5.406942958487979e-14,2.965391058114796e-15,2.965391058114796e-15,5.402852978906581e-16,18.400896744811536,2.750507203676765,7.10183442261059,50.43605216617743,7.389644451905042e-13,3,2
7.0,1.4,10.0,7,0.35000000000000003,same-theta Brent root,19.915880234469693,38.79596691757794,38.79596691757797,3.180554681463517e-14,3.498610149609868e-14,2.0781147730704913e-15,2.0781147730704913e-15,5.66265714752153e-16,19.235615859283282,3.5852263181485107,8.290654617271674,68.73495398288759,-5.400124791776761e-13,3,2
7.0,1.4,10.0,8,0.4,same-theta Brent root,21.084525132445496,39.888083718593585,39.88808371859363,3.81666561775622e-14,3.81666561775622e-14,2.171074455575476e-15,2.171074455575476e-15,6.312287477389739e-16,20.15139436047163,4.50100481933686,9.508623777895085,90.41392614955083,-9.663381206337363e-13,3,2
7.0,1.4,10.0,9,0.45,same-theta Brent root,22.2531700304213,41.063592534367686,41.063592534367636,5.088887490341627e-14,4.4527765540489235e-14,2.604407471925885e-15,2.604407471925885e-15,6.678228857985974e-16,21.144123167490328,5.4937336263555565,10.761466066015789,115.80915189001041,1.0800249583553523e-12,3,2
7.0,1.4,10.0,10,0.5,same-theta Brent root,23.4218149283971,42.319858660275,42.319858660274974,2.5444437451708134e-14,3.180554681463517e-14,1.8365727481662976e-15,1.8365727481662976e-15,3.673268865096993e-16,22.211254854923105,6.560865313788334,12.054287094941248,145.30583736726788,7.673861546209082e-13,3,2
7.0,1.4,10.0,11,0.55,same-theta Brent root,24.590459826372907,43.65683210066823,43.656832100668254,1.90833280887811e-14,0.0,0.0,0.0,7.089074458162955e-17,23.351728393963047,7.701338852828275,13.39206806584728,179.34748708028644,-5.684341886080802e-14,3,2
7.0,1.4,10.0,12,0.6000000000000001,same-theta Brent root,25.75910472434871,45.077274423921494,45.077274423921466,2.5444437451708134e-14,1.90833280887811e-14,1.086796166578443e-15,1.086796166578443e-15,2.6247218361770325e-16,24.566085882986545,8.915696341851774,14.780192257319896,218.45408316333942,3.979039320256561e-13,3,2
7.0,1.4,10.0,13,0.65,same-theta Brent root,26.92774962232451,46.58736102576965,46.587361025769646,1.2722218725854067e-14,1.5902773407317584e-14,7.504890729866921e-16,7.504890729866921e-16,1.1334941126520694e-16,25.85683459934854,10.20644505821377,16.225110444520123,263.25420893687647,5.115907697472721e-13,3,2
7.0,1.4,10.0,14,0.7000000000000001,same-theta Brent root,28.096394520300315,48.197889119619575,48.197889119619546,3.180554681463517e-14,1.90833280887811e-14,1.1626113908361238e-15,1.1626113908361238e-15,3.3619196532100963e-16,27.22919483327461,11.57880529213984,17.73532361950011,314.5417038883992,6.821210263296962e-13,3,2
7.0,1.4,10.0,15,0.75,same-theta Brent root,29.265039418276114,49.92661799638272,49.92661799638272,6.3611093629270335e-15,6.3611093629270335e-15,2.8177494669541654e-16,2.8177494669541654e-16,3.9793059856463565e-17,28.692562763691456,13.042173222556684,19.323043983923707,373.3800288046507,5.115907697472721e-13,3,2
7.0,1.4,10.0,16,0.8,same-theta Brent root,30.433684316251917,51.803034067966145,51.80303406796611,3.81666561775622e-14,1.2722218725854067e-14,9.570598483882505e-16,9.570598483882505e-16,2.1028147942646523e-16,30.263503753275096,14.613114212140324,21.007387146672283,441.31031473017305,1.1937117960769683e-12,3,2
7.0,1.4,10.0,17,0.8500000000000001,same-theta Brent root,31.602329214227723,53.87919100255356,53.87919100255353,2.5444437451708134e-14,6.3611093629270335e-15,3.982892092590003e-16,3.982892092590003e-16,1.1931303693709914e-16,31.97258881649348,16.32219927535871,22.82148198388547,520.8200399408095,4.547473508864641e-13,3,2
7.0,1.4,10.0,18,0.9,same-theta Brent root,32.770974112203525,56.259548094365485,56.259548094365464,1.90833280887811e-14,1.90833280887811e-14,1.0312432552836268e-15,1.0312432552836268e-15,1.765021926929892e-16,33.88328763835491,18.232898097220136,24.831945519734443,616.6255182950604,9.094947017729282e-13,3,2
7.0,1.4,10.0,19,0.9500000000000001,same-theta Brent root,33.93961901017932,59.21847823241273,59.21847823241273,0.0,0.0,0.0,0.0,5.122103642970489e-17,36.166691602238814,20.516302061104042,27.215728104781853,740.695856273413,2.2737367544323206e-13,3,2
7.0,1.4,10.0,20,1.0,detachment endpoint,35.10826390815512,65.68013762730047,65.68013764030044,1.2999982927295638e-08,0.0,0.0,0.0,1.4683396594773622e-16,40.689395025871335,25.039005484736563,31.89391930436623,1017.2220885934249,1.1368683772161603e-13,2,1
10.0,1.2,2.0,0,0.0,CJ endpoint,3.1314687430501102,10.221702804362677,10.221702804362677,0.0,0.0,0.0,1.0801375743360683e-08,1.3877787807814457e-17,3.1491173721063537,0.0,8.881784197001252e-16,1.7763568394002505e-15,1.7763568394002497e-15,1,1
10.0,1.2,2.0,1,0.05,same-theta Brent root,5.682109082613004,11.208257182081997,11.208257182084381,2.383825733756906e-12,3.889818375429881e-12,7.081587685096515e-13,7.081587685096515e-13,1.3685550971342092e-13,3.7781920357831105,0.6290746636767568,1.4754669323806011,2.1770026685401422,-8.478995283667246e-12,3,2
10.0,1.2,2.0,2,0.1,same-theta Brent root,8.232749422175898,13.03779023060706,13.037790230605506,1.5552912392356596e-12,1.949680019737136e-12,4.075419942487627e-13,4.075419942487627e-13,7.298210580065825e-14,5.089250156881276,1.9401327847749221,3.0426523432882675,9.257733282127667,1.0082601420435822e-11,3,2
10.0,1.2,2.0,3,0.15000000000000002,same-theta Brent root,10.783389761738794,15.20701743499997,15.207017435002358,2.3885965657791012e-12,2.6700756550886222e-12,6.058960273821895e-13,6.058960273821895e-13,9.272347575511487e-14,6.88051560063722,3.7313982285308662,4.948640302995254,24.489040848403135,-2.582467573120084e-11,3,2
10.0,1.2,2.0,4,0.2,same-theta Brent root,13.334030101301687,17.573040830997193,17.573040830995815,1.3803607317551662e-12,1.4423815480437048e-12,3.415260220512506e-13,3.415260220512506e-13,4.522535939810469e-14,9.115650524079257,5.966533151972904,7.245285547189643,52.49416266033834,2.3213431177282473e-11,3,2
10.0,1.2,2.0,5,0.25,same-theta Brent root,15.884670440864582,20.06975105766975,20.069751057672693,2.942013080353753e-12,2.9451936350352166e-12,7.06214662631819e-13,7.06214662631819e-13,8.397005298522565e-14,11.776143335421564,8.62702596331521,9.94251418372998,98.85358829359896,-7.285905212484067e-11,3,2
10.0,1.2,2.0,6,0.30000000000000004,same-theta Brent root,18.435310780427475,22.66068383332063,22.660683833318124,2.5030965343117876e-12,2.4267632219566635e-12,5.763446179758201e-13,5.763446179758201e-13,6.302548987247045e-14,14.843521445370463,11.69440407326411,13.033517863127681,169.87258788855524,8.688516572874505e-11,3,2
10.0,1.2,2.0,7,0.35000000000000003,same-theta Brent root,20.985951119990368,25.32448716144921,25.32448716144924,3.180554681463517e-14,3.81666561775622e-14,8.543569671131853e-15,8.543569671131853e-15,7.360558441876132e-16,18.296511140000675,15.147393767894322,16.502557820254143,272.3344146108331,1.9326762412674725e-12,3,2
10.0,1.2,2.0,8,0.4,same-theta Brent root,23.53659145955326,28.048686833974198,28.04868683397415,4.770832022195275e-14,6.361109362927034e-14,1.3681198551077963e-14,1.3681198551077963e-14,1.3034590212800703e-15,22.110842269282934,18.96172489717658,20.32826667451648,413.23842599026136,4.035882739117369e-12,3,2
10.0,1.2,2.0,9,0.45,same-theta Brent root,26.087231799116157,30.826577587602706,30.826577587601985,7.188053580107548e-13,6.58374819062948e-13,1.393126832537559e-13,1.393126832537559e-13,1.3831525068530533e-14,26.259603717371018,23.110486345264665,24.485373072641238,599.5334945064795,5.491074261954054e-11,3,2
10.0,1.2,2.0,10,0.5,same-theta Brent root,28.63787213867905,33.655620607171365,33.655620607171116,2.480832651541543e-13,2.2263882770244617e-13,4.450814266723472e-14,4.450814266723472e-14,4.293335480713497e-15,30.713748178569496,27.564630806463143,28.94581144410219,837.8600001575401,2.2737367544323206e-11,3,2
10.0,1.2,2.0,11,0.55,same-theta Brent root,31.18851247824195,36.53671087911215,36.536710879112,1.526666247102488e-13,1.2722218725854067e-13,2.4463285482197898e-14,2.4463285482197898e-14,2.396736443580122e-15,35.44269965435816,32.293582282251805,33.67962192959686,1134.3169333205983,1.6370904631912708e-11,3,2
10.0,1.2,2.0,12,0.6000000000000001,same-theta Brent root,33.73915281780484,39.47406352484165,39.47406352484155,9.54166404439055e-14,8.905553108097847e-14,1.5812733792427924e-14,1.5812733792427924e-14,1.6025001812917478e-15,40.415118153385855,37.2660007812795,38.655866727062104,1494.2760324204014,1.432454155292362e-11,3,2
10.0,1.2,2.0,13,0.65,same-theta Brent root,36.28979315736773,42.47569064182964,42.475690641829665,3.180554681463517e-14,3.180554681463517e-14,5.467554923210841e-15,5.467554923210841e-15,4.750850708269723e-16,45.5999480534036,42.45083068129725,43.84376172906057,1922.275442554641,4.774847184307873e-12,3,2
10.0,1.2,2.0,14,0.7000000000000001,same-theta Brent root,38.84043349693063,45.55466039098097,45.55466039098094,2.5444437451708134e-14,1.90833280887811e-14,2.6664428449388087e-15,2.6664428449388087e-15,2.185303277545243e-16,50.96800452497005,47.818887152863695,49.21431095630755,2422.0484029041377,4.547473508864641e-12,3,2
10.0,1.2,2.0,15,0.75,same-theta Brent root,41.391073836493526,48.73170688897723,48.73170688897718,5.088887490341627e-14,4.4527765540489235e-14,5.823607323303066e-15,5.823607323303066e-15,5.825326900367518e-16,56.49465392504065,53.3455365529343,54.74301588790386,2996.7977885033038,9.549694368615746e-12,3,2
10.0,1.2,2.0,16,0.8,same-theta Brent root,43.941714176056415,52.04066910730703,52.04066910730701,1.90833280887811e-14,1.90833280887811e-14,2.1692501672448637e-15,2.1692501672448637e-15,1.5793515591342642e-16,62.1649551121995,59.01583774009315,60.41503510202973,3649.976466379487,3.183231456205249e-12,3,2
10.0,1.2,2.0,17,0.8500000000000001,same-theta Brent root,46.49235451561931,55.541003650636455,55.54100365063644,1.2722218725854067e-14,1.90833280887811e-14,2.329553480146453e-15,2.329553480146453e-15,2.1398236514641731e-16,67.98519066322338,64.83607329111702,66.2367281439509,4387.304155215661,3.637978807091713e-12,3,2
10.0,1.2,2.0,18,0.9,same-theta Brent root,49.0429948551822,59.35251023178289,59.352510231782766,1.1449996853268662e-13,1.90833280887811e-14,1.723107431804862e-15,1.723107431804862e-15,2.2087769538145872e-16,74.01501771604836,70.865900343942,72.2678175452807,5222.637452757986,3.637978807091713e-12,3,2
10.0,1.2,2.0,19,0.9500000000000001,same-theta Brent root,51.5936351947451,63.79317456325576,63.79317456325575,1.2722218725854067e-14,1.90833280887811e-14,1.5122510374492517e-15,1.5122510374492517e-15,1.4485477612805328e-16,80.49781907242439,77.34870170031803,78.75176042031715,6201.839769299034,2.7284841053187847e-12,3,2
10.0,1.2,2.0,20,1.0,detachment endpoint,54.14427553430799,72.32684003700726,72.32684005169916,1.4691910795646972e-08,0.0,0.0,0.0,1.372619202558086e-16,90.78350814880875,87.63439077670239,89.03891952524067,7927.929190222288,2.7284841053187847e-12,2,1
10.0,1.2,5.0,0,0.0,CJ endpoint,4.936904642300547,13.543671167090972,13.543671167090972,0.0,0.0,0.0,0.0,4.266988376720192e-17,5.4843289534311435,0.0,0.0,-3.552713678800501e-15,-3.552713678800501e-15,1,1
10.0,1.2,5.0,1,0.05,same-theta Brent root,7.351934580906028,14.29655557974555,14.296555579746517,9.66888623164909e-13,1.835180051204449e-12,2.668149638085819e-13,2.668149638085819e-13,4.0704038063084164e-14,6.097973819234359,0.6136448658032156,1.9052820590172033,3.630099724406314,-6.519673689808769e-12,3,2
10.0,1.2,5.0,2,0.1,same-theta Brent root,9.766964519511511,15.850153471551197,15.850153471552867,1.6697912077683463e-12,2.2740965972464145e-12,3.767314436195054e-13,3.767314436195054e-13,6.198182301499451e-14,7.459585281397095,1.9752563279659512,3.7913624608052903,14.374429309185977,-1.7568169141668477e-11,3,2
10.0,1.2,5.0,3,0.15000000000000002,same-theta Brent root,12.181994458116993,17.77554737975881,17.775547379761534,2.725735362014234e-12,3.212360228278152e-12,5.779258570906332e-13,5.779258570906332e-13,8.867172823733902e-14,9.320132990068197,3.835804036637054,5.9203709350749865,35.050792008837774,-4.289546495783725e-11,3,2
10.0,1.2,5.0,4,0.2,same-theta Brent root,14.597024396722473,19.919327319833933,19.919327319830384,3.5494990245132846e-12,3.851651719252319e-12,7.280399661730099e-13,7.280399661730099e-13,1.01862618271571e-13,11.60742508477097,6.123096131339826,8.364024646352277,69.95690828486819,7.985079264472006e-11,3,2
10.0,1.2,5.0,5,0.25,same-theta Brent root,17.012054335327957,22.20865702573987,22.20865702574045,5.820415067078235e-13,5.979442801151411e-13,1.153486984803202e-13,1.153486984803202e-13,1.5102725207730744e-14,14.286939114760257,8.802610161329113,11.142589807516767,124.15730761855849,-1.8061996343021747e-11,3,2
10.0,1.2,5.0,6,0.30000000000000004,same-theta Brent root,19.427084273933435,24.60356418503277,24.603564185031082,1.6888745358571275e-12,1.6729717624498099e-12,3.2490160583610034e-13,3.2490160583610034e-13,3.925793683993331e-14,17.333679074611045,11.849350121179901,14.25595485538387,203.23224883881286,6.994582690822426e-11,3,2
10.0,1.2,5.0,7,0.35000000000000003,same-theta Brent root,21.842114212538924,27.080561478965947,27.080561478966626,6.77458147151729e-13,6.52013709700021e-13,1.2534107709673255e-13,1.2534107709673255e-13,1.4654546601315638e-14,20.724606332227275,15.240277378796131,17.69378059497771,313.0698717431736,-3.61524143954739e-11,3,2
10.0,1.2,5.0,8,0.4,same-theta Brent root,24.257144151144402,29.625660617116598,29.625660617116395,2.0355549961366507e-13,1.7493050748049342e-13,3.287697861674657e-14,3.287697861674657e-14,3.4949364493494913e-15,24.436336593705263,18.952007640274118,21.43972882500733,459.6619720898625,1.2391865311656147e-11,3,2
10.0,1.2,5.0,9,0.45,same-theta Brent root,26.67217408974988,32.230985730680715,32.23098573068048,2.353610464283002e-13,2.480832651541543e-13,4.51069516431147e-14,4.51069516431147e-14,4.835298319686638e-15,28.4444965630298,22.960167609598656,25.473592290848114,648.9039042003787,2.2282620193436742e-11,3,2
10.0,1.2,5.0,10,0.5,same-theta Brent root,29.087204028355362,34.89305633313719,34.89305633313719,0.0,0.0,3.884673500745171e-16,3.884673500745171e-16,2.4449311481692687e-16,32.72371697455954,27.23938802112839,29.772592370196875,886.4072564419052,0.0,3,2
10.0,1.2,5.0,11,0.55,same-theta Brent root,31.502233966960848,37.611994592498405,37.61199459249862,2.1627771833951915e-13,1.90833280887811e-13,3.134359140645401e-14,3.134359140645401e-14,3.5306541927629778e-15,37.24795319906553,31.763624245634382,34.31236340920128,1177.3382827250712,-2.3874235921539366e-11,3,2
10.0,1.2,5.0,12,0.6000000000000001,same-theta Brent root,33.91726390556633,40.39137021436234,40.39137021436211,2.2899993706537323e-13,2.1627771833951915e-13,3.388022004087667e-14,3.388022004087667e-14,3.84440243423804e-15,41.99107291225051,36.506743958819364,39.06789975353789,1526.3007911525187,3.296918293926865e-11,3,2
10.0,1.2,5.0,13,0.65,same-theta Brent root,36.33229384417181,43.23864148551997,43.23864148551993,4.4527765540489235e-14,3.81666561775622e-14,5.605975509026013e-15,5.605975509026013e-15,6.235588534166036e-16,46.927785892522444,41.4434569390913,44.01469037397394,1937.2929687168014,7.048583938740194e-12,3,2
10.0,1.2,5.0,14,0.7000000000000001,same-theta Brent root,38.74732378277729,46.16637663272566,46.16637663272562,3.180554681463517e-14,3.180554681463517e-14,3.775329903937618e-15,3.775329903937618e-15,3.2754090053901163e-16,52.03514888705947,46.550819933628325,49.13034577534646,2413.7908760051096,5.4569682106375694e-12,3,2
10.0,1.2,5.0,15,0.75,same-theta Brent root,41.162353721382765,49.194813977561076,49.19481397756105,2.5444437451708134e-14,2.5444437451708134e-14,2.813436416176519e-15,2.813436416176519e-15,2.8784013028627874e-16,57.29519709133628,51.81086813790513,54.39730532128859,2959.066826217497,4.547473508864641e-12,3,2
10.0,1.2,5.0,16,0.8,same-theta Brent root,43.57738365998825,52.35721685166462,52.35721685166459,3.180554681463517e-14,1.90833280887811e-14,2.116078622746023e-15,2.116078622746023e-15,1.458334345434654e-16,62.70008032057171,57.21575136714056,59.80802301578136,3576.999617056237,4.547473508864641e-12,3,2
10.0,1.2,5.0,17,0.8500000000000001,same-theta Brent root,45.992413598593735,55.71220505674371,55.71220505674369,2.5444437451708134e-14,2.5444437451708134e-14,2.4895658819456614e-15,2.4895658819456614e-15,2.960709430172359e-16,68.26367076498647,62.77934181155533,65.37661109787052,4274.1012786422125,5.4569682106375694e-12,3,2
10.0,1.2,5.0,18,0.9,same-theta Brent root,48.40744353719922,59.37797138870327,59.37797138870326,1.2722218725854067e-14,0.0,4.0764242718472263e-16,4.0764242718472263e-16,5.994864724976179e-17,74.05398506681291,68.56965611338177,71.17129657076515,5065.35345556381,2.7284841053187847e-12,3,2
10.0,1.2,5.0,19,0.9500000000000001,same-theta Brent root,50.8224734758047,63.66801518917663,63.6680151891765,1.2722218725854067e-13,6.3611093629270335e-15,4.0095253403346965e-16,4.0095253403346965e-16,6.51198291438509e-17,80.32442564520208,74.84009669177094,77.44573332281634,5997.841609908786,9.094947017729282e-13,3,2
10.0,1.2,5.0,20,1.0,detachment endpoint,53.23750341441018,71.98977060156439,71.98977009428602,5.07278370587844e-07,0.0,3.921369159596155e-16,3.921369159596155e-16,9.54769250576786e-17,90.44035301726281,84.95602406383166,87.56690082515556,7667.962120122628,-9.094947017729282e-13,2,1
10.0,1.2,10.0,0,0.0,CJ endpoint,6.946191871138671,17.681516734339336,17.681516734339336,0.0,0.0,0.0,9.876562033633805e-09,9.373328791884205e-17,9.22493144372578,0.0,0.0,-1.4210854715202004e-14,-1.4210854715202004e-14,1,1
10.0,1.2,10.0,1,0.05,same-theta Brent root,9.186124414543338,18.232931159023284,18.232931159016232,7.05447028348608e-12,1.6217648320782473e-11,1.822988874696575e-12,1.822988874696575e-12,2.242866306009438e-13,9.789443888905454,0.564512445179675,2.3377486372195833,5.465068690910769,8.875034041011531e-11,3,2
10.0,1.2,10.0,2,0.1,same-theta Brent root,11.426056957948006,19.474025790835423,19.474025790833288,2.1373327459434834e-12,3.2743810445666906e-12,4.1232803462788265e-13,4.1232803462788265e-13,6.299902656637336e-14,11.114188576864056,1.8892571331382761,4.559908003969031,20.792761004697596,3.675992843454878e-11,3,2
10.0,1.2,10.0,3,0.15000000000000002,same-theta Brent root,13.665989501352673,21.08960039860609,21.089600398605352,7.410692407809994e-13,9.493955724168598e-13,1.291819556338905e-13,1.291819556338905e-13,2.0104702447302242e-14,12.947580408443832,3.7226489647180525,6.913447376017187,47.795754620976126,1.7202239632752025e-11,3,2
10.0,1.2,10.0,4,0.2,same-theta Brent root,15.905922044757341,22.93979398850557,22.93979398850461,9.60527513801982e-13,1.106833029149304e-12,1.5911149868221598e-13,1.5911149868221598e-13,2.4075976289136317e-14,15.19157050245404,5.96663905872826,9.486612829390927,89.995822974794,2.9473312679328956e-11,3,2
10.0,1.2,10.0,5,0.25,same-theta Brent root,18.145854588162006,24.951758374626806,24.95175837462749,6.838192565146561e-13,7.378886860995359e-13,1.0946845123174922e-13,1.0946845123174922e-13,1.571860085408411e-14,17.796166072523505,8.571234628797725,12.312837888587843,151.6059768706173,-2.702904566831421e-11,3,2
10.0,1.2,10.0,6,0.30000000000000004,same-theta Brent root,20.385787131566676,27.083600678903057,27.083600678902677,3.81666561775622e-13,3.9120822582001255e-13,5.894708073677631e-14,5.894708073677631e-14,8.13882026874962e-15,20.72890660120008,11.5039751574743,15.401875662941938,237.21777393674216,1.8985701899509877e-11,3,2
10.0,1.2,10.0,7,0.35000000000000003,same-theta Brent root,22.62571967497134,29.30986896023895,29.30986896023863,3.180554681463517e-13,3.0851380410196113e-13,4.6537307855561577e-14,4.6537307855561577e-14,6.1953147843776716e-15,23.964222011697213,14.739290567971434,18.751476328991266,351.61786451673925,1.944044925039634e-11,3,2
10.0,1.2,10.0,8,0.4,same-theta Brent root,24.865652218376006,31.61486054200105,31.614860542001274,2.2263882770244617e-13,2.1309716365805563e-13,3.1931234445296464e-14,3.1931234445296464e-14,4.161654248562372e-15,27.479276584144703,18.254345140418923,22.352570175916142,499.6373934692395,-1.63140612130519e-11,3,2
10.0,1.2,10.0,9,0.45,same-theta Brent root,27.105584761780676,33.98925231695561,33.9892523169558,1.90833280887811e-13,1.7811106216195694e-13,2.639918402057316e-14,2.639918402057316e-14,3.3615869860204918e-15,31.25227930527901,22.02734786155323,26.191926649114286,686.0170215925666,-1.6484591469634324e-11,3,2
10.0,1.2,10.0,10,0.5,same-theta Brent root,29.345517305185343,36.4283510461371,36.42835104613709,1.2722218725854067e-14,6.361109362927034e-14,8.822347777804214e-15,8.822347777804214e-15,1.1691064475465e-15,35.26187372845356,26.03694228472778,30.253742204491495,915.2889173758367,6.821210263296962e-12,3,2
10.0,1.2,10.0,11,0.55,same-theta Brent root,31.585449848590013,38.931260864728,38.93126086472791,8.905553108097847e-14,8.905553108097847e-14,1.2331665381544955e-14,1.2331665381544955e-14,1.5301218254950974e-15,39.48709475898058,30.262163315254803,34.52078264979249,1191.6844347542265,1.2505552149377763e-11,3,2
10.0,1.2,10.0,12,0.6000000000000001,same-theta Brent root,33.82538239199468,41.50068865086649,41.50068865086645,4.4527765540489235e-14,3.81666561775622e-14,4.735121734043672e-15,4.735121734043672e-15,6.626430871732159e-16,43.907725795056685,34.682794351330905,38.97541460639025,1519.082943740024,5.229594535194337e-12,3,2
10.0,1.2,10.0,13,0.65,same-theta Brent root,36.06531493539934,44.14334512030793,44.14334512030789,3.180554681463517e-14,2.5444437451708134e-14,2.8574941245132455e-15,2.8574941245132455e-15,5.320416919995868e-16,48.50507799188113,39.28014654815535,43.60078588444146,1901.0285297409137,4.320099833421409e-12,3,2
10.0,1.2,10.0,14,0.7000000000000001,same-theta Brent root,38.305247478804006,46.871121086130024,46.871121086129975,4.4527765540489235e-14,3.81666561775622e-14,4.386155510970952e-15,4.386155510970952e-15,5.401558546365551e-16,53.263400944759354,44.038469501033575,48.38248448269027,2340.864804717771,5.9117155615240335e-12,3,2
10.0,1.2,10.0,15,0.75,same-theta Brent root,40.545180022208676,49.7035862906876,49.703586290687575,2.5444437451708134e-14,2.5444437451708134e-14,2.9140838404841814e-15,2.9140838404841814e-15,3.2043308380901646e-16,58.172473257814396,48.947541814088616,53.31128924713344,2842.09356119153,5.002220859751105e-12,3,2
10.0,1.2,10.0,16,0.8,same-theta Brent root,42.785112565613346,52.673239453056084,52.673239453056055,3.180554681463517e-14,2.5444437451708134e-14,2.5972606113101952e-15,2.5972606113101952e-15,3.5470044202482854e-16,63.2327710813492,54.00783963762342,58.388447560572395,3409.210808533719,6.366462912410498e-12,3,2
10.0,1.2,10.0,17,0.8500000000000001,same-theta Brent root,45.025045109018016,55.83761241225377,55.83761241225375,1.90833280887811e-14,1.2722218725854067e-14,1.3814207883336859e-15,1.3814207883336859e-15,1.7034900400840157e-16,68.46724790022373,59.242316456497946,63.63753914131135,4049.736387961935,9.094947017729282e-13,3,2
10.0,1.2,10.0,18,0.9,same-theta Brent root,47.26497765242267,59.31284796014324,59.3128479601432,3.81666561775622e-14,6.3611093629270335e-15,4.49989246996354e-16,4.49989246996354e-16,2.2921291100910673e-16,73.95427830994099,64.72934686621521,69.13751043718179,4779.995349451426,4.547473508864641e-12,3,2
10.0,1.2,10.0,19,0.9500000000000001,same-theta Brent root,49.50491019582735,63.40678500692063,63.406785006920614,1.2722218725854067e-14,6.3611093629270335e-15,4.402059883595555e-16,4.402059883595555e-16,4.7684952750730374e-17,79.9606614034416,70.73572995971583,75.15589042545976,5648.407865643714,0.0,3,2
10.0,1.2,10.0,20,1.0,detachment endpoint,51.74484273923201,71.45591795225793,71.45591802099925,6.874132833047098e-08,0.0,2.1348616325866163e-16,2.1348616325866163e-16,1.8616512697306506e-16,89.88542599002271,80.66049454629693,85.09676352737691,7241.459162834305,0.0,2,1
10.0,1.3,2.0,0,0.0,CJ endpoint,3.599073400496852,11.336930650395004,11.336930650395004,0.0,0.0,1.5048631279551694e-16,1.5048631279551699e-16,1.1102230246251565e-16,3.864297687947349,4.440892098500626e-16,0.0,1.7763568394002505e-15,1.7763568394002505e-15,1,1
10.0,1.3,2.0,1,0.05,same-theta Brent root,5.829598591318566,12.136753941358235,12.136753941362256,4.021811394710617e-12,6.836602287805829e-12,1.092709344927216e-12,1.092709344927216e-12,2.0695351580271247e-13,4.420327348959146,0.5560296610117978,1.5211654042326588,2.3139441870169435,-1.736477628355715e-11,3,2
10.0,1.3,2.0,2,0.1,same-theta Brent root,8.06012378214028,13.708652204439243,13.708652204442652,3.407964341188158e-12,4.284207155931357e-12,7.632814007822553e-13,7.632814007822553e-13,1.4978812605986938e-13,5.61618221950572,1.751884531558371,3.0635847332296393,9.385551417653222,-2.4497737172168854e-11,3,2
10.0,1.3,2.0,3,0.15000000000000002,same-theta Brent root,10.290648972961995,15.61668000608461,15.616680006083527,1.0845691463790593e-12,1.1958885602302823e-12,2.2572443315457266e-13,2.2572443315457266e-13,4.069732740520722e-14,7.246875095875509,3.38257740792816,4.861869515215651,23.63777518299548,1.2210676914037322e-11,3,2
10.0,1.3,2.0,4,0.2,same-theta Brent root,12.521174163783709,17.7222727722339,17.722272772230884,3.015165838027414e-12,3.086728318360343e-12,5.9667658917529e-13,5.9667658917529e-13,9.772026943733366e-14,9.266141111890589,5.40184342394324,6.975410992981562,48.65635852105853,5.050537765782792e-11,3,2
10.0,1.3,2.0,5,0.25,same-theta Brent root,14.751699354605423,19.96117492676061,19.961174926760027,5.820415067078235e-13,5.72499842663433e-13,1.1025225823160605e-13,1.1025225823160605e-13,1.6750996957502973e-14,11.65425611374687,7.789958425799521,9.42179872033862,88.77029112658843,1.3983481039758772e-11,3,2
10.0,1.3,2.0,6,0.30000000000000004,same-theta Brent root,16.98222454542714,22.298181772479715,22.298181772479797,7.951386703658792e-14,7.63333123551244e-14,1.450968834441153e-14,1.450968834441153e-14,1.8734455991878686e-15,14.39646955567113,10.532171867723783,12.202482709211319,148.90058426859858,-2.6432189770275727e-12,3,2
10.0,1.3,2.0,7,0.35000000000000003,same-theta Brent root,19.212749736248853,24.71272204011703,24.71272204011656,4.675415381751369e-13,4.2301377263464775e-13,7.76761906035815e-14,7.76761906035815e-14,1.0697326757962893e-14,17.47815131768604,13.613853629738692,15.310846192419033,234.42201112793245,2.0037305148434825e-11,3,2
10.0,1.3,2.0,8,0.4,same-theta Brent root,21.443274927070565,27.192813597200185,27.192813597200097,8.587497639951495e-14,6.3611093629270335e-15,1.2184274573423621e-15,1.2184274573423621e-15,3.2482901765959645e-16,20.883653978690255,17.019356290742905,18.735583570110737,351.022091712604,5.684341886080801e-13,3,2
10.0,1.3,2.0,9,0.45,same-theta Brent root,23.673800117892277,29.73212514604672,29.73212514604654,1.8447217152488398e-13,1.7811106216195694e-13,2.970899561960965e-14,2.970899561960965e-14,4.133829584961367e-15,24.596206113045827,20.731908425098478,22.46244210533387,504.5613053354901,1.4154011296341196e-11,3,2
10.0,1.3,2.0,10,0.5,same-theta Brent root,25.904325308713993,32.32849221089982,32.32849221089998,1.6538884343610288e-13,1.3994440598439473e-13,2.196443153732233e-14,2.196443153732233e-14,2.8689470086166164e-15,28.59817524821632,24.733877560268972,26.475330991692545,700.9431511196623,-1.3415046851150692e-11,3,2
10.0,1.3,2.0,11,0.55,same-theta Brent root,28.13485049953571,34.983265421537205,34.983265421537226,2.5444437451708134e-14,6.3611093629270335e-15,1.2194837127891465e-15,1.2194837127891465e-15,2.377695253869637e-17,32.87154982232586,29.00725213437851,30.757224504552532,946.0068592234462,-5.684341886080801e-13,3,2
10.0,1.3,2.0,12,0.6000000000000001,same-theta Brent root,30.36537569035742,37.70126159280437,37.7012615928043,6.997220299219736e-14,2.5444437451708134e-14,3.550482842079154e-15,3.550482842079154e-15,7.616401783747876e-16,37.39866289387995,33.5343652059326,35.29110967819486,1245.4624223183835,4.774847184307873e-12,3,2
10.0,1.3,2.0,13,0.65,same-theta Brent root,32.595900881179126,40.491308968709966,40.49130896870987,9.54166404439055e-14,6.997220299219736e-14,9.088420461722944e-15,9.088420461722944e-15,1.4388334923406843e-15,42.16329514902269,38.29899746107534,40.06121501644418,1604.9009485937834,1.0686562745831907e-11,3,2
10.0,1.3,2.0,14,0.7000000000000001,same-theta Brent root,34.82642607200085,43.367600260187835,43.367600260187785,5.088887490341627e-14,3.81666561775622e-14,4.6601839173918215e-15,4.6601839173918215e-15,8.944977494928556e-16,47.15246650573129,43.28816881778394,45.05487599647972,2029.941851058173,8.185452315956354e-12,3,2
10.0,1.3,2.0,15,0.75,same-theta Brent root,37.05695126282256,46.352456521224035,46.35245652122403,6.3611093629270335e-15,6.3611093629270335e-15,5.546691190417988e-16,5.546691190417988e-16,1.3503466397452963e-16,52.359605205575505,48.495307517628156,50.2657495453833,2526.645577359203,1.3642420526593924e-12,3,2
10.0,1.3,2.0,16,0.8,same-theta Brent root,39.287476453644274,49.48205325609037,49.48205325609037,0.0,6.3611093629270335e-15,6.825089700079364e-16,6.825089700079364e-16,1.9857962044310656e-16,57.79078437991378,53.92648669196643,55.70007998021501,3102.4989098023498,9.094947017729282e-13,3,2
10.0,1.3,2.0,17,0.8500000000000001,same-theta Brent root,41.518001644466,52.81954798538393,52.81954798538392,1.2722218725854067e-14,1.2722218725854067e-14,1.2117130138761053e-15,1.2117130138761053e-15,1.9678828123609206e-16,63.4788487612375,59.61455107329015,61.39084674135968,3768.836063621115,2.2737367544323206e-12,3,2
10.0,1.3,2.0,18,0.9,same-theta Brent root,43.748526835287706,56.491409564274356,56.49140956427438,1.90833280887811e-14,0.0,1.3298850963624752e-16,1.3298850963624752e-16,1.4515373565819852e-16,69.52275428933311,65.65845660138577,67.43712405000592,4547.765700135888,1.8189894035458565e-12,3,2
10.0,1.3,2.0,19,0.9500000000000001,same-theta Brent root,45.97905202610942,60.83123952999648,60.831239529996495,1.2722218725854067e-14,0.0,0.0,0.0,2.2834924103371026e-17,76.24571864610179,72.38142095815445,74.1622724087346,5500.042648827356,0.0,3,2
10.0,1.3,2.0,20,1.0,detachment endpoint,48.20957721693113,69.44228885839142,69.4422890820399,2.236484757027487e-07,0.0,1.2941839751841212e-16,1.2941839751841212e-16,3.7284264672435303e-17,87.66932097798828,83.80502329004094,85.58879883813867,7325.442486555369,1.8189894035458565e-12,2,1
10.0,1.3,5.0,0,0.0,CJ endpoint,5.663493740846902,15.529512727791028,15.529512727791028,0.0,0.0,1.389714709267013e-16,1.155280650344519e-08,4.685720263960503e-17,7.168187018926878,-8.881784197001252e-16,3.552713678800501e-15,-7.105427357601002e-15,-7.105427357601014e-15,1,1
10.0,1.3,5.0,1,0.05,same-theta Brent root,7.737222991314307,16.10146907232577,16.101469072329714,3.943887805014761e-12,8.191518582109288e-12,9.935635966895542e-13,9.935635966895542e-13,1.4320469249987066e-13,7.691708051964945,0.5235210330380653,1.9884006116320645,3.953736992303142,-3.5626168681801573e-11,3,2
10.0,1.3,5.0,2,0.1,same-theta Brent root,9.810952241781711,17.356659822842378,17.356659822841145,1.230874661726381e-12,1.7461245201234706e-12,2.339481174992219e-13,2.339481174992219e-13,4.113017930103432e-14,8.899416127327088,1.7312291084002087,3.894279475165158,15.165412630708431,1.581312858434103e-11,3,2
10.0,1.3,5.0,3,0.15000000000000002,same-theta Brent root,11.884681492249117,18.966911935465212,18.96691193546334,1.8733467073820114e-12,2.2407007730910477e-12,3.1963341730016e-13,3.1963341730016e-13,5.657126543518349e-14,10.563934424250746,3.395747405323867,5.949683032630677,35.39872818880679,3.342393029015511e-11,3,2
10.0,1.3,5.0,4,0.2,same-theta Brent root,13.958410742716522,20.79631024777733,20.796310247775917,1.4121662785698014e-12,1.5234856924210246e-12,2.2490500827890662e-13,2.2490500827890662e-13,3.858739316349274e-14,12.60582021161478,5.437633192687901,8.233301149293164,67.78724781498616,3.40349970429088e-11,3,2
10.0,1.3,5.0,5,0.25,same-theta Brent root,16.032139993183925,22.776469064300713,22.77646906429946,1.2563190991780892e-12,1.2754024272668703e-12,1.911167730673688e-13,1.911167730673688e-13,3.131743901527997e-14,14.98750193562764,7.81931491670076,10.775024903168099,116.10116166393256,3.986144747614162e-11,3,2
10.0,1.3,5.0,6,0.30000000000000004,same-theta Brent root,18.10586924365133,24.86885539914012,24.868855399140507,3.8802767113854903e-13,3.75305452412695e-13,5.6012415206451254e-14,5.6012415206451254e-14,8.75661751233769e-15,17.685616587657137,10.517429568730257,13.584549672006487,184.5399897911957,-1.5859313862165436e-11,3,2
10.0,1.3,5.0,7,0.35000000000000003,same-theta Brent root,20.179598494118736,27.050473536645473,27.050473536645594,1.2086107789561363e-13,1.1449996853268662e-13,1.676707767736329e-14,1.676707767736329e-14,2.4681838789956825e-15,20.682051648291672,13.513864629364793,16.661608285069438,277.6091906450882,-6.366462912410498e-12,3,2
10.0,1.3,5.0,8,0.4,same-theta Brent root,22.25332774458614,29.307485992359886,29.307485992359865,1.90833280887811e-14,1.5902773407317584e-14,2.1537102204941985e-15,2.1537102204941985e-15,4.853345187371468e-16,23.960671383495583,16.792484364568704,20.000413975504333,400.0165591915503,1.2505552149377763e-12,3,2
10.0,1.3,5.0,9,0.45,same-theta Brent root,24.327056995053542,31.632070896784054,31.63207089678387,1.8447217152488398e-13,1.5902773407317584e-13,2.19960146287524e-14,2.19960146287524e-14,3.4489569483753324e-15,27.506098925056627,20.337911906129747,23.59193443839922,556.5793705457413,1.4097167877480388e-11,3,2
10.0,1.3,5.0,10,0.5,same-theta Brent root,26.400786245520948,34.02082605671635,34.02082605671638,3.180554681463517e-14,0.0,1.7602651435801943e-16,1.7602651435801943e-16,7.233139818413805e-17,31.3033768565402,24.13518983761332,27.425279512946524,752.1459563632443,0.0,3,2
10.0,1.3,5.0,11,0.55,same-theta Brent root,28.474515495988356,36.47404730553004,36.47404730552997,6.997220299219736e-14,1.2722218725854067e-13,1.5871115182547838e-14,1.5871115182547838e-14,2.5546692886984244e-15,35.3381039912666,28.16991697233972,31.488753595405257,991.5416029921626,1.5120349416974932e-11,3,2
10.0,1.3,5.0,12,0.6000000000000001,same-theta Brent root,30.54824474645576,38.995625897813845,38.995625897813746,1.0177774980683254e-13,8.269442171805144e-14,1.0100729807560372e-14,1.0100729807560372e-14,1.6293091468717833e-15,39.59694815846515,32.428761139538274,35.77088187336814,1279.55598999847,1.2732925824820995e-11,3,2
10.0,1.3,5.0,13,0.65,same-theta Brent root,32.62197399692317,41.593542826321986,41.59354282632192,6.361109362927034e-14,5.088887490341627e-14,5.6869766190783965e-15,5.6869766190783965e-15,1.0245460747702182e-15,44.068611119028475,36.900424100101596,40.2616770077321,1621.002635474952,8.640199666842818e-12,3,2
10.0,1.3,5.0,14,0.7000000000000001,same-theta Brent root,34.69570324739057,44.28116237996995,44.28116237996992,2.5444437451708134e-14,1.90833280887811e-14,1.6918433653588868e-15,1.6918433653588868e-15,4.751971386320079e-16,48.74552332393386,41.57733630500698,44.95451877504005,2020.9087582954323,3.865352482534945e-12,3,2
10.0,1.3,5.0,15,0.75,same-theta Brent root,36.76943249785797,47.079910302583684,47.079910302583656,2.5444437451708134e-14,1.90833280887811e-14,1.803028561308793e-15,1.803028561308793e-15,2.6773313883712366e-16,53.62693998512751,46.45875296620063,49.84936825431262,2484.959515354074,2.7284841053187847e-12,3,2
10.0,1.3,5.0,16,0.8,same-theta Brent root,38.84316174832538,50.02484807633622,50.024848076336255,3.180554681463517e-14,6.3611093629270335e-15,4.415706878293659e-16,4.415706878293659e-16,3.1067403627145746e-17,58.725114828020644,51.556927809093764,54.959021476616,3020.494041667136,-2.7284841053187847e-12,3,2
10.0,1.3,5.0,17,0.8500000000000001,same-theta Brent root,40.91689099879279,53.1774704926806,53.177470492680584,1.90833280887811e-14,0.0,0.0,0.0,1.1584533507311984e-16,64.0793469042004,56.91115988527353,60.32321733143124,3638.8905492150857,-4.547473508864641e-13,3,2
10.0,1.3,5.0,18,0.9,same-theta Brent root,42.99062024926018,56.66112387427627,56.66112387427627,0.0,6.3611093629270335e-15,2.842304866010419e-16,2.842304866010419e-16,4.77068102316658e-17,69.79510511083411,62.626918091907235,66.04782770613554,4362.315544699364,-9.094947017729282e-13,3,2
10.0,1.3,5.0,19,0.9500000000000001,same-theta Brent root,45.06434949972759,60.80114628502704,60.80114628502706,2.5444437451708134e-14,6.3611093629270335e-15,6.993266107025499e-16,6.993266107025499e-16,2.2183625611268395e-17,76.20099928058282,69.03281226165595,72.46198199799812,5250.738835078202,-1.8189894035458565e-12,3,2
10.0,1.3,5.0,20,1.0,detachment endpoint,47.13807875019499,69.10523599791881,69.10523603444875,3.652993001626235e-08,0.0,0.0,0.0,4.550087389048901e-17,87.27989049540179,80.1117034764749,83.55216753920782,6980.964700499852,0.0,2,1
10.0,1.3,10.0,0,0.0,CJ endpoint,7.940223104390188,20.735640360562194,20.735640360562194,0.0,0.0,0.0,0.0,2.206597726968329e-17,12.535611883965005,-3.552713678800501e-15,-3.552713678800501e-15,-2.842170943040401e-14,-2.842170943040402e-14,1,1
10.0,1.3,10.0,1,0.05,same-theta Brent root,9.811160808645571,21.124022473491564,21.1240224734889,2.665304823066427e-12,7.060831392849007e-12,6.405282425327083e-13,6.405282425327083e-13,7.242163199848029e-14,12.98794651842287,0.45233463445786093,2.416363811890662,5.83881407146265,4.787992224919435e-11,3,2
10.0,1.3,10.0,2,0.1,same-theta Brent root,11.682098512900954,22.052948419306432,22.05294841930585,5.820415067078235e-13,9.780205645500315e-13,9.649894717819555e-14,9.649894717819555e-14,1.517511005808224e-14,14.097266443129302,1.5616545591642925,4.678726639047749,21.890482962948226,1.3180567748349858e-11,3,2
10.0,1.3,10.0,3,0.15000000000000002,same-theta Brent root,13.55303621715634,23.31409330695244,23.31409330695295,5.120693037156262e-13,6.949511978997784e-13,7.268117302260798e-14,7.268117302260798e-14,1.2456817336412792e-14,15.663500508225017,3.1278886242600077,6.981702144652759,48.744164836634326,-1.461586407458526e-11,3,2
10.0,1.3,10.0,4,0.2,same-theta Brent root,15.423973921411722,24.79954868243346,24.799548682433173,2.862499213317165e-13,3.3713879623513276e-13,3.6816303070161874e-14,3.6816303070161874e-14,6.550121388494377e-15,17.593405088852844,5.057793204887835,9.411712422844186,88.58033073032954,9.961809155356605e-12,3,2
10.0,1.3,10.0,5,0.25,same-theta Brent root,17.294911625667105,26.44773870701132,26.447738707011084,2.3854160110976374e-13,2.608054838800084e-13,2.9199254492536514e-14,2.9199254492536514e-14,5.2479635179887356e-15,19.836452881567187,7.300840997602178,12.010011674294917,144.2403804167106,1.0402345651527867e-11,3,2
10.0,1.3,10.0,6,0.30000000000000004,same-theta Brent root,19.16584932992249,28.22118636945786,28.22118636945771,1.526666247102488e-13,1.526666247102488e-13,1.7012597220172828e-14,1.7012597220172828e-14,3.21372505736617e-15,22.361229188888665,9.825617304923655,14.796251692486278,218.92906414741088,7.844391802791506e-12,3,2
10.0,1.3,10.0,7,0.35000000000000003,same-theta Brent root,21.036787034177877,30.09624982550003,30.096249825500163,1.335832966214677e-13,1.304027419400042e-13,1.4538344312587682e-14,1.4538344312587682e-14,2.337566706175972e-15,25.145622385648437,12.610010501683428,17.778656512049825,316.08062737344346,-8.185452315956354e-12,3,2
10.0,1.3,10.0,8,0.4,same-theta Brent root,22.90772473843326,32.05795668996802,32.057956689968094,6.997220299219736e-14,6.361109362927034e-14,7.195620677777977e-15,7.195620677777977e-15,1.0911572360105157e-15,28.172403622058678,15.636791738093669,20.958974655551852,439.27861861206,-4.888534022029489e-12,3,2
10.0,1.3,10.0,9,0.45,same-theta Brent root,24.778662442688642,34.09725888523932,34.09725888523909,2.2899993706537323e-13,2.0991660897659211e-13,2.3035010241428963e-14,2.3035010241428963e-14,4.043538356520639e-15,31.427166294091283,18.891554410126275,24.335180112438746,592.2009911048541,1.9895196601282805e-11,3,2
10.0,1.3,10.0,10,0.5,same-theta Brent root,26.649600146944024,36.209568707924944,36.20956870792493,1.2722218725854067e-14,3.180554681463517e-14,3.4732975185091124e-15,3.4732975185091124e-15,6.099828118544165e-16,34.897425109962974,22.361813225997963,27.903151066800824,778.5858394567103,2.3874235921539366e-12,3,2
10.0,1.3,10.0,11,0.55,same-theta Brent root,28.520537851199414,38.39407153280325,38.39407153280322,3.180554681463517e-14,2.5444437451708134e-14,2.731183159442448e-15,2.731183159442448e-15,5.291381153754251e-16,38.57238299425372,26.03677111028871,31.657910272962738,1002.2232828509619,2.2737367544323206e-12,3,2
10.0,1.3,10.0,12,0.6000000000000001,same-theta Brent root,30.391475555454797,40.65361528735212,40.65361528735206,5.724998426634331e-14,4.4527765540489235e-14,4.3069192651051555e-15,4.3069192651051555e-15,8.050518660425721e-16,42.44319631257484,29.90758442860983,35.5947702259525,1266.9876674383609,6.139089236967266e-12,3,2
10.0,1.3,10.0,13,0.65,same-theta Brent root,32.26241325971018,42.995171642558276,42.99517164255825,2.5444437451708134e-14,2.5444437451708134e-14,2.5278786141043307e-15,2.5278786141043307e-15,6.880873639018898e-16,46.50376981681683,33.96815793285182,39.710674444927534,1576.9376648710254,4.774847184307873e-12,3,2
10.0,1.3,10.0,14,0.7000000000000001,same-theta Brent root,34.13335096396556,45.43107048111785,45.43107048111781,4.4527765540489235e-14,3.180554681463517e-14,3.146197138345438e-15,3.146197138345438e-15,6.473949586357793e-16,50.752331529360376,38.216719645395365,44.00612427032978,1936.5389732957146,7.048583938740194e-12,3,2
10.0,1.3,10.0,15,0.75,same-theta Brent root,36.004288668220944,47.98157550250406,47.98157550250404,1.2722218725854067e-14,1.2722218725854067e-14,1.188348270076897e-15,1.188348270076897e-15,3.2128839285829627e-16,55.19444142866072,42.658829544695706,48.48842395219689,2351.1272573679844,3.183231456205249e-12,3,2
10.0,1.3,10.0,16,0.8,same-theta Brent root,37.875226372476334,50.680261661710304,50.68026166171029,1.2722218725854067e-14,1.90833280887811e-14,1.3227671075893664e-15,1.3227671075893664e-15,4.2815390035408663e-16,59.84909443268266,47.31348254871765,53.17795369569421,2827.894759261401,3.637978807091713e-12,3,2
10.0,1.3,10.0,17,0.8500000000000001,same-theta Brent root,39.746164076731716,53.58637181838269,53.586371818382695,6.3611093629270335e-15,6.3611093629270335e-15,4.842218969319466e-16,4.842218969319466e-16,3.8866506136757665e-17,64.76267889989313,52.22706701592812,58.12227176604385,3378.1984752458575,-9.094947017729282e-13,3,2
10.0,1.3,10.0,18,0.9,same-theta Brent root,41.6171017809871,56.819007172299095,56.819007172299095,0.0,0.0,1.578170622229742e-16,1.578170622229742e-16,1.4635456839498941e-16,70.04784642969605,57.51223454573104,63.435165840787946,4024.0202652482703,4.547473508864641e-13,3,2
10.0,1.3,10.0,19,0.9500000000000001,same-theta Brent root,43.48803948524248,60.692303811753774,60.69230381175379,1.2722218725854067e-14,6.3611093629270335e-15,3.087535207220208e-16,3.087535207220208e-16,4.04435357200995e-17,76.03901543134394,63.50340354737893,69.4526489223168,4823.670442326592,-9.094947017729282e-13,3,2
10.0,1.3,10.0,20,1.0,detachment endpoint,45.358977189497864,68.58534705572727,68.58534697142925,8.429801922178917e-08,6.3611093629270335e-15,1.4948653736223656e-16,1.4948653736223656e-16,7.50431215335241e-18,86.66911225087414,74.13350036690913,80.1197281138416,6419.1708330359015,9.094947017729282e-13,2,1
10.0,1.4,2.0,0,0.0,CJ endpoint,3.9147921311411835,12.27727966402808,12.27727966402808,0.0,0.0,0.0,5.749611513521039e-09,1.31277142435035e-16,4.521701453968776,1.7763568394002505e-15,-2.6645352591003757e-15,5.329070518200751e-15,5.329070518200744e-15,1,1
10.0,1.4,2.0,1,0.05,same-theta Brent root,5.900872566285364,12.949660202977356,12.949660202979276,1.9194647502632324e-12,3.368207407669864e-12,4.827412899379792e-13,4.827412899379792e-13,9.068587055603e-14,5.021852006748193,0.5001505527794192,1.54953893694654,2.401070917103713,-9.700240610754918e-12,3,2
10.0,1.4,2.0,2,0.1,same-theta Brent root,7.886953001429544,14.32931018434839,14.329310184349332,9.414441857132009e-13,1.1863468961858917e-12,1.8551033326480452e-13,1.8551033326480452e-13,3.9081935640752574e-14,6.125362123918797,1.603660669950023,3.0770673777367232,9.468343647124133,-7.421618875014246e-12,3,2
10.0,1.4,2.0,3,0.15000000000000002,same-theta Brent root,9.873033436573724,16.03852736753927,16.038527367537792,1.4757773721990718e-12,1.6109509461612713e-12,2.631664830740983e-13,2.631664830740983e-13,5.332280704296822e-14,7.633266857007082,3.111565403038308,4.802423208566136,23.06326867419205,1.738698074404965e-11,3,2
10.0,1.4,2.0,4,0.2,same-theta Brent root,11.859113871717902,17.945373112362027,17.945373112360915,1.113194138512231e-12,1.1179649705344261e-12,1.850990825727784e-13,1.850990825727784e-13,3.526514331822373e-14,9.493183289824636,4.971481835855862,6.789382652317515,46.09571679960885,1.8829382497642655e-11,3,2
10.0,1.4,2.0,5,0.25,same-theta Brent root,13.845194306862084,19.98749560131218,19.98749560131207,1.0813885916975958e-13,1.0177774980683254e-13,1.6687056537995712e-14,1.6687056537995712e-14,3.0663974433536196e-15,11.683753108156857,7.162051654188083,9.060668562968267,82.09571480796393,2.4868995751603507e-12,3,2
10.0,1.4,2.0,6,0.30000000000000004,same-theta Brent root,15.831274742006265,22.130655668543874,22.130655668543728,1.4630551534732177e-13,1.335832966214677e-13,2.1215769542702453e-14,2.1215769542702453e-14,3.610579949067806e-15,14.191791418908883,9.670089964940109,11.623136598040162,135.09730437670513,4.490630090003833e-12,3,2
10.0,1.4,2.0,7,0.35000000000000003,same-theta Brent root,17.817355177150443,24.354834213754792,24.354834213754717,7.315275767366088e-14,6.361109362927034e-14,9.893485612084604e-15,9.893485612084604e-15,1.7054734969985876e-15,17.006255708639035,12.484554254670261,14.475997094039538,209.55449186664407,2.8990143619012088e-12,3,2
10.0,1.4,2.0,8,0.4,same-theta Brent root,19.80343561229462,26.64838053950057,26.648380539500316,2.5762492919854486e-13,2.1945827302098265e-13,3.2506084610309904e-14,3.2506084610309904e-14,5.2298393838415324e-15,20.116476486700215,15.594775032731441,17.61428545374139,310.26305204589875,1.3130829756846651e-11,3,2
10.0,1.4,2.0,9,0.45,same-theta Brent root,21.789516047438802,29.005195249841,29.00519524984069,3.1169435878342465e-13,3.021526947390341e-13,4.238974349421821e-14,4.238974349421821e-14,6.949927819411378e-15,23.51172683354349,18.990025379574718,21.030657078221992,442.2885371417914,2.262368070660159e-11,3,2
10.0,1.4,2.0,10,0.5,same-theta Brent root,23.775596482582984,31.423326979400965,31.42332697940082,1.4630551534732177e-13,1.2404163257707715e-13,1.600663641637989e-14,1.600663641637989e-14,2.6579290880138833e-15,27.18132225939672,22.659620805427945,24.716535989876945,610.907151338894,1.1709744285326451e-11,3,2
10.0,1.4,2.0,11,0.55,same-theta Brent root,25.761676917727165,33.904375929264376,33.904375929264276,1.0177774980683254e-13,5.724998426634331e-14,7.374377749194985e-15,7.374377749194985e-15,1.2491116088400814e-15,31.115032158030857,26.593330704062083,28.663061135795342,821.571073674348,6.59383658785373e-12,3,2
10.0,1.4,2.0,12,0.6000000000000001,same-theta Brent root,27.747757352871346,36.45348790434786,36.45348790434781,4.4527765540489235e-14,3.180554681463517e-14,3.682152136675459e-15,3.682152136675459e-15,6.935919394695734e-16,35.30380227696643,30.782100822997656,32.86209920884254,1079.9175644118136,4.320099833421409e-12,3,2
10.0,1.4,2.0,13,0.65,same-theta Brent root,29.73383778801552,39.079942128697716,39.07994212869762,1.0177774980683254e-13,6.997220299219736e-14,7.380066542563324e-15,7.380066542563324e-15,1.3508181879472418e-15,39.740932129136326,35.21923067516755,37.30758800405266,1391.8561226801446,1.0459189070388675e-11,3,2
10.0,1.4,2.0,14,0.7000000000000001,same-theta Brent root,31.719918223159706,41.79855946233928,41.79855946233924,3.81666561775622e-14,2.5444437451708134e-14,2.6486050643770716e-15,2.6486050643770716e-15,5.235611663931353e-16,44.424054852988824,39.90235339902005,41.9976154526323,1763.7997037071843,4.774847184307873e-12,3,2
10.0,1.4,2.0,15,0.75,same-theta Brent root,33.70599865830388,44.63255392874207,44.632553928742034,3.81666561775622e-14,2.5444437451708134e-14,2.257796059729963e-15,2.257796059729963e-15,2.6785318015472035e-16,49.3587032073202,44.83700175335142,46.938047512005795,2203.1803042393167,3.183231456205249e-12,3,2
10.0,1.4,2.0,16,0.8,same-theta Brent root,35.692079093448065,47.619420160679965,47.61942016068,3.180554681463517e-14,1.2722218725854067e-14,8.559801748035791e-16,8.559801748035791e-16,9.994402233285639e-17,54.56538304403386,50.043681590065084,52.149642472590386,2719.5852100190054,2.2737367544323206e-12,3,2
10.0,1.4,2.0,17,0.8500000000000001,same-theta Brent root,37.67815952859224,50.82440428121693,50.82440428121684,8.269442171805144e-14,1.2722218725854067e-14,1.0142281192471678e-15,1.0142281192471678e-15,1.7705078513498418e-16,60.09561594843838,55.573914494469605,57.68412376786829,3327.4581348667507,3.183231456205249e-12,3,2
10.0,1.4,2.0,18,0.9,same-theta Brent root,39.66423996373642,54.377725089296774,54.37772508929678,6.3611093629270335e-15,0.0,1.6711539279470757e-16,1.6711539279470757e-16,8.886337125702504e-17,66.07647696074773,61.55477550677895,63.6687483528309,4053.7095168161077,0.0,3,2
10.0,1.4,2.0,19,0.9500000000000001,same-theta Brent root,41.6503203988806,58.62170362137362,58.62170362137359,2.5444437451708134e-14,0.0,1.6531385088193734e-16,1.6531385088193734e-16,3.96180685168403e-17,72.88858085217142,68.36687939820264,70.48436062216985,4968.045092316088,9.094947017729282e-13,3,2
10.0,1.4,2.0,20,1.0,detachment endpoint,43.636400834024776,67.23611269731242,67.23611220981218,4.875002566900067e-07,1.2722218725854067e-14,4.884756147965152e-16,4.884756147965152e-16,6.44250020742251e-17,85.02817139379533,80.50646993982656,82.6287689641658,6827.5134605334915,1.8189894035458565e-12,2,1
10.0,1.4,5.0,0,0.0,CJ endpoint,6.147346452367506,17.19841528389148,17.19841528389148,0.0,0.0,0.0,1.4010832519195925e-16,7.693935511923419e-17,8.742762534440423,-3.552713678800501e-15,1.7763568394002505e-15,-2.842170943040401e-14,-2.842170943040401e-14,1,1
10.0,1.4,5.0,1,0.05,same-theta Brent root,7.962266342987281,17.653798649890195,17.653798649893133,2.9388325256722896e-12,6.572616249244358e-12,6.913306702734719e-13,6.913306702734719e-13,9.61039147781307e-14,9.196951989960695,0.4541894555202681,2.031060875579339,4.125208280275842,-3.326849906670759e-11,3,2
10.0,1.4,5.0,2,0.1,same-theta Brent root,9.777186233607058,18.69776370380128,18.69776370380184,5.597776239375789e-13,8.221733851583191e-13,9.350754735716978e-14,9.350754735716978e-14,1.7186114202533048e-14,10.27689846190727,1.5341359274668438,3.9485040446852935,15.590684190887657,-8.464340339742193e-12,3,2
10.0,1.4,5.0,3,0.15000000000000002,same-theta Brent root,11.592106124226834,20.074868744786645,20.074868744786794,1.4948607002878528e-13,1.8447217152488398e-13,2.1929610007527944e-14,2.1929610007527944e-14,4.230954315894547e-15,11.781901998260485,3.0391394638200584,5.954764946592556,35.45922556916443,-3.0198066269804258e-12,3,2
10.0,1.4,5.0,4,0.2,same-theta Brent root,13.40702601484661,21.66717338585764,21.667173385858085,4.420971007234288e-13,4.818540342417228e-13,5.923109421812633e-14,5.923109421812633e-14,1.148713896980257e-14,13.631924833532253,4.889162299091826,8.129542976001556,66.0894689986448,-1.1425527191022411e-11,3,2
10.0,1.4,5.0,5,0.25,same-theta Brent root,15.221945905466384,23.411938231798718,23.411938231798352,3.6576378836830444e-13,3.6894434304976796e-13,4.576052212458512e-14,4.576052212458512e-14,8.760306897082706e-15,15.787836571201835,7.045074036761408,10.508123509105083,110.420659682619,1.2079226507921703e-11,3,2
10.0,1.4,5.0,6,0.30000000000000004,same-theta Brent root,17.03686579608616,25.27271654975099,25.272716549751102,1.1131941385122308e-13,1.0495830448829606e-13,1.2797979015099229e-14,1.2797979015099229e-14,2.5064214993185606e-15,18.226692244271028,9.483929709830601,13.106330270014098,171.77589314668347,-4.348521542851813e-12,3,2
10.0,1.4,5.0,7,0.35000000000000003,same-theta Brent root,18.851785686705938,27.227348881992725,27.227348881992686,3.81666561775622e-14,3.498610149609868e-14,4.193442338877543e-15,4.193442338877543e-15,7.12197120813761e-16,20.932676328505696,12.18991379406527,15.930261568790169,253.77323365007516,2.1600499167107046e-12,3,2
10.0,1.4,5.0,8,0.4,same-theta Brent root,20.666705577325715,29.262336463406637,29.26233646340665,1.2722218725854067e-14,6.3611093629270335e-15,7.188260011459927e-16,7.188260011459927e-16,3.656714854962208e-17,23.89343254366135,15.150670009220924,18.980742170204543,360.2685733317806,-4.547473508864641e-13,3,2
10.0,1.4,5.0,9,0.45,same-theta Brent root,22.481625467945488,31.369994867304925,31.36999486730494,1.2722218725854067e-14,9.54166404439055e-15,1.0252055383984435e-15,1.0252055383984435e-15,2.327099812095576e-16,27.0985384914546,18.355775957014174,22.25567706753154,495.3151617342487,-5.684341886080801e-13,3,2
10.0,1.4,5.0,10,0.5,same-theta Brent root,24.296545358565265,33.54699475663177,33.54699475663184,6.997220299219736e-14,6.3611093629270335e-15,4.3632533683347405e-16,4.3632533683347405e-16,5.381671302783319e-17,30.53897085440802,21.796208319967594,25.75151865965906,663.1407132787687,0.0,3,2
10.0,1.4,5.0,11,0.55,same-theta Brent root,26.11146524918504,35.79371268474579,35.79371268474575,4.4527765540489235e-14,3.81666561775622e-14,3.782849559459068e-15,3.782849559459068e-15,6.321302811886085e-16,34.207136103366516,25.46437356892609,29.46439663717875,868.1506691929947,4.092726157978177e-12,3,2
10.0,1.4,5.0,12,0.6000000000000001,same-theta Brent root,27.926385139804818,38.114173720083784,38.1141737200837,8.269442171805144e-14,6.361109362927034e-14,6.307212324319492e-15,6.307212324319492e-15,1.1486699514863317e-15,38.097352313440744,29.354589779000317,33.39123479860207,1114.9745613753823,8.412825991399586e-12,3,2
10.0,1.4,5.0,13,0.65,same-theta Brent root,29.74130503042459,40.51658180878817,40.51658180878807,1.0177774980683254e-13,7.63333123551244e-14,7.318415763299793e-15,7.318415763299793e-15,1.3021080270237072e-15,42.20686246432424,33.464099929883815,37.53114744694159,1408.587028684082,1.1823431123048067e-11,3,2
10.0,1.4,5.0,14,0.7000000000000001,same-theta Brent root,31.55622492104437,43.014652527781514,43.01465252778154,2.5444437451708134e-14,1.90833280887811e-14,1.5436845846152601e-15,1.5436845846152601e-15,4.838477199645813e-16,46.537687957518706,37.79492542307828,41.88753334765016,1754.5654499505017,-2.7284841053187847e-12,3,2
10.0,1.4,5.0,15,0.75,same-theta Brent root,33.371144811664145,45.630347374568814,45.63034737456877,4.4527765540489235e-14,3.180554681463517e-14,2.643079787535554e-15,2.643079787535554e-15,5.704269235815724e-16,51.100074940944225,42.357312406503794,46.47167949630679,2159.6169952074674,6.366462912410498e-12,3,2
10.0,1.4,5.0,16,0.8,same-theta Brent root,35.18606470228392,48.399545744386415,48.39954574438636,5.088887490341627e-14,2.5444437451708134e-14,2.036696104157385e-15,2.036696104157385e-15,4.1508209701377937e-16,55.91941116609587,47.17664863165544,51.3097878769486,2632.694331977467,5.4569682106375694e-12,3,2
10.0,1.4,5.0,17,0.8500000000000001,same-theta Brent root,37.0009845929037,51.38504246572878,51.38504246572878,0.0,0.0,1.8193340603082908e-16,1.8193340603082908e-16,1.4174806961611108e-17,61.05196629668044,52.30920376224002,56.45880446389061,3187.596601491835,9.094947017729282e-13,3,2
10.0,1.4,5.0,18,0.9,same-theta Brent root,38.81590448352347,54.71246603802875,54.712466038028715,3.81666561775622e-14,1.2722218725854067e-14,7.16054406156111e-16,7.16054406156111e-16,5.032588050859688e-17,66.62857703799264,57.88581450355221,62.05020912868923,3850.228452914071,2.7284841053187847e-12,3,2
10.0,1.4,5.0,19,0.9500000000000001,same-theta Brent root,40.63082437414325,58.71218977242238,58.71218977242236,1.2722218725854067e-14,0.0,0.0,0.0,2.982240941354836e-18,73.0288755756449,64.28611304120447,68.46451258990328,4687.389484173027,2.7284841053187847e-12,3,2
10.0,1.4,5.0,20,1.0,detachment endpoint,42.44574426476303,66.93013012796027,66.93013002482014,1.0314012132130935e-07,6.3611093629270335e-15,1.722714172194368e-16,1.722714172194368e-16,7.077343623929772e-17,84.645094746618,75.90233221217757,80.10042676750699,6416.07836833675,0.0,2,1
10.0,1.4,10.0,0,0.0,CJ endpoint,8.582788355660462,23.303757385610385,23.303757385610385,0.0,0.0,1.3543760309106897e-16,7.3585062727407e-09,5.312411469619821e-17,15.650389541134771,0.0,3.552713678800501e-15,2.842170943040401e-14,2.8421709430403995e-14,1,1
10.0,1.4,10.0,1,0.05,same-theta Brent root,10.17622853300979,23.593655043802894,23.593655043801963,9.319025216688103e-13,2.763902018191796e-12,2.1381633201402428e-13,2.1381633201402428e-13,2.2609822654253058e-14,16.0198102680718,0.36942072693702954,2.4278478914192014,5.8944453838904565,2.1794122062601673e-11,3,2
10.0,1.4,10.0,2,0.1,same-theta Brent root,11.769668710359118,24.31627214027397,24.31627214027365,3.212360228278152e-13,5.804512293670918e-13,4.768124316262024e-14,4.768124316262024e-14,7.609331117513592e-15,16.955715402853752,1.3053258617189805,4.695671250418204,22.049328492013046,8.984812893686467e-12,3,2
10.0,1.4,10.0,3,0.15000000000000002,same-theta Brent root,13.36310888770845,25.328993847294356,25.32899384729433,2.5444437451708134e-14,3.657637883683044e-14,3.1815540523423882e-15,3.1815540523423882e-15,5.898235731029303e-16,18.302593849830743,2.6522043086959712,6.955052304842319,48.372752563093314,8.668621376273222e-13,3,2
10.0,1.4,10.0,4,0.2,same-theta Brent root,14.956549065057779,26.5496136334684,26.549613633468432,3.180554681463517e-14,3.81666561775622e-14,3.464224513767485e-15,3.464224513767485e-15,6.780950257741215e-16,19.97844947963482,4.328059938500047,9.283931298696572,86.19138035891655,-1.2789769243681803e-12,3,2
10.0,1.4,10.0,5,0.25,same-theta Brent root,16.549989242407108,27.92770925100792,27.92770925100807,1.526666247102488e-13,1.6856939811756638e-13,1.5003866919061486e-14,1.5003866919061486e-14,3.042957633830733e-15,21.93584332497467,6.285453783839898,11.724978165667679,137.47511298537677,-7.048583938740194e-12,3,2
10.0,1.4,10.0,6,0.30000000000000004,same-theta Brent root,18.143429419756437,29.4310292307748,29.431029230775003,2.0355549961366507e-13,2.067360542951286e-13,1.8695829906759044e-14,1.8695829906759044e-14,3.825238927906113e-15,24.144988014074194,8.494598472939423,14.302419584763676,204.5592059786207,-1.0857093002414331e-11,3,2
10.0,1.4,10.0,7,0.35000000000000003,same-theta Brent root,19.736869597105763,31.038509975427107,31.038509975427164,5.724998426634331e-14,5.088887490341627e-14,4.719419095413529e-15,4.719419095413529e-15,9.526496783050095e-16,26.585788242910525,10.935398701775753,17.030192720820537,290.0274641082856,-3.240074875066057e-12,3,2
10.0,1.4,10.0,8,0.4,same-theta Brent root,21.330309774455095,32.73648832971608,32.736488329716046,3.180554681463517e-14,3.180554681463517e-14,2.7872317019191383e-15,2.7872317019191383e-15,6.009912580731904e-16,29.243881182336075,13.593491641201304,19.91627179752111,396.6578823127375,2.8421709430404007e-12,3,2
10.0,1.4,10.0,9,0.45,same-theta Brent root,22.923749951804425,34.51658691213854,34.516586912138536,6.3611093629270335e-15,6.3611093629270335e-15,6.623498680577765e-16,6.623498680577765e-16,1.9933782740181297e-16,32.10863232598325,16.45824278484848,22.965192086715174,527.4000475797257,4.547473508864641e-13,3,2
10.0,1.4,10.0,10,0.5,same-theta Brent root,24.51719012915375,36.374560511996194,36.374560511996194,0.0,3.1805546814635168e-15,3.7975278509084705e-16,3.7975278509084705e-16,1.166324881425988e-16,35.17218870370597,19.5217991625712,26.179706562952415,685.377035722294,2.2737367544323206e-13,3,2
10.0,1.4,10.0,11,0.55,same-theta Brent root,26.110630306503083,38.30977145093216,38.30977145093212,4.4527765540489235e-14,3.498610149609868e-14,2.916606056751255e-15,2.916606056751255e-15,5.864879091887557e-16,38.429195607121976,22.778806065987204,29.562065480442172,873.915715469955,4.320099833421409e-12,3,2
10.0,1.4,10.0,12,0.6000000000000001,same-theta Brent root,27.704070483852412,40.325169147985136,40.325169147985136,6.3611093629270335e-15,6.3611093629270335e-15,5.857410686681353e-16,5.857410686681353e-16,2.5165918282895323e-17,41.8770436201544,26.22665407901963,33.115237490430346,1096.6189540476025,-9.094947017729282e-13,3,2
10.0,1.4,10.0,13,0.65,same-theta Brent root,29.297510661201738,42.42780384142859,42.427803841428535,5.724998426634331e-14,4.4527765540489235e-14,3.626732693449546e-15,3.626732693449546e-15,8.517792398406611e-16,45.51670025735077,29.866310716216,36.844369579380725,1357.5075697020038,7.958078640513122e-12,3,2
10.0,1.4,10.0,14,0.7000000000000001,same-theta Brent root,30.89095083855107,44.6300931939919,44.63009319399189,6.3611093629270335e-15,1.2722218725854067e-14,8.799189312668397e-16,8.799189312668397e-16,2.1229736126083081e-16,49.35440877062151,33.70401922948674,40.75890558413468,1661.2883844164062,9.094947017729282e-13,3,2
10.0,1.4,10.0,15,0.75,same-theta Brent root,32.48439101590039,46.95241782937062,46.95241782937061,6.3611093629270335e-15,0.0,2.1406043054964677e-16,2.1406043054964677e-16,1.1416283860211794e-16,53.40497465734134,37.75458511620657,44.87616614442036,2013.8702878216213,1.1368683772161603e-12,3,2
10.0,1.4,10.0,16,0.8,same-theta Brent root,34.07783119324973,49.428508105848394,49.42850810584848,8.269442171805144e-14,0.0,2.0877097329229335e-16,2.0877097329229335e-16,1.8702332410895562e-16,57.69845834071159,42.04806879957682,49.22826459723191,2423.4220352550774,4.547473508864641e-13,3,2
10.0,1.4,10.0,17,0.8500000000000001,same-theta Brent root,35.67127137059905,52.11778936057093,52.11778936057093,6.3611093629270335e-15,1.2722218725854067e-14,6.119333014379809e-16,6.119333014379809e-16,2.1224201234363247e-16,62.295466548950735,46.645077007815964,53.87760566781432,2902.7963924965,2.2737367544323206e-12,3,2
10.0,1.4,10.0,18,0.9,same-theta Brent root,37.26471154794839,55.13948301887165,55.139483018871665,1.2722218725854067e-14,1.2722218725854067e-14,5.9859417306659675e-16,5.9859417306659675e-16,1.8710159019096218e-16,67.32956590086988,51.67917635973511,58.95959980202103,3476.234408814482,3.183231456205249e-12,3,2
10.0,1.4,10.0,19,0.9500000000000001,same-theta Brent root,38.858151725297716,58.807228863493165,58.807228863493165,0.0,6.3611093629270335e-15,3.903655274579336e-16,3.903655274579336e-16,8.907311565433966e-17,73.17598202466195,57.52559248352718,64.85226330911416,4205.816056314675,0.0,3,2
10.0,1.4,10.0,20,1.0,detachment endpoint,40.45159190264704,66.48039487486086,66.48039479936098,7.549989252861243e-08,0.0,1.8877480602249513e-16,1.8877480602249513e-16,4.5872780368750274e-17,84.07488499905928,68.42449545792451,75.81826642263798,5748.409523334111,-1.8189894035458565e-12,2,1
